order_id,customer_id,order_date,region,sales_channel,payment_method,shipping_cost,order_status
1,209,2025-10-06,South,Retail Store,Net Banking,986.56,Shipped
2,382,2025-12-08,East,Mobile App,Net Banking,442.83,Delivered
3,487,2026-04-30,South,Website,Debit Card,1120.98,Delivered
4,24,2024-07-18,East,Retail Store,Debit Card,974.91,Shipped
5,146,2025-09-16,West,Mobile App,UPI,317.33,Delivered
6,77,2025-12-21,East,Website,Debit Card,221.75,Shipped
7,321,2024-12-26,East,Retail Store,Credit Card,277.73,Delivered
8,404,2026-02-23,South,Mobile App,Credit Card,839.62,Returned
9,406,2025-04-03,East,Mobile App,Credit Card,729.61,Delivered
10,47,2025-01-13,North,Retail Store,UPI,885.56,Delivered
11,171,2025-04-17,North,Website,UPI,646.89,Shipped
12,60,2025-07-11,North,Retail Store,Cash on Delivery,719.87,Delivered
13,137,2025-12-07,South,Mobile App,Net Banking,1327.23,Shipped
14,160,2025-12-09,North,Retail Store,Net Banking,185.15,Delivered
15,283,2024-10-19,West,Website,Cash on Delivery,786.95,Delivered
16,479,2025-10-25,East,Website,UPI,1102.77,Cancelled
17,197,2025-01-18,West,Website,UPI,1129.82,Returned
18,270,2025-09-03,North,Retail Store,Debit Card,644.47,Returned
19,437,2025-04-25,West,Mobile App,Net Banking,1314.96,Delivered
20,24,2025-04-21,North,Mobile App,UPI,593.52,Delivered
21,313,2025-06-19,South,Mobile App,Cash on Delivery,257.52,Shipped
22,227,2025-05-12,East,Retail Store,Net Banking,1050.95,Shipped
23,152,2026-05-10,East,Website,Net Banking,448.0,Cancelled
24,398,2025-01-14,East,Website,Debit Card,950.29,Returned
25,297,2025-06-01,South,Website,UPI,523.74,Shipped
26,132,2025-09-29,East,Retail Store,UPI,1216.14,Shipped
27,496,2025-12-15,East,Website,Net Banking,70.18,Cancelled
28,300,2025-06-18,East,Website,Debit Card,733.64,Cancelled
29,60,2024-08-31,South,Retail Store,Debit Card,613.54,Delivered
30,228,2025-01-20,East,Website,UPI,839.48,Returned
31,498,2024-06-14,North,Mobile App,Debit Card,1483.79,Cancelled
32,169,2024-10-22,North,Mobile App,Debit Card,1481.91,Cancelled
33,166,2024-06-09,South,Mobile App,Credit Card,233.8,Shipped
34,330,2024-06-24,North,Mobile App,Net Banking,668.1,Delivered
35,306,2025-11-18,East,Mobile App,Cash on Delivery,927.87,Delivered
36,232,2025-01-12,West,Mobile App,Net Banking,628.16,Returned
37,341,2025-02-09,East,Website,Net Banking,147.34,Delivered
38,416,2024-10-04,North,Retail Store,Cash on Delivery,864.44,Returned
39,445,2024-07-15,East,Retail Store,UPI,559.89,Cancelled
40,476,2026-03-28,East,Website,Debit Card,446.24,Delivered
41,47,2025-11-18,South,Mobile App,Net Banking,707.79,Delivered
42,140,2025-08-20,West,Mobile App,Cash on Delivery,690.96,Delivered
43,146,2026-04-18,West,Retail Store,UPI,115.86,Shipped
44,195,2025-11-20,South,Retail Store,Cash on Delivery,1258.36,Delivered
45,10,2025-09-06,North,Mobile App,Cash on Delivery,672.46,Shipped
46,224,2026-01-17,West,Retail Store,Credit Card,623.86,Delivered
47,180,2026-03-15,South,Website,Credit Card,262.34,Delivered
48,387,2025-12-22,West,Retail Store,Cash on Delivery,982.34,Cancelled
49,408,2025-03-01,North,Mobile App,Cash on Delivery,157.58,Shipped
50,466,2025-12-30,South,Mobile App,Cash on Delivery,739.66,Delivered
51,366,2024-08-18,South,Website,Debit Card,1076.05,Shipped
52,348,2025-06-23,East,Mobile App,Cash on Delivery,1316.26,Delivered
53,159,2026-03-26,West,Website,Cash on Delivery,1077.81,Delivered
54,186,2025-04-05,South,Website,UPI,1424.12,Shipped
55,260,2025-11-27,North,Retail Store,UPI,1320.77,Cancelled
56,415,2024-11-09,West,Website,Net Banking,578.23,Returned
57,123,2025-04-05,West,Website,UPI,1033.54,Cancelled
58,27,2026-03-11,West,Mobile App,Cash on Delivery,1404.73,Returned
59,477,2024-06-20,West,Website,Net Banking,777.91,Delivered
60,357,2024-10-13,West,Mobile App,Cash on Delivery,57.61,Delivered
61,281,2026-02-06,West,Website,UPI,394.58,Delivered
62,235,2024-07-27,North,Mobile App,Cash on Delivery,827.28,Returned
63,489,2025-11-13,North,Mobile App,Net Banking,113.12,Shipped
64,377,2025-04-29,South,Website,UPI,841.72,Returned
65,33,2025-09-04,North,Mobile App,Debit Card,113.52,Delivered
66,204,2025-12-01,West,Mobile App,Credit Card,1142.27,Delivered
67,456,2025-07-07,West,Mobile App,UPI,1461.9,Shipped
68,151,2025-04-17,North,Website,UPI,1008.33,Delivered
69,328,2024-07-21,North,Retail Store,Net Banking,576.8,Returned
70,121,2026-03-15,East,Mobile App,Net Banking,1426.73,Delivered
71,14,2024-11-30,West,Retail Store,Net Banking,1374.64,Delivered
72,70,2024-08-07,West,Website,Net Banking,1496.03,Returned
73,407,2025-05-29,South,Website,Debit Card,1198.5,Delivered
74,368,2025-09-26,West,Mobile App,Cash on Delivery,156.94,Delivered
75,177,2024-10-02,South,Website,Net Banking,779.15,Delivered
76,85,2024-11-05,East,Retail Store,Debit Card,551.73,Cancelled
77,274,2024-08-27,South,Retail Store,Cash on Delivery,273.58,Returned
78,456,2026-02-25,East,Retail Store,UPI,750.27,Returned
79,311,2024-10-18,East,Retail Store,UPI,1114.59,Delivered
80,73,2024-08-31,North,Mobile App,Net Banking,1303.04,Shipped
81,391,2024-11-03,West,Retail Store,Net Banking,773.2,Delivered
82,254,2026-01-25,West,Mobile App,Cash on Delivery,61.86,Delivered
83,284,2025-03-15,North,Mobile App,Cash on Delivery,703.01,Cancelled
84,286,2025-06-02,South,Website,Cash on Delivery,788.23,Cancelled
85,366,2025-04-30,West,Retail Store,Net Banking,265.96,Cancelled
86,379,2025-03-26,East,Retail Store,Cash on Delivery,821.89,Returned
87,299,2025-09-27,South,Retail Store,Cash on Delivery,1173.18,Shipped
88,10,2025-08-18,East,Mobile App,Debit Card,648.79,Delivered
89,270,2025-06-13,East,Website,Net Banking,1372.58,Delivered
90,361,2024-12-22,West,Mobile App,Net Banking,555.76,Returned
91,148,2024-08-12,East,Mobile App,UPI,1133.64,Delivered
92,56,2026-02-13,South,Website,Credit Card,1021.26,Cancelled
93,368,2025-09-19,North,Retail Store,Debit Card,57.51,Cancelled
94,165,2025-03-12,North,Website,Cash on Delivery,386.72,Returned
95,452,2024-11-20,North,Mobile App,Net Banking,320.15,Returned
96,329,2025-12-01,West,Website,Cash on Delivery,728.63,Delivered
97,332,2025-02-11,South,Website,UPI,1196.61,Cancelled
98,206,2026-04-09,North,Website,Debit Card,742.31,Delivered
99,229,2025-02-21,East,Mobile App,Cash on Delivery,1098.18,Delivered
100,208,2026-04-26,East,Retail Store,Credit Card,976.13,Delivered
101,360,2025-12-07,West,Retail Store,Debit Card,1154.7,Returned
102,227,2024-09-20,South,Retail Store,Cash on Delivery,758.8,Cancelled
103,131,2024-05-27,South,Retail Store,Credit Card,115.67,Delivered
104,479,2025-09-19,North,Mobile App,Net Banking,310.97,Delivered
105,276,2025-06-30,South,Retail Store,Debit Card,1260.49,Delivered
106,178,2024-10-29,East,Website,Credit Card,96.72,Returned
107,307,2026-04-12,North,Website,Credit Card,633.28,Delivered
108,339,2025-11-08,South,Mobile App,UPI,448.97,Cancelled
109,154,2025-06-13,South,Retail Store,Net Banking,399.4,Delivered
110,125,2025-02-09,South,Mobile App,Credit Card,1387.23,Delivered
111,138,2025-06-14,North,Website,Debit Card,1216.74,Cancelled
112,469,2025-01-24,East,Mobile App,Net Banking,726.06,Returned
113,190,2025-04-09,West,Website,Cash on Delivery,1302.92,Returned
114,169,2025-01-14,West,Retail Store,Debit Card,773.99,Returned
115,72,2025-12-04,West,Website,Cash on Delivery,1485.97,Delivered
116,234,2025-06-10,North,Retail Store,Cash on Delivery,1373.49,Returned
117,258,2026-05-08,West,Website,Credit Card,1381.17,Cancelled
118,41,2025-06-10,West,Mobile App,Cash on Delivery,402.65,Returned
119,195,2025-06-14,West,Website,Credit Card,1069.13,Delivered
120,244,2025-02-25,North,Website,UPI,1354.0,Cancelled
121,493,2024-12-22,South,Retail Store,Net Banking,1396.87,Delivered
122,387,2024-10-14,North,Retail Store,UPI,127.86,Shipped
123,16,2026-03-04,East,Mobile App,Net Banking,380.8,Cancelled
124,195,2026-05-22,South,Retail Store,Net Banking,509.18,Delivered
125,185,2025-02-24,North,Website,Credit Card,321.72,Shipped
126,399,2024-08-18,South,Retail Store,Cash on Delivery,295.9,Shipped
127,33,2024-11-11,West,Mobile App,Net Banking,484.64,Delivered
128,156,2024-05-30,West,Mobile App,Cash on Delivery,600.84,Delivered
129,494,2025-07-05,East,Mobile App,Net Banking,1453.26,Delivered
130,280,2024-11-24,North,Retail Store,Net Banking,1417.31,Delivered
131,367,2025-07-31,West,Website,Net Banking,1486.52,Shipped
132,23,2025-12-21,West,Mobile App,Net Banking,203.62,Delivered
133,354,2025-10-18,South,Mobile App,Credit Card,750.02,Delivered
134,244,2024-08-31,West,Retail Store,Net Banking,512.42,Delivered
135,435,2025-05-10,North,Retail Store,Debit Card,1398.39,Returned
136,119,2025-07-12,South,Website,Net Banking,623.59,Returned
137,167,2024-12-11,West,Website,UPI,1022.52,Shipped
138,161,2024-09-21,South,Mobile App,Credit Card,315.41,Returned
139,197,2025-07-31,South,Mobile App,Cash on Delivery,1055.48,Returned
140,162,2025-08-28,North,Mobile App,Credit Card,752.68,Delivered
141,16,2025-01-04,East,Website,UPI,376.02,Delivered
142,59,2025-02-22,East,Retail Store,Credit Card,1152.01,Shipped
143,108,2026-01-16,East,Retail Store,Cash on Delivery,967.52,Delivered
144,294,2025-02-21,North,Website,Net Banking,1382.21,Delivered
145,425,2025-02-01,West,Mobile App,Debit Card,887.27,Delivered
146,2,2024-08-27,West,Retail Store,UPI,1282.65,Cancelled
147,458,2026-04-22,North,Website,Credit Card,957.96,Shipped
148,234,2024-05-24,West,Website,Debit Card,1329.11,Delivered
149,43,2025-06-08,South,Website,Net Banking,957.13,Returned
150,245,2024-08-11,South,Retail Store,Debit Card,803.19,Shipped
151,441,2025-07-30,South,Mobile App,Credit Card,381.97,Delivered
152,452,2025-03-26,South,Mobile App,Debit Card,980.29,Returned
153,180,2024-12-28,South,Mobile App,Cash on Delivery,1045.52,Delivered
154,386,2024-09-27,West,Mobile App,Net Banking,506.03,Delivered
155,435,2026-03-29,East,Website,Cash on Delivery,930.04,Delivered
156,456,2024-06-05,East,Mobile App,Debit Card,610.92,Cancelled
157,21,2024-07-24,West,Retail Store,UPI,961.43,Cancelled
158,275,2025-04-23,West,Retail Store,Credit Card,499.75,Shipped
159,314,2026-02-06,North,Mobile App,Debit Card,223.19,Returned
160,265,2025-02-13,South,Mobile App,Debit Card,1137.18,Delivered
161,414,2025-08-06,East,Retail Store,Credit Card,431.28,Cancelled
162,185,2024-07-19,West,Retail Store,Debit Card,583.15,Delivered
163,380,2025-10-27,North,Website,Credit Card,404.6,Shipped
164,214,2025-04-16,East,Website,Cash on Delivery,590.57,Cancelled
165,24,2025-07-08,North,Mobile App,UPI,1171.61,Delivered
166,125,2025-09-11,East,Retail Store,Net Banking,1496.79,Delivered
167,54,2024-12-20,South,Mobile App,Net Banking,1443.72,Delivered
168,298,2024-08-29,South,Retail Store,Net Banking,158.5,Cancelled
169,150,2025-02-15,East,Mobile App,UPI,511.18,Delivered
170,55,2024-11-08,West,Mobile App,UPI,639.44,Cancelled
171,414,2026-04-26,East,Retail Store,Cash on Delivery,108.48,Delivered
172,26,2026-04-17,East,Mobile App,Debit Card,95.07,Shipped
173,67,2024-12-12,West,Mobile App,Credit Card,894.37,Delivered
174,463,2026-03-16,West,Website,Credit Card,1362.36,Delivered
175,87,2026-01-01,West,Retail Store,Net Banking,769.38,Shipped
176,256,2025-07-19,West,Website,Credit Card,455.68,Delivered
177,468,2025-12-24,East,Mobile App,UPI,310.73,Delivered
178,337,2025-01-25,East,Retail Store,Credit Card,1157.87,Delivered
179,486,2024-12-02,West,Retail Store,UPI,304.56,Delivered
180,113,2024-06-13,West,Website,UPI,1380.95,Delivered
181,76,2026-01-14,South,Website,Cash on Delivery,1297.97,Delivered
182,375,2025-08-14,West,Retail Store,UPI,302.59,Cancelled
183,17,2024-11-26,East,Retail Store,Debit Card,977.49,Delivered
184,136,2024-12-24,South,Retail Store,Credit Card,558.2,Delivered
185,376,2025-07-27,South,Mobile App,Net Banking,1328.57,Delivered
186,38,2025-05-09,South,Mobile App,Debit Card,1111.38,Cancelled
187,221,2026-03-24,South,Retail Store,Net Banking,277.8,Delivered
188,202,2025-12-30,West,Website,Credit Card,573.2,Shipped
189,50,2024-06-19,South,Website,UPI,1466.73,Shipped
190,251,2026-03-31,East,Website,Cash on Delivery,611.91,Delivered
191,386,2026-05-07,North,Website,UPI,1221.86,Shipped
192,258,2025-12-29,South,Website,Net Banking,300.67,Delivered
193,350,2025-08-12,South,Retail Store,Debit Card,1259.46,Delivered
194,167,2025-03-02,West,Website,Cash on Delivery,901.99,Shipped
195,291,2026-01-16,North,Website,Cash on Delivery,1180.34,Delivered
196,203,2025-04-28,South,Website,Net Banking,1385.21,Delivered
197,144,2025-10-09,North,Website,Debit Card,485.7,Returned
198,389,2025-11-03,East,Website,Cash on Delivery,1197.66,Delivered
199,429,2024-07-22,South,Website,Net Banking,123.31,Delivered
200,349,2024-06-24,South,Mobile App,Net Banking,911.36,Delivered
201,400,2024-12-29,South,Retail Store,Debit Card,1032.66,Delivered
202,413,2025-04-01,East,Mobile App,Net Banking,1284.8,Shipped
203,332,2026-01-22,East,Mobile App,Credit Card,748.52,Delivered
204,392,2025-01-25,North,Retail Store,Net Banking,1007.77,Returned
205,208,2025-06-25,North,Retail Store,Cash on Delivery,1233.22,Delivered
206,431,2026-03-28,South,Mobile App,Credit Card,732.63,Returned
207,382,2025-04-03,West,Mobile App,UPI,427.81,Delivered
208,28,2024-10-25,South,Website,UPI,643.33,Cancelled
209,232,2025-02-28,South,Website,Cash on Delivery,1158.5,Shipped
210,207,2025-08-06,West,Mobile App,Credit Card,104.7,Delivered
211,160,2024-10-03,North,Mobile App,Cash on Delivery,903.57,Delivered
212,486,2025-03-17,West,Retail Store,Cash on Delivery,914.74,Delivered
213,373,2024-10-05,South,Retail Store,Credit Card,905.05,Delivered
214,449,2026-03-10,East,Retail Store,Cash on Delivery,120.45,Delivered
215,354,2024-09-19,West,Mobile App,Net Banking,229.21,Delivered
216,426,2024-09-08,North,Mobile App,Credit Card,1187.9,Shipped
217,361,2025-07-17,East,Website,Credit Card,844.8,Delivered
218,464,2025-02-10,South,Mobile App,UPI,432.98,Delivered
219,437,2025-03-17,East,Retail Store,UPI,667.69,Delivered
220,437,2024-10-12,South,Mobile App,UPI,1347.07,Cancelled
221,493,2025-09-03,East,Mobile App,Net Banking,1209.85,Returned
222,467,2026-01-18,West,Retail Store,Net Banking,312.83,Shipped
223,24,2024-07-27,East,Retail Store,UPI,67.92,Returned
224,457,2026-02-10,North,Website,Debit Card,783.07,Shipped
225,330,2025-06-15,West,Website,Credit Card,715.69,Cancelled
226,286,2025-12-07,North,Website,Cash on Delivery,1446.6,Returned
227,433,2025-09-01,East,Retail Store,Cash on Delivery,919.93,Returned
228,281,2025-11-09,East,Retail Store,Credit Card,116.38,Delivered
229,111,2025-09-04,South,Retail Store,UPI,206.26,Shipped
230,235,2026-03-29,South,Mobile App,Credit Card,819.03,Delivered
231,312,2026-05-03,South,Mobile App,Net Banking,1447.21,Delivered
232,366,2025-03-17,East,Retail Store,Debit Card,1472.94,Returned
233,246,2026-01-10,West,Retail Store,Cash on Delivery,464.6,Shipped
234,196,2024-10-19,North,Retail Store,Credit Card,339.86,Delivered
235,417,2025-08-30,North,Retail Store,Cash on Delivery,1304.02,Returned
236,318,2025-08-20,South,Retail Store,UPI,1144.91,Cancelled
237,143,2025-12-14,East,Website,Debit Card,896.78,Delivered
238,21,2024-10-28,East,Retail Store,Credit Card,1171.81,Returned
239,279,2025-11-24,West,Website,UPI,370.74,Delivered
240,343,2025-05-13,West,Website,Cash on Delivery,1381.98,Delivered
241,469,2024-09-17,West,Mobile App,Cash on Delivery,1099.76,Delivered
242,274,2024-05-31,North,Website,Debit Card,1304.18,Shipped
243,383,2026-04-26,South,Website,Net Banking,1089.46,Delivered
244,407,2025-02-05,North,Retail Store,Debit Card,1370.93,Shipped
245,24,2026-05-11,North,Mobile App,Cash on Delivery,203.9,Returned
246,274,2025-01-04,South,Retail Store,Net Banking,1205.32,Cancelled
247,294,2026-01-24,West,Retail Store,Cash on Delivery,1423.12,Delivered
248,73,2024-11-04,South,Website,Cash on Delivery,1260.39,Delivered
249,237,2026-03-15,North,Mobile App,Credit Card,413.5,Delivered
250,316,2026-03-30,East,Retail Store,Cash on Delivery,270.97,Cancelled
251,142,2025-05-27,South,Retail Store,UPI,1322.93,Shipped
252,376,2026-02-24,North,Retail Store,Credit Card,1343.55,Cancelled
253,109,2024-06-30,East,Retail Store,Cash on Delivery,734.55,Delivered
254,187,2025-10-20,North,Retail Store,Debit Card,1279.57,Cancelled
255,290,2025-12-24,South,Retail Store,Net Banking,1411.8,Delivered
256,120,2024-07-06,South,Retail Store,UPI,612.74,Shipped
257,361,2025-11-08,East,Retail Store,UPI,889.02,Cancelled
258,129,2025-06-13,South,Retail Store,Net Banking,561.7,Delivered
259,330,2025-03-07,South,Website,Debit Card,278.17,Cancelled
260,416,2025-04-27,North,Mobile App,Net Banking,744.58,Cancelled
261,66,2026-01-01,South,Website,Cash on Delivery,106.83,Cancelled
262,497,2025-12-22,North,Retail Store,UPI,1423.52,Delivered
263,338,2025-10-29,East,Website,UPI,1387.41,Cancelled
264,308,2024-07-02,North,Website,Net Banking,1006.12,Cancelled
265,180,2026-01-17,North,Mobile App,Debit Card,419.05,Delivered
266,97,2024-05-29,North,Retail Store,Cash on Delivery,220.85,Delivered
267,438,2025-11-23,West,Retail Store,UPI,937.23,Returned
268,177,2026-05-16,West,Retail Store,Debit Card,1289.75,Returned
269,401,2026-05-10,South,Website,Debit Card,787.1,Delivered
270,114,2025-06-07,North,Retail Store,Credit Card,1100.52,Shipped
271,262,2025-11-03,South,Retail Store,Debit Card,1027.34,Delivered
272,181,2026-04-09,West,Mobile App,Cash on Delivery,340.45,Delivered
273,146,2025-12-17,East,Mobile App,UPI,378.13,Delivered
274,151,2025-05-07,North,Retail Store,UPI,1320.36,Cancelled
275,442,2024-06-21,West,Website,UPI,147.95,Returned
276,265,2025-11-23,North,Retail Store,UPI,409.97,Delivered
277,138,2024-11-27,South,Mobile App,Debit Card,390.55,Delivered
278,472,2024-08-12,West,Retail Store,Credit Card,1158.15,Cancelled
279,318,2025-04-11,West,Retail Store,UPI,761.67,Cancelled
280,178,2025-07-01,South,Mobile App,Credit Card,1062.45,Shipped
281,442,2025-02-13,South,Retail Store,UPI,393.85,Shipped
282,352,2025-01-13,North,Retail Store,UPI,1215.93,Cancelled
283,274,2025-04-12,West,Mobile App,UPI,865.1,Cancelled
284,31,2024-12-30,East,Mobile App,Credit Card,702.29,Delivered
285,445,2026-04-19,South,Retail Store,Cash on Delivery,992.3,Cancelled
286,456,2024-08-12,West,Retail Store,UPI,722.44,Delivered
287,41,2024-11-05,East,Website,UPI,509.47,Delivered
288,86,2024-11-28,North,Website,Debit Card,1009.93,Returned
289,53,2024-08-29,North,Mobile App,Cash on Delivery,128.05,Shipped
290,270,2024-11-14,North,Website,UPI,1297.53,Delivered
291,223,2025-11-11,East,Mobile App,Net Banking,832.52,Delivered
292,274,2024-06-01,West,Mobile App,UPI,63.24,Shipped
293,224,2025-07-02,South,Website,Net Banking,1251.22,Delivered
294,97,2024-08-02,South,Website,UPI,210.02,Shipped
295,138,2024-09-29,West,Retail Store,Credit Card,387.58,Delivered
296,216,2025-04-08,West,Mobile App,Net Banking,1060.56,Delivered
297,241,2024-11-25,South,Mobile App,Net Banking,1250.97,Delivered
298,236,2024-08-28,South,Mobile App,Net Banking,1038.09,Delivered
299,102,2025-05-28,North,Retail Store,Debit Card,1461.25,Delivered
300,402,2026-05-01,West,Retail Store,Cash on Delivery,274.74,Delivered
301,31,2025-05-23,South,Retail Store,Cash on Delivery,1197.63,Delivered
302,461,2024-07-03,West,Retail Store,Net Banking,860.59,Cancelled
303,152,2025-02-17,East,Mobile App,Credit Card,1175.08,Cancelled
304,269,2026-04-23,West,Retail Store,Debit Card,938.91,Delivered
305,99,2024-09-02,North,Retail Store,Net Banking,1003.99,Cancelled
306,286,2025-07-23,East,Retail Store,Credit Card,1244.28,Delivered
307,337,2025-02-02,South,Retail Store,Cash on Delivery,652.02,Delivered
308,463,2025-04-11,East,Mobile App,Net Banking,1158.07,Shipped
309,492,2025-07-04,North,Retail Store,Credit Card,1475.29,Cancelled
310,4,2025-03-27,South,Website,UPI,81.47,Returned
311,71,2025-02-19,East,Retail Store,Debit Card,387.84,Delivered
312,470,2025-01-01,North,Retail Store,UPI,1199.71,Delivered
313,179,2025-08-11,West,Website,Debit Card,1134.13,Cancelled
314,157,2025-11-11,North,Mobile App,Cash on Delivery,869.12,Delivered
315,43,2025-09-23,North,Retail Store,Net Banking,430.71,Shipped
316,37,2025-02-20,West,Mobile App,Cash on Delivery,179.91,Returned
317,75,2025-08-18,North,Website,Debit Card,1043.77,Delivered
318,486,2026-02-18,South,Mobile App,Credit Card,547.74,Delivered
319,248,2026-02-20,South,Retail Store,Credit Card,596.08,Returned
320,443,2024-09-11,North,Mobile App,Net Banking,385.19,Shipped
321,157,2025-04-30,West,Mobile App,Debit Card,76.64,Returned
322,456,2024-06-23,East,Website,Debit Card,545.59,Shipped
323,124,2025-12-31,South,Mobile App,UPI,1369.12,Delivered
324,466,2024-10-19,South,Mobile App,Credit Card,858.14,Returned
325,373,2024-06-23,East,Mobile App,Net Banking,489.85,Returned
326,291,2026-02-10,South,Retail Store,Debit Card,384.82,Delivered
327,252,2025-09-21,South,Website,Debit Card,378.1,Shipped
328,114,2026-04-11,South,Website,Credit Card,306.76,Shipped
329,56,2025-08-29,West,Website,Debit Card,802.12,Shipped
330,392,2026-02-28,North,Website,UPI,687.35,Delivered
331,425,2026-03-16,West,Website,Cash on Delivery,214.1,Cancelled
332,368,2024-09-27,North,Website,Net Banking,969.41,Delivered
333,394,2026-05-23,North,Mobile App,UPI,498.8,Shipped
334,235,2025-10-15,West,Retail Store,Credit Card,931.58,Shipped
335,41,2026-01-29,North,Website,Cash on Delivery,453.26,Returned
336,56,2025-07-24,South,Website,UPI,936.08,Returned
337,34,2025-03-19,West,Website,Credit Card,1057.2,Delivered
338,371,2026-04-29,East,Mobile App,Cash on Delivery,1279.31,Delivered
339,61,2024-06-17,West,Retail Store,Credit Card,1119.33,Delivered
340,59,2026-04-26,East,Mobile App,Net Banking,1100.38,Cancelled
341,170,2025-05-05,West,Mobile App,Credit Card,986.2,Shipped
342,428,2025-11-08,East,Retail Store,UPI,855.01,Delivered
343,144,2024-06-24,East,Mobile App,Cash on Delivery,1271.49,Cancelled
344,425,2025-03-29,South,Retail Store,UPI,303.77,Delivered
345,228,2025-10-24,North,Mobile App,Cash on Delivery,273.41,Delivered
346,199,2026-05-24,North,Website,UPI,1401.89,Returned
347,142,2025-11-20,East,Mobile App,Credit Card,445.35,Delivered
348,73,2026-05-15,East,Retail Store,Debit Card,298.35,Delivered
349,92,2026-05-15,West,Retail Store,UPI,503.04,Delivered
350,74,2026-02-14,East,Mobile App,Net Banking,315.86,Returned
351,58,2025-05-18,West,Mobile App,Debit Card,459.27,Delivered
352,82,2025-09-29,West,Website,UPI,351.95,Returned
353,91,2025-04-04,West,Website,Cash on Delivery,207.68,Cancelled
354,273,2025-03-18,West,Retail Store,Cash on Delivery,698.38,Delivered
355,262,2025-07-11,South,Mobile App,Credit Card,585.37,Cancelled
356,441,2025-03-08,North,Website,Net Banking,1068.22,Shipped
357,97,2025-12-13,West,Mobile App,Net Banking,273.69,Returned
358,337,2025-08-14,South,Website,Debit Card,981.25,Shipped
359,182,2025-01-10,South,Mobile App,Cash on Delivery,60.77,Shipped
360,20,2025-12-26,West,Retail Store,UPI,214.09,Shipped
361,265,2024-08-12,North,Website,Net Banking,964.46,Returned
362,28,2025-05-10,North,Mobile App,Net Banking,793.36,Shipped
363,87,2025-12-31,North,Retail Store,UPI,1222.9,Cancelled
364,65,2025-10-23,North,Mobile App,UPI,242.18,Delivered
365,190,2024-11-19,East,Retail Store,Debit Card,753.13,Cancelled
366,305,2024-10-28,West,Mobile App,Net Banking,395.02,Shipped
367,27,2024-11-11,West,Mobile App,Net Banking,486.98,Returned
368,493,2025-11-17,North,Website,Cash on Delivery,974.27,Shipped
369,173,2026-04-17,South,Mobile App,Cash on Delivery,65.34,Delivered
370,269,2024-09-07,West,Mobile App,Debit Card,1101.61,Delivered
371,327,2024-09-25,North,Website,Cash on Delivery,238.37,Returned
372,83,2024-08-07,East,Website,Net Banking,613.46,Delivered
373,331,2025-10-09,North,Website,Cash on Delivery,1164.63,Delivered
374,77,2026-03-23,North,Website,Net Banking,436.33,Returned
375,433,2024-08-03,South,Website,Net Banking,1433.53,Shipped
376,350,2025-03-30,West,Website,Credit Card,579.77,Delivered
377,332,2024-12-17,South,Retail Store,Credit Card,1452.89,Returned
378,44,2026-03-02,West,Retail Store,Debit Card,252.92,Delivered
379,200,2024-07-27,East,Mobile App,Cash on Delivery,1449.18,Shipped
380,173,2024-07-06,West,Website,Debit Card,1220.3,Returned
381,360,2026-03-19,South,Website,Debit Card,967.36,Delivered
382,33,2024-09-09,North,Mobile App,Cash on Delivery,1208.8,Delivered
383,173,2026-04-18,West,Mobile App,Credit Card,1464.99,Cancelled
384,357,2025-06-06,South,Mobile App,Debit Card,1392.23,Delivered
385,42,2024-05-30,North,Website,Credit Card,1074.77,Cancelled
386,231,2025-07-19,South,Website,Cash on Delivery,1052.93,Cancelled
387,3,2025-12-16,South,Website,Credit Card,1480.58,Delivered
388,91,2024-11-03,North,Website,UPI,463.34,Shipped
389,403,2024-06-22,West,Retail Store,Credit Card,152.75,Delivered
390,378,2025-07-20,South,Mobile App,Debit Card,156.62,Cancelled
391,369,2024-12-08,East,Mobile App,Debit Card,537.04,Delivered
392,464,2024-11-14,South,Website,Net Banking,1292.61,Shipped
393,377,2025-01-31,South,Mobile App,Net Banking,890.23,Cancelled
394,241,2025-10-22,North,Mobile App,Cash on Delivery,621.76,Returned
395,43,2025-12-16,North,Retail Store,Net Banking,1427.4,Delivered
396,440,2025-12-29,North,Mobile App,Net Banking,1169.16,Returned
397,219,2025-02-24,South,Retail Store,Credit Card,949.66,Delivered
398,57,2025-06-20,East,Mobile App,Cash on Delivery,109.27,Delivered
399,172,2025-01-23,North,Retail Store,Net Banking,1119.2,Cancelled
400,258,2026-04-20,West,Mobile App,Credit Card,141.89,Delivered
401,45,2024-08-14,West,Website,UPI,1439.47,Delivered
402,357,2024-10-22,West,Website,Debit Card,805.0,Returned
403,478,2024-10-06,West,Mobile App,Net Banking,693.6,Returned
404,12,2025-01-16,East,Mobile App,Cash on Delivery,547.05,Returned
405,88,2025-02-14,South,Mobile App,UPI,1457.55,Delivered
406,147,2024-11-26,South,Retail Store,Debit Card,283.82,Delivered
407,134,2025-06-06,South,Website,Cash on Delivery,1075.34,Returned
408,472,2024-06-18,West,Mobile App,Debit Card,1424.29,Delivered
409,497,2026-01-01,South,Retail Store,Net Banking,541.09,Delivered
410,168,2024-07-19,South,Retail Store,Cash on Delivery,372.11,Delivered
411,252,2025-04-14,North,Retail Store,UPI,626.46,Returned
412,412,2025-08-20,East,Website,Net Banking,1106.48,Shipped
413,244,2025-11-12,East,Website,Cash on Delivery,1146.37,Delivered
414,90,2025-12-14,West,Retail Store,Cash on Delivery,1145.1,Delivered
415,422,2025-03-29,East,Mobile App,Cash on Delivery,1122.79,Delivered
416,135,2025-03-27,West,Website,UPI,654.88,Shipped
417,382,2025-05-29,West,Retail Store,Net Banking,1309.1,Returned
418,450,2026-05-03,South,Mobile App,Debit Card,126.69,Delivered
419,386,2024-11-11,East,Mobile App,UPI,443.62,Returned
420,399,2025-10-02,West,Mobile App,Debit Card,198.51,Delivered
421,354,2025-05-30,South,Mobile App,Cash on Delivery,808.53,Delivered
422,439,2026-05-04,South,Retail Store,Debit Card,495.77,Delivered
423,388,2025-08-08,North,Website,Credit Card,97.55,Returned
424,462,2024-12-14,South,Retail Store,UPI,92.43,Delivered
425,420,2026-01-06,North,Retail Store,Debit Card,1087.93,Delivered
426,436,2026-05-18,West,Mobile App,Cash on Delivery,318.43,Returned
427,218,2024-12-29,South,Mobile App,Credit Card,1154.04,Delivered
428,70,2025-10-13,East,Retail Store,UPI,857.84,Delivered
429,198,2025-03-10,West,Retail Store,UPI,1046.22,Shipped
430,459,2025-09-23,East,Website,Credit Card,1498.15,Shipped
431,338,2026-04-16,North,Website,Debit Card,622.48,Returned
432,372,2025-10-17,East,Retail Store,Cash on Delivery,910.79,Returned
433,251,2025-10-15,South,Retail Store,Debit Card,93.1,Returned
434,348,2024-06-20,South,Mobile App,Cash on Delivery,1034.85,Delivered
435,339,2025-10-15,West,Retail Store,UPI,836.54,Cancelled
436,286,2026-03-30,East,Retail Store,Debit Card,762.65,Delivered
437,288,2024-10-31,North,Mobile App,UPI,767.3,Shipped
438,220,2025-05-12,East,Mobile App,UPI,131.85,Delivered
439,445,2025-04-01,North,Mobile App,Debit Card,78.58,Delivered
440,264,2025-07-29,East,Website,Net Banking,902.58,Delivered
441,315,2025-03-26,East,Mobile App,Debit Card,770.58,Delivered
442,411,2025-11-18,West,Mobile App,Debit Card,553.61,Delivered
443,129,2026-02-22,West,Retail Store,Cash on Delivery,311.87,Delivered
444,124,2024-10-25,East,Mobile App,Net Banking,512.05,Delivered
445,352,2026-01-29,South,Mobile App,Debit Card,214.66,Delivered
446,249,2025-12-18,West,Mobile App,Credit Card,342.89,Delivered
447,494,2025-10-03,North,Website,Credit Card,505.16,Delivered
448,344,2026-03-28,North,Mobile App,Debit Card,392.26,Cancelled
449,479,2025-07-31,South,Website,Credit Card,303.97,Delivered
450,350,2025-01-31,East,Website,UPI,739.07,Delivered
451,328,2026-05-11,East,Retail Store,Credit Card,825.62,Delivered
452,324,2025-04-13,West,Website,UPI,1306.34,Shipped
453,216,2026-01-30,East,Mobile App,Credit Card,1154.86,Returned
454,322,2025-04-01,East,Retail Store,Credit Card,210.7,Delivered
455,424,2025-04-24,East,Website,Credit Card,651.02,Delivered
456,135,2026-05-12,South,Website,Net Banking,946.11,Cancelled
457,424,2026-04-13,West,Website,Debit Card,1084.67,Delivered
458,373,2026-04-17,South,Mobile App,Debit Card,642.36,Delivered
459,317,2025-08-28,South,Mobile App,Cash on Delivery,1042.19,Shipped
460,447,2025-04-20,West,Retail Store,Debit Card,1084.34,Returned
461,311,2026-04-10,North,Website,UPI,781.59,Shipped
462,87,2025-10-21,West,Mobile App,Net Banking,241.28,Delivered
463,161,2025-08-13,South,Mobile App,Net Banking,1157.33,Delivered
464,84,2026-05-16,West,Mobile App,Credit Card,1493.04,Shipped
465,249,2025-09-04,West,Website,Debit Card,229.3,Delivered
466,457,2026-04-03,South,Retail Store,Credit Card,812.72,Cancelled
467,455,2025-04-25,North,Mobile App,Credit Card,621.55,Cancelled
468,15,2024-08-15,West,Retail Store,Net Banking,708.38,Delivered
469,488,2026-01-30,West,Website,Net Banking,419.99,Delivered
470,411,2025-08-09,East,Retail Store,Cash on Delivery,240.37,Returned
471,103,2025-10-07,West,Mobile App,Net Banking,439.3,Cancelled
472,175,2025-09-10,South,Retail Store,Debit Card,1399.47,Cancelled
473,40,2024-07-09,North,Retail Store,Net Banking,648.88,Shipped
474,161,2026-01-15,West,Retail Store,Net Banking,954.53,Delivered
475,223,2025-11-22,North,Website,Net Banking,219.18,Delivered
476,8,2024-12-05,North,Website,Debit Card,1295.57,Delivered
477,60,2024-11-10,South,Retail Store,Net Banking,1447.61,Shipped
478,125,2024-12-16,East,Retail Store,Net Banking,123.84,Delivered
479,435,2025-10-13,East,Website,Net Banking,629.54,Cancelled
480,458,2026-03-18,West,Mobile App,Credit Card,767.44,Returned
481,225,2025-01-16,South,Retail Store,UPI,1386.52,Returned
482,354,2024-08-20,West,Website,Debit Card,339.25,Cancelled
483,183,2026-04-17,South,Website,Cash on Delivery,96.36,Delivered
484,402,2025-05-22,North,Retail Store,UPI,1349.66,Returned
485,323,2024-09-21,South,Mobile App,Debit Card,1106.11,Returned
486,497,2025-07-23,North,Website,Net Banking,544.91,Cancelled
487,78,2025-11-17,West,Website,Debit Card,1212.56,Shipped
488,174,2025-04-11,West,Website,Net Banking,139.13,Delivered
489,206,2026-04-21,East,Retail Store,UPI,1368.38,Delivered
490,455,2026-03-19,West,Website,UPI,172.21,Cancelled
491,283,2025-04-08,East,Retail Store,Debit Card,83.96,Cancelled
492,230,2025-03-25,North,Mobile App,UPI,1475.28,Returned
493,299,2024-12-07,East,Mobile App,Credit Card,262.5,Shipped
494,287,2025-11-06,West,Mobile App,Cash on Delivery,773.3,Shipped
495,496,2026-05-15,North,Retail Store,Debit Card,710.38,Delivered
496,62,2025-06-06,East,Website,Cash on Delivery,272.29,Delivered
497,480,2025-04-01,East,Website,Debit Card,1237.73,Shipped
498,446,2024-07-08,West,Mobile App,Cash on Delivery,499.07,Shipped
499,444,2025-04-22,North,Retail Store,Cash on Delivery,643.96,Delivered
500,331,2024-09-27,North,Website,Cash on Delivery,835.66,Delivered
501,414,2025-11-21,East,Mobile App,Cash on Delivery,115.23,Delivered
502,59,2024-09-02,South,Mobile App,Debit Card,314.87,Delivered
503,14,2026-05-24,North,Mobile App,Net Banking,193.18,Delivered
504,138,2024-07-25,East,Mobile App,Cash on Delivery,640.26,Shipped
505,138,2025-12-12,North,Website,Cash on Delivery,994.75,Delivered
506,87,2025-01-30,West,Retail Store,Net Banking,110.6,Shipped
507,289,2024-08-03,East,Website,Net Banking,1062.72,Delivered
508,492,2026-01-27,East,Website,Debit Card,987.34,Delivered
509,498,2025-06-13,East,Mobile App,Debit Card,1266.76,Returned
510,480,2024-12-07,West,Website,Debit Card,1127.56,Delivered
511,144,2025-10-10,South,Website,Debit Card,1477.18,Returned
512,66,2025-02-13,South,Retail Store,UPI,328.18,Returned
513,453,2025-08-31,North,Mobile App,Credit Card,1288.1,Delivered
514,471,2025-07-28,West,Mobile App,Credit Card,618.2,Delivered
515,354,2025-07-31,North,Website,Debit Card,288.5,Delivered
516,246,2025-08-09,North,Retail Store,UPI,1268.74,Delivered
517,427,2024-07-18,East,Retail Store,Debit Card,1418.14,Cancelled
518,29,2025-03-28,West,Website,Credit Card,1032.47,Cancelled
519,50,2026-02-15,West,Website,Cash on Delivery,1191.84,Cancelled
520,408,2025-08-05,North,Mobile App,Credit Card,708.41,Delivered
521,372,2026-02-18,West,Website,Debit Card,249.63,Delivered
522,224,2025-10-31,East,Mobile App,Cash on Delivery,1333.57,Delivered
523,266,2026-01-14,South,Website,Debit Card,785.31,Cancelled
524,500,2024-12-15,South,Website,UPI,324.57,Shipped
525,449,2024-07-06,West,Website,Credit Card,976.21,Returned
526,414,2025-06-12,South,Mobile App,Debit Card,1247.82,Delivered
527,100,2026-03-01,East,Website,Credit Card,338.73,Delivered
528,126,2024-11-22,South,Website,Debit Card,1272.18,Delivered
529,336,2024-09-14,East,Website,UPI,711.5,Delivered
530,99,2025-11-20,West,Retail Store,UPI,511.03,Shipped
531,168,2025-02-01,North,Retail Store,UPI,1315.63,Cancelled
532,165,2026-05-23,East,Retail Store,Net Banking,1087.69,Shipped
533,157,2025-08-02,West,Retail Store,Debit Card,1406.47,Delivered
534,299,2024-07-05,West,Retail Store,Cash on Delivery,537.74,Shipped
535,136,2026-03-15,North,Mobile App,Credit Card,477.05,Cancelled
536,129,2025-03-29,East,Website,Cash on Delivery,1497.09,Returned
537,371,2024-12-24,West,Website,Cash on Delivery,901.16,Cancelled
538,437,2025-12-16,North,Mobile App,Debit Card,887.39,Delivered
539,391,2026-05-01,East,Mobile App,Cash on Delivery,83.7,Delivered
540,33,2025-11-22,West,Website,Net Banking,207.53,Cancelled
541,36,2025-06-23,East,Website,Debit Card,472.1,Cancelled
542,266,2024-06-04,South,Mobile App,Net Banking,617.1,Delivered
543,67,2024-12-20,East,Mobile App,Net Banking,280.23,Cancelled
544,33,2025-07-06,South,Retail Store,UPI,1369.94,Shipped
545,128,2024-11-23,West,Mobile App,Net Banking,1370.71,Delivered
546,40,2024-09-08,East,Mobile App,Net Banking,289.02,Delivered
547,364,2024-10-10,East,Retail Store,Net Banking,752.9,Delivered
548,72,2025-09-18,East,Website,Debit Card,1265.82,Cancelled
549,274,2025-06-28,South,Website,Credit Card,1032.21,Delivered
550,354,2025-04-04,West,Website,Cash on Delivery,56.77,Shipped
551,9,2025-07-29,North,Website,UPI,1239.76,Returned
552,371,2024-11-11,North,Mobile App,Cash on Delivery,206.14,Delivered
553,110,2024-09-09,East,Mobile App,Debit Card,71.74,Returned
554,35,2025-01-02,West,Mobile App,Cash on Delivery,774.39,Delivered
555,172,2024-06-11,West,Mobile App,Cash on Delivery,978.86,Delivered
556,256,2025-03-23,South,Website,Net Banking,346.36,Delivered
557,163,2026-03-14,North,Retail Store,Net Banking,989.67,Delivered
558,125,2024-12-20,North,Retail Store,Debit Card,1212.11,Returned
559,227,2026-02-27,North,Website,Net Banking,151.48,Delivered
560,65,2024-08-25,South,Retail Store,Cash on Delivery,1255.27,Delivered
561,370,2024-12-12,South,Mobile App,Debit Card,928.48,Delivered
562,194,2024-11-11,West,Mobile App,Net Banking,782.67,Returned
563,373,2024-11-19,East,Mobile App,Net Banking,493.48,Delivered
564,442,2025-10-18,East,Mobile App,Net Banking,1392.25,Shipped
565,84,2024-12-08,West,Mobile App,UPI,788.93,Shipped
566,472,2025-05-29,North,Retail Store,Debit Card,428.93,Shipped
567,330,2026-05-22,West,Mobile App,Cash on Delivery,1462.51,Delivered
568,326,2025-12-31,East,Website,UPI,1135.66,Returned
569,376,2025-08-08,South,Website,UPI,320.28,Delivered
570,103,2024-07-23,South,Website,UPI,1475.27,Shipped
571,176,2024-06-23,South,Mobile App,Net Banking,1025.57,Delivered
572,341,2026-01-10,North,Website,Debit Card,807.39,Delivered
573,162,2025-01-24,East,Retail Store,Net Banking,598.73,Delivered
574,309,2024-09-26,East,Retail Store,Debit Card,584.22,Cancelled
575,311,2025-10-02,West,Retail Store,Cash on Delivery,1201.24,Delivered
576,255,2024-08-21,East,Retail Store,Cash on Delivery,1481.47,Shipped
577,109,2024-11-14,North,Website,Net Banking,1490.37,Delivered
578,341,2025-09-23,North,Retail Store,Debit Card,1387.97,Returned
579,115,2025-02-13,North,Mobile App,Credit Card,211.5,Delivered
580,217,2025-04-16,East,Retail Store,Debit Card,803.64,Cancelled
581,383,2026-04-05,North,Retail Store,UPI,497.89,Returned
582,254,2025-03-18,West,Website,UPI,271.42,Returned
583,373,2025-06-29,East,Retail Store,Debit Card,1487.04,Cancelled
584,202,2024-08-31,South,Mobile App,Cash on Delivery,1305.49,Delivered
585,112,2024-12-10,North,Mobile App,Cash on Delivery,197.82,Delivered
586,333,2025-05-05,West,Website,Net Banking,405.25,Delivered
587,398,2026-05-02,North,Mobile App,Net Banking,449.06,Returned
588,356,2024-08-28,South,Mobile App,Net Banking,1499.93,Returned
589,266,2026-01-12,North,Website,Credit Card,311.96,Cancelled
590,66,2026-01-02,South,Retail Store,Debit Card,177.34,Delivered
591,153,2025-05-31,South,Mobile App,Credit Card,410.09,Delivered
592,19,2024-12-02,South,Mobile App,Debit Card,1438.26,Cancelled
593,347,2025-08-02,South,Retail Store,Debit Card,152.31,Returned
594,404,2025-08-11,West,Website,Cash on Delivery,408.87,Delivered
595,209,2024-07-30,East,Retail Store,Credit Card,576.09,Delivered
596,194,2024-09-08,North,Website,Cash on Delivery,1106.07,Delivered
597,485,2025-06-26,South,Mobile App,Cash on Delivery,849.92,Shipped
598,348,2026-02-06,West,Retail Store,Net Banking,315.5,Delivered
599,40,2025-01-24,North,Website,Cash on Delivery,133.25,Returned
600,351,2026-04-17,North,Mobile App,Credit Card,943.62,Returned
601,384,2025-05-12,South,Retail Store,Cash on Delivery,1041.91,Delivered
602,195,2024-11-14,East,Website,UPI,1375.37,Delivered
603,423,2024-06-29,West,Retail Store,Net Banking,133.37,Delivered
604,44,2025-11-16,South,Mobile App,Credit Card,1374.01,Delivered
605,192,2025-03-26,East,Mobile App,Debit Card,827.82,Delivered
606,72,2025-05-21,West,Website,UPI,1331.19,Returned
607,216,2025-04-28,North,Website,Debit Card,1425.14,Returned
608,57,2024-09-11,North,Website,Debit Card,548.97,Delivered
609,246,2025-03-16,East,Mobile App,Credit Card,1153.3,Delivered
610,438,2026-01-19,South,Website,Credit Card,241.83,Delivered
611,209,2025-11-12,East,Retail Store,Debit Card,371.57,Shipped
612,127,2025-04-16,North,Website,Credit Card,50.78,Returned
613,486,2025-10-09,East,Mobile App,UPI,211.72,Returned
614,185,2025-05-29,East,Website,UPI,354.55,Shipped
615,323,2026-01-30,North,Website,Cash on Delivery,1454.08,Returned
616,317,2025-05-10,East,Retail Store,Net Banking,1484.98,Delivered
617,248,2025-07-27,North,Website,Cash on Delivery,447.52,Delivered
618,225,2025-10-27,West,Retail Store,Net Banking,631.23,Delivered
619,357,2024-06-02,West,Retail Store,Cash on Delivery,425.31,Delivered
620,21,2026-03-09,South,Mobile App,Debit Card,442.13,Delivered
621,498,2025-06-05,East,Website,Cash on Delivery,432.86,Delivered
622,276,2026-03-28,North,Retail Store,Net Banking,1421.2,Delivered
623,76,2025-09-26,North,Mobile App,Debit Card,716.12,Delivered
624,84,2024-11-21,West,Retail Store,Cash on Delivery,322.38,Delivered
625,466,2026-03-15,West,Website,Cash on Delivery,249.07,Delivered
626,491,2024-09-09,East,Retail Store,Credit Card,343.37,Shipped
627,423,2024-07-08,North,Retail Store,UPI,198.72,Shipped
628,198,2024-10-21,East,Retail Store,UPI,377.53,Returned
629,40,2026-02-13,East,Website,UPI,1388.81,Delivered
630,220,2025-11-18,East,Retail Store,Debit Card,1035.18,Delivered
631,416,2026-05-22,North,Website,Debit Card,1177.79,Delivered
632,75,2024-08-24,East,Website,Debit Card,1162.93,Delivered
633,215,2025-12-07,West,Retail Store,Cash on Delivery,764.27,Cancelled
634,121,2025-05-29,North,Website,Credit Card,575.48,Shipped
635,151,2025-09-07,South,Retail Store,Net Banking,401.62,Delivered
636,493,2026-05-06,South,Mobile App,Credit Card,1059.38,Shipped
637,73,2024-08-12,South,Website,Credit Card,875.32,Shipped
638,211,2025-05-04,West,Retail Store,Credit Card,465.82,Delivered
639,385,2024-11-17,South,Website,Net Banking,1257.39,Returned
640,381,2024-12-26,West,Retail Store,Credit Card,367.41,Delivered
641,139,2024-09-12,North,Website,UPI,924.63,Delivered
642,278,2024-09-10,North,Website,Cash on Delivery,65.92,Delivered
643,292,2025-12-23,North,Retail Store,Net Banking,116.24,Delivered
644,385,2025-03-09,West,Retail Store,Debit Card,505.99,Shipped
645,414,2024-10-24,North,Retail Store,Net Banking,741.58,Delivered
646,394,2024-11-04,East,Mobile App,Debit Card,541.58,Delivered
647,393,2025-04-05,North,Mobile App,Credit Card,709.47,Delivered
648,133,2025-09-20,East,Mobile App,Debit Card,1412.75,Cancelled
649,43,2026-04-22,West,Retail Store,Net Banking,431.1,Returned
650,359,2025-12-19,North,Website,Credit Card,471.46,Delivered
651,375,2024-09-11,West,Mobile App,Debit Card,632.2,Delivered
652,280,2024-10-30,West,Website,Debit Card,514.27,Delivered
653,326,2024-11-20,North,Website,Credit Card,447.16,Delivered
654,48,2025-08-05,East,Mobile App,Debit Card,337.98,Shipped
655,371,2026-04-07,South,Mobile App,UPI,70.57,Shipped
656,267,2024-05-27,West,Website,Net Banking,976.43,Cancelled
657,216,2026-05-07,South,Retail Store,Net Banking,363.4,Delivered
658,155,2025-04-03,North,Retail Store,Net Banking,990.92,Shipped
659,91,2025-12-11,South,Retail Store,Net Banking,603.27,Returned
660,255,2026-02-21,North,Retail Store,Net Banking,779.87,Delivered
661,487,2024-09-28,East,Mobile App,Net Banking,1366.59,Returned
662,17,2024-06-08,North,Website,UPI,1269.12,Cancelled
663,207,2025-04-14,South,Mobile App,Debit Card,194.39,Delivered
664,322,2026-01-21,South,Website,Cash on Delivery,1075.99,Delivered
665,395,2025-02-14,North,Mobile App,Credit Card,1405.72,Returned
666,236,2026-01-24,North,Website,Debit Card,459.57,Delivered
667,468,2024-12-22,West,Website,Net Banking,1203.39,Shipped
668,352,2025-07-27,West,Mobile App,Net Banking,1222.4,Delivered
669,308,2025-12-04,North,Website,Cash on Delivery,1125.46,Delivered
670,444,2025-06-01,North,Website,Credit Card,524.93,Delivered
671,141,2025-09-29,South,Website,UPI,1076.72,Returned
672,102,2026-04-27,East,Mobile App,Credit Card,896.29,Cancelled
673,319,2024-09-11,West,Mobile App,Debit Card,872.36,Delivered
674,491,2025-10-29,East,Retail Store,Net Banking,475.54,Returned
675,400,2025-04-10,North,Website,UPI,1048.02,Returned
676,109,2025-11-14,South,Website,Cash on Delivery,453.17,Cancelled
677,163,2025-04-16,South,Website,Credit Card,1213.95,Shipped
678,64,2025-08-30,South,Retail Store,UPI,907.2,Delivered
679,241,2024-08-29,West,Retail Store,UPI,448.28,Delivered
680,432,2025-06-10,North,Website,Debit Card,119.36,Delivered
681,98,2025-06-05,North,Retail Store,Credit Card,426.55,Delivered
682,136,2025-04-26,West,Mobile App,Debit Card,1391.04,Cancelled
683,245,2026-04-01,West,Mobile App,UPI,1170.33,Shipped
684,428,2025-01-27,South,Retail Store,Credit Card,158.96,Shipped
685,240,2025-06-22,South,Mobile App,Credit Card,543.65,Cancelled
686,97,2024-08-02,East,Mobile App,Debit Card,1045.09,Cancelled
687,382,2024-09-13,South,Website,Net Banking,321.19,Delivered
688,258,2025-08-08,East,Website,Net Banking,445.25,Delivered
689,100,2025-03-21,South,Mobile App,Debit Card,911.37,Cancelled
690,34,2025-11-19,North,Mobile App,Debit Card,1329.77,Returned
691,148,2024-05-27,North,Website,Cash on Delivery,1366.28,Cancelled
692,73,2024-06-06,West,Mobile App,UPI,80.2,Delivered
693,181,2025-09-21,North,Mobile App,Debit Card,735.22,Delivered
694,269,2025-10-21,South,Website,Credit Card,194.99,Returned
695,235,2024-06-06,East,Mobile App,UPI,1342.49,Returned
696,380,2026-05-06,West,Mobile App,Debit Card,1129.33,Delivered
697,214,2025-03-02,East,Website,Credit Card,890.3,Returned
698,256,2026-04-25,South,Mobile App,Debit Card,808.62,Delivered
699,251,2025-04-02,North,Mobile App,UPI,1007.37,Delivered
700,450,2025-03-10,South,Website,UPI,256.83,Returned
701,243,2025-05-22,South,Retail Store,Net Banking,662.72,Delivered
702,129,2024-10-09,West,Retail Store,Debit Card,486.54,Delivered
703,71,2025-11-14,West,Retail Store,UPI,780.53,Returned
704,14,2025-07-29,North,Website,Cash on Delivery,1364.93,Delivered
705,44,2024-07-19,East,Retail Store,Credit Card,533.55,Delivered
706,265,2024-10-18,West,Website,Debit Card,1347.83,Returned
707,353,2024-12-15,North,Website,Credit Card,271.88,Delivered
708,420,2025-01-19,East,Retail Store,Net Banking,1296.01,Cancelled
709,95,2024-10-16,South,Website,Cash on Delivery,1125.41,Cancelled
710,253,2025-06-04,East,Mobile App,Net Banking,1061.6,Delivered
711,331,2026-03-21,West,Website,UPI,1446.05,Shipped
712,336,2025-12-21,East,Mobile App,Debit Card,453.59,Returned
713,363,2025-10-25,East,Website,UPI,903.84,Cancelled
714,50,2026-04-05,North,Mobile App,Net Banking,519.31,Delivered
715,32,2026-02-09,East,Website,Credit Card,1277.86,Delivered
716,285,2024-12-14,South,Mobile App,Net Banking,684.4,Delivered
717,299,2024-06-17,North,Website,Credit Card,1224.51,Delivered
718,427,2024-12-22,West,Retail Store,UPI,566.9,Cancelled
719,292,2024-08-12,South,Retail Store,UPI,196.32,Shipped
720,473,2025-02-05,West,Retail Store,UPI,148.53,Delivered
721,358,2024-09-14,West,Mobile App,Credit Card,96.8,Shipped
722,121,2025-10-11,North,Retail Store,Cash on Delivery,1069.48,Delivered
723,54,2024-06-29,West,Retail Store,Debit Card,992.99,Shipped
724,283,2025-09-29,North,Mobile App,Net Banking,1058.39,Shipped
725,122,2025-01-16,North,Retail Store,Credit Card,379.33,Returned
726,180,2026-01-30,South,Mobile App,Debit Card,928.88,Shipped
727,129,2025-12-01,South,Mobile App,UPI,1351.58,Delivered
728,362,2026-02-19,West,Mobile App,Credit Card,345.15,Delivered
729,429,2024-06-27,East,Mobile App,Cash on Delivery,607.06,Delivered
730,10,2025-06-19,West,Mobile App,Credit Card,375.45,Shipped
731,391,2025-05-15,North,Retail Store,UPI,1387.91,Delivered
732,492,2025-06-18,West,Retail Store,Debit Card,241.22,Delivered
733,316,2025-02-28,East,Mobile App,UPI,1184.52,Cancelled
734,339,2025-04-17,East,Website,Net Banking,720.95,Shipped
735,246,2026-03-08,South,Mobile App,Credit Card,890.38,Delivered
736,133,2025-10-12,South,Website,Debit Card,263.01,Cancelled
737,95,2026-04-24,West,Retail Store,UPI,110.84,Returned
738,277,2024-07-08,South,Mobile App,Credit Card,162.34,Shipped
739,105,2025-04-22,East,Retail Store,Net Banking,153.52,Shipped
740,319,2024-06-24,South,Mobile App,Credit Card,471.77,Delivered
741,490,2024-08-11,South,Retail Store,Cash on Delivery,1496.83,Returned
742,169,2025-01-27,East,Website,Net Banking,506.48,Delivered
743,287,2025-10-23,North,Mobile App,Net Banking,927.57,Shipped
744,61,2024-08-15,West,Mobile App,Cash on Delivery,1475.71,Cancelled
745,365,2025-09-17,North,Website,Credit Card,1259.09,Delivered
746,206,2026-05-07,South,Retail Store,UPI,222.59,Delivered
747,371,2026-01-17,North,Website,Credit Card,910.65,Delivered
748,266,2025-11-12,West,Mobile App,UPI,606.9,Delivered
749,451,2026-02-13,East,Website,UPI,462.95,Delivered
750,342,2025-03-05,South,Website,Debit Card,850.64,Cancelled
751,251,2024-06-19,East,Website,UPI,1415.62,Cancelled
752,45,2024-10-11,East,Retail Store,Credit Card,1454.24,Delivered
753,233,2026-02-28,North,Retail Store,UPI,1343.8,Delivered
754,345,2024-12-10,East,Mobile App,Debit Card,752.54,Delivered
755,313,2024-12-23,South,Website,Net Banking,1047.57,Cancelled
756,408,2026-02-28,West,Retail Store,UPI,837.95,Delivered
757,215,2025-08-24,East,Website,Net Banking,217.94,Shipped
758,15,2025-03-17,East,Retail Store,Debit Card,1340.23,Shipped
759,346,2025-04-14,West,Mobile App,Net Banking,666.54,Delivered
760,174,2026-03-06,North,Mobile App,Net Banking,644.23,Cancelled
761,310,2025-11-27,North,Retail Store,Credit Card,1213.5,Delivered
762,430,2025-11-23,West,Retail Store,Debit Card,470.77,Delivered
763,204,2025-10-02,North,Website,UPI,487.13,Delivered
764,419,2025-02-24,North,Website,Credit Card,781.54,Returned
765,381,2024-06-16,East,Mobile App,Net Banking,343.87,Delivered
766,373,2025-07-01,East,Retail Store,Credit Card,705.79,Cancelled
767,190,2025-09-24,North,Retail Store,UPI,532.03,Returned
768,443,2025-10-07,South,Website,Debit Card,634.63,Shipped
769,307,2025-07-14,North,Mobile App,Debit Card,1144.8,Shipped
770,267,2024-09-25,South,Website,Net Banking,1311.14,Delivered
771,88,2026-02-24,West,Website,Cash on Delivery,656.31,Delivered
772,333,2024-11-09,South,Mobile App,Cash on Delivery,1043.28,Cancelled
773,269,2025-09-21,North,Mobile App,Net Banking,309.88,Shipped
774,103,2026-05-04,North,Retail Store,Net Banking,530.0,Delivered
775,320,2025-07-10,East,Retail Store,Cash on Delivery,980.32,Delivered
776,375,2024-12-31,East,Website,UPI,867.31,Delivered
777,76,2024-10-17,South,Mobile App,Credit Card,518.84,Delivered
778,155,2025-10-18,North,Website,Cash on Delivery,620.21,Shipped
779,431,2025-08-14,West,Mobile App,UPI,1043.78,Cancelled
780,192,2024-11-23,North,Website,Net Banking,573.44,Delivered
781,49,2025-06-05,East,Retail Store,Credit Card,929.82,Delivered
782,312,2026-03-02,West,Mobile App,Debit Card,736.5,Returned
783,50,2025-12-02,East,Website,Cash on Delivery,1119.31,Delivered
784,34,2024-12-07,South,Retail Store,UPI,171.75,Shipped
785,210,2024-11-17,North,Mobile App,UPI,862.81,Delivered
786,94,2024-08-20,South,Mobile App,Cash on Delivery,958.61,Delivered
787,450,2025-01-31,East,Retail Store,Debit Card,1133.74,Returned
788,72,2025-12-23,East,Mobile App,Debit Card,1261.15,Delivered
789,251,2025-05-22,East,Mobile App,Cash on Delivery,702.03,Returned
790,178,2026-03-16,East,Website,UPI,1064.5,Cancelled
791,72,2025-09-14,East,Mobile App,Cash on Delivery,597.97,Cancelled
792,446,2024-06-01,South,Mobile App,Net Banking,535.33,Returned
793,84,2025-09-14,South,Website,Net Banking,1223.37,Shipped
794,391,2025-10-25,North,Mobile App,Net Banking,1172.41,Cancelled
795,497,2024-08-24,East,Website,UPI,715.13,Delivered
796,47,2025-01-29,South,Retail Store,Cash on Delivery,1276.22,Delivered
797,52,2025-09-18,West,Retail Store,Debit Card,1373.61,Returned
798,420,2026-04-14,West,Retail Store,Net Banking,824.47,Delivered
799,422,2024-05-25,West,Website,Debit Card,250.22,Delivered
800,48,2025-05-06,West,Retail Store,Debit Card,667.28,Delivered
801,204,2026-04-22,North,Mobile App,Credit Card,552.12,Returned
802,83,2025-04-15,South,Retail Store,Cash on Delivery,606.79,Shipped
803,395,2024-07-18,East,Mobile App,UPI,1125.99,Delivered
804,77,2024-05-31,East,Retail Store,Cash on Delivery,423.86,Cancelled
805,218,2025-05-04,East,Website,Cash on Delivery,437.49,Delivered
806,375,2024-06-30,West,Website,Debit Card,171.87,Delivered
807,498,2025-09-05,South,Retail Store,Cash on Delivery,875.15,Delivered
808,76,2026-02-06,North,Mobile App,Cash on Delivery,1471.39,Delivered
809,370,2026-03-23,North,Mobile App,Credit Card,1200.78,Cancelled
810,390,2025-08-14,East,Retail Store,Debit Card,451.44,Returned
811,348,2025-03-11,East,Website,Net Banking,350.35,Shipped
812,114,2025-01-09,North,Retail Store,UPI,370.53,Cancelled
813,200,2025-09-23,North,Mobile App,UPI,513.48,Shipped
814,131,2025-07-10,North,Retail Store,Cash on Delivery,1453.2,Returned
815,320,2026-01-12,South,Retail Store,UPI,869.09,Shipped
816,381,2025-10-08,South,Mobile App,Cash on Delivery,240.96,Cancelled
817,109,2024-09-14,East,Website,Debit Card,1161.97,Returned
818,275,2025-11-20,West,Website,Net Banking,767.51,Shipped
819,425,2025-05-01,West,Retail Store,Debit Card,1040.86,Delivered
820,167,2026-02-07,South,Website,Cash on Delivery,956.97,Returned
821,453,2026-03-24,West,Retail Store,Cash on Delivery,1301.99,Delivered
822,106,2026-01-05,West,Mobile App,Debit Card,1041.32,Shipped
823,429,2025-04-28,South,Website,Net Banking,1096.97,Delivered
824,444,2025-11-07,West,Mobile App,Credit Card,1185.41,Delivered
825,323,2026-03-20,West,Mobile App,Credit Card,200.25,Delivered
826,329,2026-05-04,North,Mobile App,Net Banking,1141.13,Delivered
827,19,2024-10-14,South,Retail Store,UPI,87.61,Delivered
828,132,2026-03-07,South,Website,Debit Card,895.68,Delivered
829,444,2025-10-02,South,Retail Store,Net Banking,304.31,Shipped
830,116,2025-04-05,South,Website,Debit Card,453.56,Returned
831,256,2025-09-06,North,Retail Store,Cash on Delivery,1352.3,Returned
832,260,2024-07-31,East,Retail Store,Cash on Delivery,1277.58,Cancelled
833,291,2025-11-10,South,Website,UPI,1206.04,Delivered
834,137,2025-12-10,East,Website,Debit Card,1113.34,Delivered
835,300,2026-01-09,West,Mobile App,Credit Card,828.55,Delivered
836,102,2024-09-03,South,Retail Store,Net Banking,484.94,Delivered
837,260,2025-09-30,East,Retail Store,UPI,433.09,Cancelled
838,250,2024-05-30,East,Retail Store,Net Banking,768.89,Delivered
839,49,2025-08-20,East,Retail Store,Cash on Delivery,1242.71,Delivered
840,158,2025-10-19,East,Mobile App,Cash on Delivery,734.22,Returned
841,437,2024-11-01,South,Mobile App,Cash on Delivery,1472.67,Returned
842,231,2025-04-04,West,Retail Store,Net Banking,1155.91,Delivered
843,427,2025-06-10,North,Mobile App,Net Banking,1196.83,Delivered
844,400,2026-03-30,West,Retail Store,Net Banking,412.28,Cancelled
845,397,2025-07-21,South,Website,Cash on Delivery,483.34,Delivered
846,95,2025-04-17,West,Website,Net Banking,575.2,Delivered
847,413,2025-10-04,North,Retail Store,Credit Card,1373.82,Cancelled
848,295,2025-04-30,North,Retail Store,Credit Card,869.69,Cancelled
849,434,2024-08-21,West,Retail Store,Debit Card,1140.27,Returned
850,206,2026-01-02,East,Website,Cash on Delivery,1250.92,Delivered
851,78,2025-02-13,South,Retail Store,UPI,821.93,Returned
852,396,2024-10-22,South,Mobile App,Debit Card,196.3,Cancelled
853,139,2025-01-17,South,Mobile App,Credit Card,249.1,Shipped
854,228,2024-12-23,West,Website,Net Banking,685.89,Delivered
855,468,2026-01-06,North,Website,Debit Card,224.52,Shipped
856,195,2025-07-28,West,Website,UPI,572.57,Delivered
857,360,2024-08-18,West,Mobile App,Credit Card,1429.4,Delivered
858,356,2025-09-17,North,Website,Cash on Delivery,1213.45,Returned
859,187,2024-09-13,South,Website,Net Banking,345.91,Shipped
860,18,2024-10-18,West,Website,Cash on Delivery,596.7,Cancelled
861,439,2026-01-31,North,Mobile App,Net Banking,730.76,Delivered
862,253,2025-12-29,South,Website,Debit Card,796.36,Delivered
863,54,2025-02-03,South,Mobile App,Debit Card,1108.54,Delivered
864,297,2024-06-28,West,Retail Store,Credit Card,1201.58,Delivered
865,83,2025-07-04,East,Website,Cash on Delivery,747.13,Delivered
866,319,2025-02-17,West,Website,UPI,1000.42,Cancelled
867,343,2025-05-09,East,Website,UPI,668.45,Delivered
868,94,2025-07-05,South,Website,Debit Card,1175.07,Delivered
869,118,2026-05-04,South,Mobile App,Debit Card,195.2,Delivered
870,498,2025-07-29,West,Mobile App,UPI,247.37,Delivered
871,343,2025-04-08,South,Retail Store,Cash on Delivery,911.28,Delivered
872,74,2025-09-28,South,Website,Net Banking,1190.15,Returned
873,484,2026-04-12,South,Website,Net Banking,256.49,Delivered
874,339,2025-08-15,East,Website,Cash on Delivery,1127.22,Shipped
875,430,2025-02-09,North,Retail Store,Net Banking,667.57,Delivered
876,327,2024-09-08,East,Retail Store,UPI,1361.86,Returned
877,54,2026-05-19,West,Retail Store,Cash on Delivery,1264.25,Shipped
878,298,2026-04-12,West,Mobile App,Credit Card,553.59,Shipped
879,150,2025-07-20,North,Retail Store,Net Banking,1281.67,Delivered
880,235,2026-05-09,East,Website,Debit Card,859.79,Cancelled
881,316,2025-11-26,South,Mobile App,UPI,196.88,Returned
882,319,2025-10-15,South,Mobile App,Debit Card,433.79,Returned
883,159,2025-10-24,East,Retail Store,Cash on Delivery,307.97,Cancelled
884,365,2026-01-26,West,Mobile App,Debit Card,1088.04,Cancelled
885,116,2025-08-20,North,Website,Cash on Delivery,274.77,Delivered
886,126,2025-01-10,West,Retail Store,Debit Card,260.8,Delivered
887,283,2025-12-26,South,Mobile App,Debit Card,1279.46,Cancelled
888,164,2025-11-28,East,Website,Debit Card,516.41,Returned
889,161,2024-09-08,South,Retail Store,UPI,1090.47,Returned
890,333,2024-07-21,East,Mobile App,Debit Card,142.48,Delivered
891,130,2024-06-21,West,Mobile App,Debit Card,1480.0,Delivered
892,498,2026-02-07,North,Retail Store,UPI,901.8,Delivered
893,485,2025-07-11,West,Mobile App,Net Banking,1059.8,Delivered
894,95,2025-02-14,West,Website,Debit Card,559.24,Returned
895,269,2025-02-11,North,Retail Store,Credit Card,1473.91,Delivered
896,410,2025-12-26,East,Website,Debit Card,323.3,Cancelled
897,77,2025-08-22,North,Retail Store,Credit Card,1406.17,Delivered
898,309,2024-10-29,East,Mobile App,Cash on Delivery,1256.07,Shipped
899,127,2025-06-02,South,Website,Net Banking,323.09,Shipped
900,416,2026-03-30,North,Retail Store,Credit Card,1012.09,Delivered
901,207,2025-08-12,West,Website,Net Banking,84.56,Delivered
902,426,2024-07-05,South,Website,UPI,1343.53,Returned
903,379,2025-10-26,South,Retail Store,UPI,1037.64,Delivered
904,366,2024-12-18,West,Website,Cash on Delivery,978.61,Delivered
905,461,2026-04-29,North,Mobile App,Credit Card,1361.37,Returned
906,307,2025-01-31,East,Mobile App,Cash on Delivery,1079.75,Returned
907,143,2024-12-04,West,Mobile App,Cash on Delivery,65.12,Returned
908,94,2025-11-24,East,Website,UPI,1435.21,Returned
909,66,2025-11-05,North,Mobile App,Net Banking,208.55,Delivered
910,43,2026-05-04,North,Website,Net Banking,942.22,Shipped
911,372,2025-04-14,North,Retail Store,Credit Card,1425.45,Delivered
912,485,2025-03-18,North,Website,Debit Card,959.46,Delivered
913,58,2026-04-25,North,Mobile App,Cash on Delivery,824.7,Cancelled
914,462,2024-09-07,South,Website,Net Banking,54.96,Delivered
915,352,2026-02-13,West,Mobile App,Debit Card,1040.18,Cancelled
916,74,2025-03-13,South,Mobile App,UPI,1328.81,Delivered
917,22,2025-09-06,West,Retail Store,Cash on Delivery,1284.94,Shipped
918,453,2025-07-25,West,Retail Store,Net Banking,693.64,Shipped
919,187,2025-09-10,West,Mobile App,UPI,359.59,Delivered
920,456,2024-10-31,West,Retail Store,Net Banking,311.46,Shipped
921,291,2026-04-07,South,Mobile App,Cash on Delivery,1165.4,Returned
922,313,2026-02-10,North,Retail Store,Credit Card,1191.1,Delivered
923,437,2024-08-24,East,Mobile App,Debit Card,1128.2,Delivered
924,149,2025-03-30,North,Retail Store,Debit Card,1356.18,Delivered
925,354,2025-02-03,North,Retail Store,Debit Card,1368.32,Delivered
926,195,2025-09-24,South,Website,Cash on Delivery,1047.78,Delivered
927,70,2026-02-22,East,Retail Store,Net Banking,1379.31,Delivered
928,410,2025-10-12,North,Retail Store,Cash on Delivery,655.72,Delivered
929,27,2026-03-19,South,Retail Store,UPI,431.51,Shipped
930,447,2026-02-22,North,Retail Store,Cash on Delivery,77.86,Shipped
931,357,2025-06-12,East,Mobile App,Cash on Delivery,1287.76,Shipped
932,471,2026-04-11,North,Retail Store,UPI,1299.14,Delivered
933,125,2024-08-08,South,Mobile App,Credit Card,273.31,Delivered
934,371,2024-06-06,East,Retail Store,Credit Card,276.55,Returned
935,47,2024-08-25,North,Mobile App,Debit Card,354.82,Returned
936,99,2025-09-23,South,Retail Store,Net Banking,927.91,Delivered
937,135,2024-10-18,South,Retail Store,Credit Card,1069.16,Delivered
938,326,2026-01-20,East,Retail Store,Net Banking,784.65,Delivered
939,145,2024-11-05,North,Website,Credit Card,766.19,Returned
940,346,2025-08-23,North,Retail Store,Credit Card,511.68,Delivered
941,382,2024-12-04,South,Retail Store,Debit Card,111.91,Delivered
942,487,2024-06-18,South,Mobile App,Net Banking,1485.16,Returned
943,304,2024-11-28,South,Website,Credit Card,617.37,Delivered
944,98,2025-10-04,West,Mobile App,Net Banking,1423.63,Delivered
945,483,2025-10-12,South,Mobile App,Net Banking,68.8,Delivered
946,63,2026-01-27,South,Retail Store,UPI,544.59,Delivered
947,190,2025-07-25,South,Website,UPI,1048.01,Delivered
948,251,2025-12-21,West,Website,UPI,790.89,Delivered
949,399,2024-12-07,East,Retail Store,Debit Card,577.48,Delivered
950,161,2026-02-02,South,Retail Store,Debit Card,1438.7,Cancelled
951,74,2025-03-23,North,Website,Net Banking,164.13,Shipped
952,228,2025-04-10,North,Mobile App,Net Banking,450.13,Returned
953,426,2025-06-12,North,Retail Store,Net Banking,987.18,Shipped
954,388,2025-12-27,North,Retail Store,Credit Card,1098.03,Returned
955,268,2024-11-07,South,Website,UPI,1459.86,Delivered
956,253,2025-07-08,North,Retail Store,Net Banking,980.64,Shipped
957,60,2025-02-15,South,Website,Credit Card,984.9,Cancelled
958,22,2024-07-06,South,Website,Debit Card,1433.91,Delivered
959,19,2024-12-23,South,Retail Store,Net Banking,60.37,Returned
960,461,2024-11-08,West,Website,Debit Card,827.53,Returned
961,62,2026-03-21,East,Mobile App,Credit Card,696.04,Returned
962,238,2024-07-18,South,Retail Store,UPI,364.37,Delivered
963,235,2025-06-28,South,Mobile App,Net Banking,863.2,Delivered
964,26,2024-06-04,East,Website,UPI,695.34,Returned
965,155,2024-10-16,East,Mobile App,Debit Card,224.47,Returned
966,8,2024-09-16,North,Retail Store,Debit Card,710.1,Cancelled
967,426,2025-09-12,West,Website,Credit Card,886.3,Delivered
968,369,2025-09-26,South,Mobile App,Credit Card,1023.3,Delivered
969,488,2026-05-13,West,Website,Credit Card,465.45,Delivered
970,206,2025-06-09,West,Mobile App,UPI,264.07,Returned
971,386,2025-11-27,South,Website,UPI,784.21,Returned
972,423,2026-05-03,West,Website,Net Banking,1327.05,Cancelled
973,480,2025-07-02,West,Website,Cash on Delivery,559.14,Shipped
974,428,2026-05-04,South,Retail Store,Credit Card,1345.12,Cancelled
975,356,2025-04-02,South,Mobile App,UPI,1246.59,Cancelled
976,9,2024-06-24,East,Website,Debit Card,319.29,Returned
977,487,2024-09-22,West,Mobile App,Net Banking,65.32,Cancelled
978,304,2024-07-05,West,Website,Net Banking,513.47,Delivered
979,14,2025-06-17,North,Mobile App,Credit Card,738.56,Cancelled
980,233,2025-06-16,East,Website,Cash on Delivery,1476.8,Delivered
981,304,2026-04-15,North,Retail Store,Net Banking,150.19,Delivered
982,438,2024-11-06,North,Mobile App,Cash on Delivery,530.55,Delivered
983,3,2025-06-24,South,Mobile App,Credit Card,488.3,Delivered
984,72,2024-10-06,North,Mobile App,Net Banking,581.68,Returned
985,286,2026-05-12,West,Website,Credit Card,176.5,Returned
986,293,2024-12-01,South,Mobile App,Cash on Delivery,591.31,Delivered
987,383,2026-05-12,West,Website,UPI,136.99,Delivered
988,272,2024-06-02,East,Website,UPI,1385.06,Shipped
989,51,2024-11-16,West,Retail Store,Cash on Delivery,1295.1,Delivered
990,38,2025-12-24,South,Website,Net Banking,1267.67,Delivered
991,446,2025-04-17,West,Website,Debit Card,1023.9,Delivered
992,267,2025-03-14,West,Website,Net Banking,919.74,Shipped
993,396,2026-03-11,North,Mobile App,UPI,620.24,Shipped
994,388,2026-04-28,South,Mobile App,UPI,181.93,Shipped
995,263,2025-01-12,East,Mobile App,Debit Card,870.72,Delivered
996,394,2026-02-10,South,Retail Store,UPI,325.45,Returned
997,371,2025-03-18,South,Website,Cash on Delivery,1195.42,Delivered
998,248,2025-02-25,West,Retail Store,UPI,262.19,Cancelled
999,417,2025-12-08,West,Website,Credit Card,323.95,Delivered
1000,305,2024-09-11,West,Mobile App,Net Banking,504.06,Delivered
1001,56,2025-12-06,East,Website,Credit Card,1392.33,Returned
1002,119,2025-01-04,East,Retail Store,UPI,1269.11,Delivered
1003,88,2025-06-20,South,Retail Store,Cash on Delivery,75.29,Delivered
1004,64,2024-08-29,South,Mobile App,Debit Card,400.94,Cancelled
1005,123,2026-04-11,East,Mobile App,Cash on Delivery,1298.3,Shipped
1006,278,2025-02-26,South,Retail Store,Net Banking,683.14,Cancelled
1007,308,2026-05-09,West,Website,Net Banking,350.34,Delivered
1008,352,2025-12-21,South,Retail Store,Credit Card,705.76,Delivered
1009,179,2025-01-13,East,Mobile App,UPI,743.87,Delivered
1010,25,2025-01-13,North,Retail Store,Debit Card,183.95,Returned
1011,160,2024-11-10,North,Website,Credit Card,950.37,Cancelled
1012,9,2024-12-10,North,Website,Credit Card,440.11,Delivered
1013,263,2024-06-14,North,Mobile App,Debit Card,292.15,Shipped
1014,401,2025-03-05,West,Website,Net Banking,303.96,Delivered
1015,1,2025-03-14,West,Retail Store,Net Banking,1032.41,Shipped
1016,413,2024-06-30,South,Website,Cash on Delivery,1492.34,Delivered
1017,193,2025-03-26,East,Website,UPI,756.47,Delivered
1018,203,2025-01-29,South,Website,Debit Card,1360.31,Delivered
1019,152,2025-06-11,North,Mobile App,Net Banking,1368.62,Returned
1020,473,2025-10-24,South,Website,Credit Card,261.61,Returned
1021,189,2024-07-15,North,Mobile App,Net Banking,678.44,Cancelled
1022,478,2025-06-14,East,Retail Store,Net Banking,1110.6,Returned
1023,22,2024-07-08,East,Website,Debit Card,332.02,Cancelled
1024,1,2024-07-30,South,Website,UPI,1104.5,Delivered
1025,343,2025-09-06,East,Retail Store,UPI,1283.36,Delivered
1026,248,2025-02-26,East,Retail Store,UPI,773.37,Returned
1027,464,2024-10-27,North,Retail Store,Cash on Delivery,783.47,Shipped
1028,224,2025-07-13,West,Website,Net Banking,736.1,Delivered
1029,221,2025-01-19,East,Website,Cash on Delivery,1216.57,Delivered
1030,43,2024-06-01,South,Retail Store,Net Banking,764.34,Delivered
1031,150,2025-06-03,East,Retail Store,Cash on Delivery,176.9,Delivered
1032,422,2025-10-08,North,Mobile App,Cash on Delivery,472.57,Cancelled
1033,34,2025-09-09,East,Website,Cash on Delivery,189.37,Cancelled
1034,356,2025-09-20,West,Mobile App,Cash on Delivery,494.28,Returned
1035,41,2024-07-23,North,Website,Credit Card,1497.43,Delivered
1036,123,2025-09-29,West,Mobile App,Credit Card,1398.32,Returned
1037,17,2025-02-06,West,Website,Net Banking,722.08,Shipped
1038,446,2024-11-08,East,Mobile App,Credit Card,756.0,Delivered
1039,465,2024-12-17,South,Mobile App,Credit Card,1167.75,Returned
1040,104,2024-12-26,South,Mobile App,Cash on Delivery,446.5,Shipped
1041,302,2026-02-25,North,Mobile App,Net Banking,1397.12,Cancelled
1042,272,2025-01-13,North,Website,Net Banking,396.52,Delivered
1043,339,2025-12-10,East,Website,Debit Card,1392.16,Shipped
1044,477,2025-02-12,South,Retail Store,UPI,1024.13,Shipped
1045,392,2025-03-15,East,Retail Store,Cash on Delivery,976.58,Delivered
1046,495,2024-11-23,North,Mobile App,UPI,226.09,Cancelled
1047,280,2025-02-04,North,Retail Store,Credit Card,1488.58,Delivered
1048,175,2025-06-26,West,Website,Cash on Delivery,1175.0,Shipped
1049,428,2026-03-27,West,Retail Store,Net Banking,611.55,Returned
1050,341,2025-06-09,East,Mobile App,Credit Card,1455.9,Shipped
1051,267,2025-12-19,North,Retail Store,Debit Card,736.47,Cancelled
1052,341,2024-10-11,East,Mobile App,Debit Card,456.97,Shipped
1053,256,2025-04-04,East,Mobile App,Credit Card,87.91,Delivered
1054,500,2025-02-18,East,Mobile App,Credit Card,314.8,Delivered
1055,160,2025-07-28,North,Retail Store,UPI,440.12,Delivered
1056,241,2025-05-28,West,Retail Store,Credit Card,433.21,Cancelled
1057,3,2026-04-21,East,Retail Store,Debit Card,764.35,Delivered
1058,342,2025-06-25,South,Retail Store,UPI,549.19,Shipped
1059,303,2024-12-05,East,Retail Store,Debit Card,886.09,Returned
1060,295,2024-05-26,South,Retail Store,Credit Card,1253.46,Delivered
1061,349,2025-03-01,West,Retail Store,Debit Card,1293.75,Delivered
1062,486,2025-02-28,West,Website,UPI,54.43,Shipped
1063,212,2024-09-14,East,Website,UPI,455.03,Shipped
1064,233,2025-05-15,East,Retail Store,Debit Card,701.55,Returned
1065,9,2025-01-19,West,Mobile App,Debit Card,1480.42,Cancelled
1066,291,2024-09-10,South,Mobile App,UPI,1224.08,Returned
1067,247,2024-12-08,South,Website,UPI,1095.28,Shipped
1068,320,2024-12-10,South,Mobile App,Credit Card,1293.8,Delivered
1069,459,2024-10-11,South,Mobile App,Credit Card,347.19,Shipped
1070,471,2026-01-15,West,Website,UPI,982.38,Shipped
1071,413,2025-02-04,South,Website,Net Banking,1049.05,Cancelled
1072,455,2025-04-27,North,Website,Cash on Delivery,895.17,Cancelled
1073,379,2024-08-31,North,Retail Store,UPI,329.19,Delivered
1074,68,2025-03-22,West,Website,Net Banking,377.16,Delivered
1075,322,2025-03-26,West,Website,Credit Card,1258.75,Delivered
1076,38,2024-10-28,West,Website,Net Banking,382.42,Delivered
1077,218,2024-11-16,West,Mobile App,UPI,427.33,Delivered
1078,193,2025-11-23,West,Website,Cash on Delivery,217.25,Returned
1079,246,2025-07-02,South,Website,Cash on Delivery,310.7,Delivered
1080,276,2025-12-10,North,Mobile App,Cash on Delivery,829.47,Delivered
1081,412,2025-01-04,North,Retail Store,Debit Card,956.02,Delivered
1082,400,2024-06-20,North,Retail Store,Credit Card,171.27,Delivered
1083,407,2025-10-22,East,Mobile App,UPI,280.95,Cancelled
1084,467,2024-08-10,South,Website,UPI,777.05,Delivered
1085,339,2025-02-15,South,Mobile App,UPI,973.17,Delivered
1086,212,2024-10-23,East,Retail Store,Debit Card,1486.47,Delivered
1087,402,2026-01-04,West,Retail Store,Credit Card,851.19,Delivered
1088,34,2024-07-25,East,Website,Credit Card,1304.61,Delivered
1089,368,2024-12-02,North,Mobile App,UPI,401.23,Returned
1090,348,2025-03-22,South,Retail Store,Cash on Delivery,985.52,Returned
1091,221,2024-12-29,North,Mobile App,UPI,169.14,Delivered
1092,175,2025-12-01,South,Mobile App,Debit Card,1440.87,Returned
1093,194,2025-04-04,West,Mobile App,UPI,793.82,Cancelled
1094,426,2026-05-07,North,Retail Store,UPI,104.43,Returned
1095,105,2024-12-31,South,Mobile App,Debit Card,1251.36,Delivered
1096,279,2024-07-12,South,Website,Cash on Delivery,182.56,Returned
1097,21,2025-07-14,North,Retail Store,Credit Card,1436.51,Cancelled
1098,301,2024-09-10,East,Mobile App,Credit Card,847.12,Cancelled
1099,349,2024-12-28,West,Mobile App,Cash on Delivery,1198.52,Delivered
1100,37,2024-09-27,East,Website,Cash on Delivery,473.75,Delivered
1101,311,2026-01-30,South,Website,Debit Card,704.37,Delivered
1102,425,2025-06-03,North,Mobile App,Debit Card,763.94,Shipped
1103,267,2024-12-18,East,Mobile App,Net Banking,1332.58,Delivered
1104,38,2025-04-17,South,Website,Debit Card,1163.01,Delivered
1105,321,2025-10-02,West,Retail Store,Debit Card,950.71,Cancelled
1106,230,2024-12-08,East,Mobile App,Debit Card,741.49,Returned
1107,311,2024-07-11,East,Retail Store,Cash on Delivery,1075.94,Delivered
1108,388,2026-01-26,West,Retail Store,Cash on Delivery,1221.7,Returned
1109,197,2026-03-07,South,Website,UPI,869.74,Delivered
1110,317,2024-12-09,South,Website,Credit Card,318.18,Delivered
1111,243,2024-10-29,West,Retail Store,Credit Card,712.91,Shipped
1112,384,2024-12-31,East,Retail Store,Debit Card,803.99,Delivered
1113,424,2024-05-27,East,Mobile App,Credit Card,1473.32,Returned
1114,194,2025-05-11,West,Retail Store,Credit Card,1389.02,Delivered
1115,51,2026-04-12,South,Website,Cash on Delivery,504.86,Delivered
1116,205,2025-11-29,South,Website,Cash on Delivery,1204.61,Delivered
1117,33,2024-07-19,North,Mobile App,Cash on Delivery,342.99,Delivered
1118,193,2025-11-15,North,Retail Store,UPI,166.15,Returned
1119,374,2025-06-05,South,Retail Store,UPI,441.68,Shipped
1120,71,2025-05-11,North,Retail Store,Credit Card,1131.5,Shipped
1121,104,2025-08-31,South,Website,Debit Card,1433.58,Delivered
1122,475,2024-08-13,West,Website,Debit Card,1281.84,Delivered
1123,195,2024-09-16,South,Mobile App,Debit Card,1246.49,Returned
1124,39,2026-04-07,East,Mobile App,UPI,909.2,Returned
1125,151,2025-10-28,North,Website,Net Banking,449.32,Delivered
1126,274,2024-09-11,South,Mobile App,Net Banking,1017.55,Delivered
1127,275,2024-11-26,North,Retail Store,Debit Card,428.59,Shipped
1128,389,2025-08-03,South,Retail Store,Debit Card,1321.13,Cancelled
1129,118,2025-12-31,West,Retail Store,Credit Card,764.6,Returned
1130,187,2024-05-26,West,Retail Store,Debit Card,172.31,Delivered
1131,202,2026-04-19,East,Website,UPI,831.66,Shipped
1132,292,2024-10-24,North,Retail Store,Debit Card,155.49,Cancelled
1133,303,2025-11-22,East,Website,Net Banking,953.98,Cancelled
1134,488,2026-02-02,South,Retail Store,Cash on Delivery,678.07,Returned
1135,260,2025-09-04,North,Retail Store,Net Banking,182.92,Delivered
1136,101,2025-11-27,South,Website,Cash on Delivery,705.41,Shipped
1137,254,2026-02-08,West,Mobile App,Cash on Delivery,267.38,Cancelled
1138,1,2025-07-06,South,Retail Store,Debit Card,584.59,Returned
1139,292,2024-07-02,North,Retail Store,Credit Card,293.48,Cancelled
1140,94,2025-11-11,West,Mobile App,Cash on Delivery,621.4,Delivered
1141,426,2025-01-06,South,Retail Store,Cash on Delivery,1405.08,Delivered
1142,496,2026-01-03,South,Mobile App,Cash on Delivery,371.4,Returned
1143,55,2025-12-18,West,Mobile App,UPI,87.21,Returned
1144,100,2025-04-02,North,Retail Store,Cash on Delivery,1245.28,Delivered
1145,248,2024-11-08,North,Website,Cash on Delivery,1257.89,Delivered
1146,424,2025-04-24,South,Website,Debit Card,1106.95,Delivered
1147,357,2026-03-13,North,Mobile App,Credit Card,101.03,Delivered
1148,31,2026-02-02,South,Mobile App,Credit Card,443.94,Delivered
1149,479,2025-04-27,West,Mobile App,Credit Card,1435.54,Cancelled
1150,278,2026-03-02,East,Retail Store,Cash on Delivery,661.85,Delivered
1151,416,2026-05-03,West,Mobile App,Credit Card,247.38,Delivered
1152,191,2026-03-09,South,Retail Store,Debit Card,155.48,Delivered
1153,107,2024-05-29,East,Mobile App,Net Banking,98.99,Delivered
1154,256,2026-04-30,South,Mobile App,Net Banking,1353.36,Shipped
1155,148,2024-12-24,North,Retail Store,Debit Card,1217.81,Delivered
1156,194,2024-06-01,North,Retail Store,Debit Card,652.28,Shipped
1157,85,2025-09-18,West,Retail Store,Credit Card,1014.48,Delivered
1158,383,2025-05-30,East,Mobile App,Debit Card,599.42,Cancelled
1159,47,2025-10-29,West,Mobile App,Cash on Delivery,399.58,Delivered
1160,227,2025-01-01,South,Website,UPI,313.59,Delivered
1161,282,2024-10-18,South,Website,UPI,997.31,Returned
1162,214,2024-09-26,West,Retail Store,Net Banking,1118.82,Shipped
1163,293,2025-04-29,East,Mobile App,Cash on Delivery,1225.61,Shipped
1164,29,2025-04-28,South,Retail Store,Cash on Delivery,729.34,Cancelled
1165,407,2025-06-01,West,Retail Store,Credit Card,844.57,Delivered
1166,390,2025-12-12,West,Retail Store,Net Banking,802.0,Cancelled
1167,9,2025-03-04,East,Website,Net Banking,985.84,Cancelled
1168,48,2025-03-30,South,Mobile App,UPI,997.94,Returned
1169,204,2024-07-12,South,Retail Store,Debit Card,217.56,Delivered
1170,239,2026-03-31,South,Website,Credit Card,928.46,Returned
1171,207,2024-09-08,South,Website,Credit Card,225.39,Returned
1172,339,2025-11-16,West,Website,Debit Card,1391.95,Returned
1173,107,2025-11-24,North,Retail Store,Debit Card,710.25,Returned
1174,12,2025-12-16,West,Retail Store,Cash on Delivery,253.89,Delivered
1175,77,2026-01-24,East,Mobile App,Debit Card,74.82,Cancelled
1176,415,2026-03-25,North,Website,Cash on Delivery,914.49,Delivered
1177,188,2025-06-24,East,Website,Debit Card,1277.2,Delivered
1178,73,2025-09-29,North,Mobile App,Credit Card,574.64,Delivered
1179,12,2025-07-20,South,Website,Debit Card,1297.02,Cancelled
1180,488,2024-11-02,North,Website,UPI,96.96,Delivered
1181,490,2025-10-14,West,Mobile App,Net Banking,1344.91,Delivered
1182,429,2025-02-05,West,Mobile App,Credit Card,210.31,Cancelled
1183,63,2024-07-02,South,Website,Net Banking,853.07,Delivered
1184,50,2026-04-10,East,Mobile App,Credit Card,264.79,Delivered
1185,44,2024-12-10,North,Mobile App,Net Banking,197.42,Delivered
1186,411,2025-07-08,South,Website,Debit Card,85.95,Cancelled
1187,62,2025-12-19,North,Mobile App,Debit Card,1499.65,Delivered
1188,124,2024-10-12,West,Website,Credit Card,133.49,Delivered
1189,249,2026-04-06,West,Website,UPI,104.16,Returned
1190,128,2026-04-07,North,Mobile App,Debit Card,111.33,Cancelled
1191,417,2025-07-22,West,Retail Store,Cash on Delivery,1137.36,Delivered
1192,120,2024-11-18,East,Mobile App,Debit Card,355.86,Returned
1193,110,2025-09-14,North,Retail Store,Net Banking,1238.73,Cancelled
1194,323,2026-03-31,East,Website,Cash on Delivery,1418.39,Delivered
1195,500,2025-08-22,North,Retail Store,Cash on Delivery,780.29,Cancelled
1196,71,2024-11-04,North,Mobile App,UPI,806.82,Returned
1197,89,2024-07-26,North,Mobile App,Cash on Delivery,117.89,Shipped
1198,305,2025-07-10,North,Retail Store,Credit Card,1404.52,Cancelled
1199,483,2026-04-10,West,Retail Store,Credit Card,437.34,Cancelled
1200,23,2025-10-12,South,Website,Net Banking,461.97,Returned
1201,428,2026-02-07,West,Mobile App,Cash on Delivery,410.55,Delivered
1202,82,2025-05-23,South,Retail Store,Net Banking,449.06,Cancelled
1203,357,2025-10-19,South,Retail Store,Credit Card,1326.48,Delivered
1204,427,2024-07-27,North,Mobile App,Credit Card,360.96,Delivered
1205,96,2025-02-02,North,Mobile App,UPI,856.63,Delivered
1206,64,2026-02-14,North,Mobile App,UPI,992.91,Delivered
1207,396,2025-11-03,South,Retail Store,UPI,912.09,Cancelled
1208,212,2025-11-04,North,Website,UPI,952.69,Shipped
1209,160,2026-04-29,North,Mobile App,UPI,903.11,Delivered
1210,70,2026-01-27,South,Website,Net Banking,1492.29,Delivered
1211,276,2025-12-13,West,Website,Net Banking,505.86,Shipped
1212,29,2025-06-16,West,Website,Credit Card,85.92,Returned
1213,255,2025-07-18,North,Mobile App,Net Banking,430.09,Delivered
1214,231,2025-04-04,East,Website,Debit Card,1182.83,Cancelled
1215,439,2025-06-06,East,Mobile App,Net Banking,1185.75,Returned
1216,204,2026-03-02,East,Retail Store,Cash on Delivery,553.18,Delivered
1217,439,2024-12-01,North,Website,Debit Card,476.46,Shipped
1218,15,2024-09-07,North,Website,UPI,1078.25,Delivered
1219,409,2025-11-04,West,Website,Credit Card,1152.71,Cancelled
1220,265,2025-07-03,West,Retail Store,Net Banking,1487.87,Delivered
1221,477,2024-06-06,East,Mobile App,Debit Card,1491.61,Shipped
1222,105,2025-11-16,East,Website,Net Banking,546.12,Shipped
1223,189,2025-02-19,South,Mobile App,Debit Card,228.94,Cancelled
1224,17,2026-04-16,West,Mobile App,UPI,996.59,Delivered
1225,395,2025-11-25,West,Retail Store,Cash on Delivery,1113.49,Delivered
1226,445,2025-12-13,West,Retail Store,Debit Card,1238.49,Shipped
1227,169,2026-03-05,South,Website,Net Banking,932.88,Delivered
1228,7,2024-06-29,North,Retail Store,Credit Card,1086.98,Shipped
1229,134,2025-02-16,West,Website,Cash on Delivery,354.89,Cancelled
1230,330,2026-01-24,North,Website,Cash on Delivery,711.92,Cancelled
1231,297,2026-05-13,South,Mobile App,Credit Card,447.65,Shipped
1232,277,2025-06-18,East,Website,UPI,241.69,Delivered
1233,484,2025-12-25,South,Website,Cash on Delivery,1307.05,Delivered
1234,355,2025-11-09,West,Mobile App,Net Banking,600.13,Delivered
1235,63,2024-06-04,North,Mobile App,Debit Card,590.37,Delivered
1236,302,2025-10-28,North,Mobile App,UPI,660.65,Cancelled
1237,18,2024-05-27,South,Retail Store,Credit Card,712.71,Shipped
1238,428,2024-08-08,East,Website,Credit Card,682.07,Returned
1239,1,2025-08-24,East,Website,Net Banking,940.47,Cancelled
1240,215,2025-12-06,South,Mobile App,Cash on Delivery,254.2,Cancelled
1241,38,2025-05-31,North,Mobile App,Cash on Delivery,671.69,Delivered
1242,452,2026-05-12,East,Mobile App,Cash on Delivery,887.1,Delivered
1243,262,2025-04-10,North,Mobile App,Net Banking,712.53,Returned
1244,152,2025-06-22,South,Website,Credit Card,835.63,Returned
1245,263,2026-01-15,North,Mobile App,Credit Card,1226.19,Delivered
1246,427,2024-07-09,East,Mobile App,Cash on Delivery,233.31,Cancelled
1247,10,2024-07-13,North,Retail Store,Net Banking,368.36,Returned
1248,91,2025-10-21,South,Retail Store,Cash on Delivery,525.74,Returned
1249,124,2024-08-24,South,Mobile App,Credit Card,614.75,Cancelled
1250,191,2024-05-25,South,Mobile App,Credit Card,1472.53,Returned
1251,42,2024-07-07,East,Website,Net Banking,127.2,Cancelled
1252,304,2025-04-10,North,Website,Net Banking,421.82,Returned
1253,365,2025-04-24,East,Website,Debit Card,1206.3,Cancelled
1254,212,2024-08-22,South,Mobile App,Debit Card,1216.92,Cancelled
1255,133,2025-04-29,North,Website,UPI,1173.29,Returned
1256,272,2024-07-24,West,Mobile App,Cash on Delivery,681.36,Returned
1257,163,2025-01-12,West,Retail Store,UPI,638.54,Delivered
1258,492,2025-07-04,South,Website,Cash on Delivery,315.02,Delivered
1259,52,2025-09-09,West,Website,Cash on Delivery,1480.11,Delivered
1260,352,2026-05-13,South,Website,Credit Card,638.88,Cancelled
1261,94,2025-08-15,East,Retail Store,UPI,1314.29,Delivered
1262,41,2025-04-16,North,Mobile App,Debit Card,1301.09,Delivered
1263,23,2025-10-10,North,Mobile App,Debit Card,1274.56,Shipped
1264,396,2024-06-05,South,Retail Store,Cash on Delivery,221.85,Delivered
1265,37,2025-11-30,East,Retail Store,Cash on Delivery,1369.29,Delivered
1266,352,2025-12-25,East,Website,Credit Card,573.95,Delivered
1267,292,2026-01-05,North,Retail Store,Credit Card,626.79,Shipped
1268,292,2025-03-15,East,Retail Store,UPI,1299.74,Delivered
1269,194,2024-10-31,East,Mobile App,Credit Card,366.05,Returned
1270,461,2025-06-28,South,Mobile App,Credit Card,716.1,Delivered
1271,405,2025-01-05,East,Mobile App,Credit Card,151.13,Returned
1272,430,2026-04-17,North,Mobile App,Debit Card,58.15,Cancelled
1273,475,2024-05-30,East,Retail Store,UPI,1438.65,Shipped
1274,378,2026-01-21,West,Mobile App,Debit Card,623.1,Delivered
1275,190,2025-05-21,South,Website,UPI,719.82,Shipped
1276,465,2025-08-22,North,Website,UPI,1270.69,Delivered
1277,352,2025-06-02,North,Mobile App,Credit Card,1170.56,Cancelled
1278,196,2025-12-14,North,Retail Store,Credit Card,1138.1,Delivered
1279,483,2024-10-29,West,Website,Cash on Delivery,450.36,Delivered
1280,71,2024-11-12,West,Website,Credit Card,128.26,Cancelled
1281,31,2025-02-06,North,Mobile App,UPI,756.55,Delivered
1282,296,2026-01-30,South,Retail Store,Credit Card,1026.03,Returned
1283,26,2025-03-03,South,Website,Debit Card,239.35,Shipped
1284,172,2024-07-11,West,Mobile App,Net Banking,335.71,Returned
1285,234,2025-09-06,East,Mobile App,Cash on Delivery,189.13,Cancelled
1286,46,2025-07-23,North,Mobile App,UPI,598.27,Cancelled
1287,384,2025-11-18,South,Website,Credit Card,432.32,Returned
1288,257,2024-07-20,East,Mobile App,Cash on Delivery,1332.96,Shipped
1289,186,2024-07-24,East,Retail Store,UPI,1179.26,Delivered
1290,291,2025-07-24,East,Website,UPI,988.47,Shipped
1291,223,2024-09-21,North,Mobile App,Debit Card,420.8,Shipped
1292,345,2024-10-25,North,Retail Store,Cash on Delivery,1282.72,Returned
1293,487,2026-04-27,North,Retail Store,Cash on Delivery,1398.94,Delivered
1294,113,2024-12-15,East,Website,Debit Card,1094.24,Delivered
1295,415,2026-04-30,South,Website,Credit Card,1074.29,Delivered
1296,365,2025-02-22,East,Website,UPI,1452.23,Shipped
1297,221,2024-12-23,East,Website,Credit Card,306.77,Delivered
1298,45,2025-05-08,South,Mobile App,Cash on Delivery,256.76,Delivered
1299,61,2025-02-20,South,Mobile App,Credit Card,1403.03,Delivered
1300,299,2024-12-10,South,Website,Net Banking,1234.04,Delivered
1301,54,2026-04-21,North,Website,Cash on Delivery,986.14,Returned
1302,73,2024-09-24,North,Mobile App,Cash on Delivery,697.62,Cancelled
1303,137,2026-04-20,West,Website,Credit Card,770.97,Returned
1304,449,2024-10-22,South,Mobile App,Net Banking,706.8,Cancelled
1305,474,2026-02-27,East,Website,Net Banking,1402.02,Delivered
1306,333,2025-11-06,North,Website,Credit Card,1385.12,Shipped
1307,238,2026-04-02,South,Website,Net Banking,88.38,Delivered
1308,413,2026-02-25,North,Mobile App,Debit Card,1367.23,Delivered
1309,178,2025-05-18,South,Retail Store,Net Banking,305.21,Returned
1310,372,2026-03-01,West,Website,UPI,235.34,Delivered
1311,309,2026-02-05,South,Website,UPI,577.21,Shipped
1312,219,2024-08-21,East,Website,Net Banking,625.79,Delivered
1313,80,2025-07-03,North,Mobile App,Cash on Delivery,372.28,Cancelled
1314,386,2025-02-16,South,Website,Debit Card,1470.53,Delivered
1315,79,2025-05-13,South,Retail Store,Debit Card,309.03,Delivered
1316,35,2026-03-18,North,Retail Store,Credit Card,443.76,Returned
1317,7,2026-03-30,North,Website,Net Banking,303.05,Returned
1318,118,2025-12-29,West,Retail Store,UPI,609.87,Delivered
1319,480,2026-02-24,North,Mobile App,Credit Card,670.77,Returned
1320,478,2026-04-10,North,Retail Store,Net Banking,909.02,Delivered
1321,342,2024-06-08,North,Retail Store,Net Banking,189.34,Returned
1322,482,2024-12-16,South,Retail Store,Net Banking,1363.61,Cancelled
1323,219,2025-10-08,West,Website,Credit Card,1206.94,Delivered
1324,357,2026-01-04,West,Retail Store,Cash on Delivery,659.52,Delivered
1325,47,2026-02-28,West,Mobile App,UPI,323.15,Cancelled
1326,140,2025-03-09,West,Mobile App,Net Banking,59.99,Delivered
1327,238,2025-07-03,East,Mobile App,Cash on Delivery,1014.8,Shipped
1328,354,2024-06-27,East,Mobile App,Credit Card,83.43,Delivered
1329,290,2025-08-03,South,Mobile App,Net Banking,164.66,Returned
1330,180,2024-09-13,South,Retail Store,Debit Card,720.88,Returned
1331,149,2025-11-12,East,Retail Store,Net Banking,555.59,Delivered
1332,314,2024-09-25,West,Retail Store,Cash on Delivery,904.18,Cancelled
1333,116,2026-01-02,East,Mobile App,UPI,74.91,Returned
1334,54,2024-06-01,West,Website,Credit Card,1052.34,Delivered
1335,242,2026-01-13,South,Website,Credit Card,404.43,Delivered
1336,28,2024-06-21,South,Retail Store,UPI,204.62,Delivered
1337,271,2026-05-17,West,Website,UPI,894.41,Returned
1338,133,2026-05-06,East,Mobile App,Net Banking,370.87,Delivered
1339,456,2024-11-27,South,Mobile App,Debit Card,1402.54,Returned
1340,150,2024-11-27,East,Mobile App,Debit Card,1001.23,Delivered
1341,283,2026-03-21,East,Retail Store,Debit Card,875.17,Delivered
1342,20,2025-03-29,South,Mobile App,Credit Card,274.99,Cancelled
1343,385,2025-05-03,South,Website,Debit Card,243.54,Delivered
1344,113,2024-12-12,East,Mobile App,Net Banking,689.41,Returned
1345,187,2024-06-03,West,Mobile App,Debit Card,1175.06,Cancelled
1346,285,2025-02-12,West,Website,Debit Card,92.11,Delivered
1347,415,2024-06-09,North,Mobile App,Debit Card,1438.54,Returned
1348,470,2025-02-13,West,Retail Store,Credit Card,1255.96,Shipped
1349,117,2025-11-24,West,Website,Net Banking,961.94,Delivered
1350,469,2025-10-25,South,Website,Net Banking,411.2,Delivered
1351,235,2025-10-31,North,Website,UPI,1474.65,Cancelled
1352,307,2024-10-25,East,Website,Cash on Delivery,1458.86,Cancelled
1353,73,2025-10-10,West,Retail Store,UPI,412.17,Cancelled
1354,351,2025-02-14,West,Website,Debit Card,1123.05,Delivered
1355,6,2025-06-11,West,Retail Store,UPI,153.49,Delivered
1356,360,2024-11-26,West,Mobile App,Debit Card,281.94,Cancelled
1357,82,2025-05-26,South,Website,Net Banking,166.8,Shipped
1358,304,2025-03-12,North,Website,UPI,1389.89,Shipped
1359,224,2025-01-29,West,Retail Store,Debit Card,986.34,Delivered
1360,100,2024-12-19,North,Website,Cash on Delivery,1152.41,Delivered
1361,33,2026-03-12,North,Website,Debit Card,186.82,Delivered
1362,340,2024-09-16,East,Retail Store,Debit Card,1311.11,Cancelled
1363,159,2025-04-01,South,Retail Store,Credit Card,111.74,Shipped
1364,426,2025-04-10,East,Retail Store,Net Banking,974.82,Delivered
1365,415,2024-10-19,South,Website,Debit Card,315.38,Delivered
1366,314,2025-02-07,South,Website,UPI,1112.47,Cancelled
1367,264,2026-05-09,South,Website,Cash on Delivery,78.86,Delivered
1368,173,2024-12-08,West,Website,Credit Card,55.58,Returned
1369,126,2025-11-17,South,Retail Store,Credit Card,1406.21,Cancelled
1370,231,2025-07-05,West,Website,Net Banking,1146.62,Delivered
1371,110,2025-10-01,West,Retail Store,Credit Card,783.2,Returned
1372,204,2025-09-01,North,Website,Net Banking,850.62,Delivered
1373,340,2025-10-23,South,Website,Debit Card,1089.5,Delivered
1374,460,2024-12-01,West,Retail Store,Cash on Delivery,1106.07,Delivered
1375,86,2024-05-30,North,Retail Store,UPI,408.68,Delivered
1376,339,2025-10-15,South,Retail Store,Credit Card,1486.48,Returned
1377,197,2024-11-14,East,Retail Store,Credit Card,250.63,Shipped
1378,309,2025-02-27,West,Retail Store,Credit Card,1157.79,Returned
1379,211,2025-07-31,East,Website,Net Banking,882.44,Shipped
1380,142,2024-08-09,South,Retail Store,Cash on Delivery,1278.12,Delivered
1381,150,2026-01-12,North,Mobile App,UPI,508.25,Cancelled
1382,61,2024-06-25,South,Mobile App,Debit Card,1443.71,Delivered
1383,1,2025-12-14,South,Retail Store,Credit Card,528.33,Delivered
1384,404,2025-06-07,North,Website,Credit Card,358.64,Returned
1385,199,2025-03-19,North,Retail Store,UPI,1162.52,Delivered
1386,335,2024-09-22,West,Website,Net Banking,1323.37,Delivered
1387,191,2026-04-28,North,Website,Debit Card,443.51,Delivered
1388,287,2025-07-08,East,Website,UPI,1413.0,Shipped
1389,313,2026-01-25,West,Mobile App,Debit Card,507.37,Shipped
1390,121,2024-12-30,East,Mobile App,Credit Card,425.0,Delivered
1391,88,2024-08-30,South,Retail Store,Debit Card,503.18,Shipped
1392,374,2025-05-15,South,Website,Debit Card,1067.2,Cancelled
1393,66,2026-03-29,South,Website,Credit Card,1397.48,Shipped
1394,218,2025-02-25,South,Retail Store,UPI,855.74,Returned
1395,365,2025-04-09,North,Mobile App,Credit Card,1467.37,Delivered
1396,48,2025-02-12,West,Mobile App,UPI,440.41,Delivered
1397,427,2025-09-08,North,Mobile App,Cash on Delivery,485.41,Cancelled
1398,100,2024-09-28,South,Mobile App,Credit Card,1317.08,Delivered
1399,243,2025-10-24,South,Retail Store,Credit Card,561.31,Delivered
1400,63,2025-08-22,East,Mobile App,UPI,1256.01,Delivered
1401,97,2025-03-19,East,Mobile App,Net Banking,177.05,Shipped
1402,301,2026-02-02,East,Mobile App,Net Banking,429.89,Delivered
1403,58,2024-07-12,East,Mobile App,Debit Card,887.29,Cancelled
1404,277,2026-01-22,West,Retail Store,Cash on Delivery,471.24,Delivered
1405,385,2026-04-10,West,Retail Store,UPI,685.16,Cancelled
1406,380,2024-09-14,North,Website,Debit Card,153.61,Returned
1407,475,2025-04-25,East,Mobile App,UPI,1225.78,Delivered
1408,54,2024-08-16,South,Retail Store,Debit Card,975.38,Delivered
1409,6,2024-06-16,South,Website,Net Banking,728.61,Delivered
1410,322,2026-03-27,East,Retail Store,Cash on Delivery,830.77,Delivered
1411,124,2026-01-12,North,Website,Debit Card,1439.86,Cancelled
1412,179,2024-09-25,South,Retail Store,Net Banking,111.28,Delivered
1413,206,2024-08-03,East,Retail Store,Cash on Delivery,769.47,Shipped
1414,409,2026-02-16,North,Retail Store,Credit Card,958.62,Cancelled
1415,45,2026-03-21,East,Mobile App,Net Banking,397.14,Shipped
1416,249,2024-11-26,West,Website,Debit Card,839.82,Shipped
1417,36,2026-05-15,West,Website,Credit Card,1345.29,Cancelled
1418,20,2024-12-03,North,Website,Net Banking,1471.19,Delivered
1419,325,2025-02-13,East,Mobile App,Credit Card,816.86,Cancelled
1420,409,2024-07-08,West,Mobile App,Net Banking,427.19,Returned
1421,426,2025-04-25,West,Website,Net Banking,228.76,Delivered
1422,388,2025-06-20,East,Retail Store,Credit Card,344.49,Delivered
1423,146,2025-09-22,West,Website,UPI,186.72,Returned
1424,468,2024-09-16,East,Website,Cash on Delivery,1247.56,Shipped
1425,69,2025-05-16,East,Website,Credit Card,1389.55,Delivered
1426,231,2025-09-08,South,Website,UPI,1149.04,Delivered
1427,430,2026-05-15,East,Website,Cash on Delivery,361.88,Delivered
1428,489,2026-03-04,South,Website,UPI,838.78,Shipped
1429,382,2025-06-27,East,Retail Store,Net Banking,346.79,Delivered
1430,427,2026-05-04,South,Website,Net Banking,194.53,Cancelled
1431,356,2026-03-23,South,Website,Debit Card,1179.6,Delivered
1432,174,2025-09-12,West,Retail Store,UPI,93.54,Delivered
1433,336,2025-08-29,South,Website,Credit Card,208.28,Cancelled
1434,412,2025-02-07,East,Retail Store,UPI,1128.05,Delivered
1435,28,2024-10-19,South,Mobile App,UPI,1292.4,Delivered
1436,176,2024-11-25,South,Retail Store,UPI,1145.23,Delivered
1437,380,2025-08-23,West,Website,Net Banking,944.68,Delivered
1438,473,2024-10-04,West,Mobile App,Credit Card,994.74,Cancelled
1439,196,2024-06-30,South,Website,Credit Card,883.71,Delivered
1440,376,2026-02-04,West,Mobile App,Net Banking,856.2,Cancelled
1441,384,2025-01-15,West,Retail Store,Cash on Delivery,1465.81,Cancelled
1442,150,2026-02-17,South,Website,Net Banking,486.12,Delivered
1443,138,2025-10-28,West,Mobile App,Net Banking,1419.6,Delivered
1444,103,2025-10-09,South,Website,UPI,1358.86,Delivered
1445,281,2025-11-06,West,Website,UPI,1128.48,Shipped
1446,12,2026-01-07,North,Mobile App,Cash on Delivery,1141.8,Returned
1447,380,2026-01-09,West,Retail Store,Cash on Delivery,114.86,Delivered
1448,472,2026-01-25,East,Retail Store,Debit Card,411.11,Delivered
1449,43,2024-08-30,North,Mobile App,Credit Card,1010.12,Cancelled
1450,326,2025-02-14,North,Website,UPI,345.01,Delivered
1451,222,2025-08-19,South,Retail Store,Credit Card,188.46,Cancelled
1452,78,2024-10-12,South,Retail Store,Net Banking,914.87,Delivered
1453,18,2025-11-18,East,Retail Store,Credit Card,770.48,Returned
1454,487,2025-01-06,East,Mobile App,Credit Card,62.21,Delivered
1455,282,2024-09-19,West,Website,Debit Card,1190.14,Delivered
1456,89,2025-01-03,North,Mobile App,Net Banking,642.18,Delivered
1457,74,2025-09-05,North,Website,Credit Card,1098.94,Returned
1458,180,2024-08-23,South,Website,UPI,1422.43,Returned
1459,196,2024-07-10,East,Retail Store,Debit Card,1346.06,Shipped
1460,188,2025-10-17,South,Retail Store,UPI,763.14,Delivered
1461,482,2025-04-14,North,Retail Store,Debit Card,1247.77,Returned
1462,361,2025-06-24,East,Retail Store,Net Banking,1431.42,Delivered
1463,151,2025-09-20,West,Website,Debit Card,888.36,Returned
1464,156,2025-10-18,West,Mobile App,Debit Card,232.05,Delivered
1465,78,2024-08-20,East,Retail Store,Net Banking,1273.04,Cancelled
1466,393,2024-09-27,North,Retail Store,Cash on Delivery,764.93,Delivered
1467,448,2025-10-20,South,Retail Store,Credit Card,815.94,Delivered
1468,418,2025-06-07,East,Website,UPI,169.28,Returned
1469,160,2026-02-08,West,Website,Debit Card,770.17,Delivered
1470,17,2024-06-06,South,Mobile App,Net Banking,1229.27,Delivered
1471,302,2025-09-13,West,Website,Credit Card,1332.71,Shipped
1472,298,2026-03-18,East,Retail Store,Net Banking,1241.14,Delivered
1473,173,2025-11-17,South,Retail Store,Credit Card,82.82,Delivered
1474,219,2024-06-21,North,Retail Store,Net Banking,1465.12,Delivered
1475,397,2024-09-24,South,Mobile App,UPI,1264.38,Delivered
1476,239,2025-10-18,North,Website,Debit Card,994.43,Returned
1477,201,2026-01-13,North,Mobile App,Cash on Delivery,1019.89,Shipped
1478,296,2025-06-01,South,Website,UPI,129.63,Delivered
1479,24,2026-03-19,East,Website,UPI,1280.38,Returned
1480,71,2025-03-15,East,Retail Store,Credit Card,369.57,Delivered
1481,24,2024-10-21,North,Mobile App,Credit Card,596.73,Returned
1482,442,2025-04-26,South,Mobile App,Cash on Delivery,181.54,Delivered
1483,259,2026-01-13,West,Website,UPI,735.07,Cancelled
1484,414,2024-09-01,South,Website,Cash on Delivery,589.57,Cancelled
1485,10,2024-10-28,East,Mobile App,Net Banking,1149.65,Delivered
1486,53,2024-06-20,West,Website,Credit Card,1249.02,Shipped
1487,387,2026-03-22,West,Retail Store,Debit Card,747.67,Returned
1488,163,2025-04-03,South,Retail Store,Credit Card,1175.66,Shipped
1489,26,2024-11-05,South,Mobile App,UPI,1167.34,Shipped
1490,350,2024-12-21,South,Mobile App,Credit Card,1296.52,Returned
1491,184,2026-02-01,South,Website,Cash on Delivery,675.29,Cancelled
1492,400,2025-06-07,South,Mobile App,Credit Card,552.94,Delivered
1493,161,2024-12-06,East,Mobile App,Net Banking,133.77,Shipped
1494,433,2024-11-25,West,Website,Net Banking,1136.89,Delivered
1495,426,2025-06-07,West,Mobile App,Cash on Delivery,225.0,Shipped
1496,400,2025-03-21,South,Retail Store,Cash on Delivery,589.33,Delivered
1497,490,2026-01-06,North,Website,Cash on Delivery,1291.89,Delivered
1498,456,2025-02-20,South,Retail Store,Net Banking,439.52,Delivered
1499,231,2025-09-11,North,Website,Credit Card,630.09,Delivered
1500,428,2025-09-05,South,Mobile App,UPI,596.27,Delivered
1501,289,2025-03-05,West,Mobile App,Debit Card,1378.03,Delivered
1502,116,2024-10-01,West,Retail Store,Debit Card,1487.39,Shipped
1503,114,2025-05-15,North,Mobile App,Cash on Delivery,1234.8,Delivered
1504,422,2024-11-15,West,Website,Cash on Delivery,984.56,Delivered
1505,232,2024-05-24,West,Mobile App,Credit Card,657.11,Shipped
1506,290,2024-11-15,North,Website,Debit Card,1168.89,Delivered
1507,116,2024-11-17,South,Mobile App,Debit Card,408.54,Delivered
1508,35,2024-07-04,South,Mobile App,UPI,548.88,Delivered
1509,146,2025-04-25,North,Website,Net Banking,892.3,Cancelled
1510,4,2025-11-25,North,Mobile App,Cash on Delivery,1132.6,Cancelled
1511,451,2026-01-07,North,Mobile App,UPI,1139.47,Shipped
1512,206,2024-12-12,North,Mobile App,Net Banking,498.04,Delivered
1513,290,2024-12-18,West,Mobile App,Cash on Delivery,1479.68,Delivered
1514,164,2024-10-25,West,Mobile App,Net Banking,199.18,Delivered
1515,230,2025-01-13,North,Website,Cash on Delivery,909.98,Returned
1516,6,2025-04-14,North,Mobile App,Debit Card,1093.7,Delivered
1517,122,2026-04-06,North,Retail Store,Net Banking,753.42,Cancelled
1518,322,2026-04-15,East,Retail Store,Cash on Delivery,1197.26,Cancelled
1519,22,2025-08-08,West,Retail Store,Net Banking,1252.8,Delivered
1520,49,2025-05-25,North,Website,UPI,727.54,Cancelled
1521,88,2025-04-17,West,Retail Store,Net Banking,245.71,Delivered
1522,247,2024-09-29,South,Mobile App,UPI,1389.77,Returned
1523,5,2024-09-09,South,Mobile App,Net Banking,293.6,Delivered
1524,45,2025-03-14,South,Retail Store,Credit Card,1192.69,Cancelled
1525,424,2024-07-16,East,Mobile App,Debit Card,318.41,Shipped
1526,113,2025-01-30,East,Website,Cash on Delivery,947.82,Delivered
1527,114,2025-06-19,North,Retail Store,Credit Card,658.81,Delivered
1528,201,2025-03-08,South,Retail Store,Cash on Delivery,1084.18,Delivered
1529,238,2024-11-17,South,Mobile App,Net Banking,180.69,Shipped
1530,59,2024-06-05,East,Mobile App,Credit Card,1449.25,Delivered
1531,461,2025-03-14,North,Retail Store,Debit Card,716.66,Shipped
1532,150,2024-11-24,North,Mobile App,Net Banking,1222.84,Shipped
1533,154,2026-05-08,South,Website,Debit Card,466.2,Delivered
1534,257,2025-06-26,East,Mobile App,Cash on Delivery,1153.24,Delivered
1535,194,2024-10-11,West,Retail Store,Cash on Delivery,110.12,Returned
1536,247,2025-02-22,South,Website,Net Banking,1102.86,Delivered
1537,345,2025-08-04,North,Mobile App,Net Banking,1277.32,Returned
1538,373,2025-06-12,North,Retail Store,Net Banking,1272.7,Delivered
1539,338,2025-03-24,North,Retail Store,UPI,1233.89,Returned
1540,149,2025-01-20,East,Mobile App,Net Banking,98.24,Delivered
1541,261,2025-01-30,South,Website,Net Banking,750.42,Shipped
1542,478,2024-10-09,South,Retail Store,Debit Card,659.91,Shipped
1543,414,2024-07-10,West,Mobile App,Debit Card,880.33,Delivered
1544,433,2026-04-10,East,Retail Store,Debit Card,251.55,Delivered
1545,96,2024-07-25,North,Mobile App,Debit Card,887.93,Returned
1546,298,2024-11-21,North,Retail Store,Cash on Delivery,1233.78,Delivered
1547,217,2025-04-04,East,Website,Net Banking,901.6,Delivered
1548,346,2025-01-22,East,Mobile App,Cash on Delivery,1053.88,Delivered
1549,316,2025-05-07,West,Website,Credit Card,583.4,Cancelled
1550,441,2024-05-29,West,Retail Store,Net Banking,1433.08,Delivered
1551,195,2026-03-21,East,Retail Store,Debit Card,1356.82,Returned
1552,105,2024-06-24,North,Retail Store,Credit Card,708.68,Shipped
1553,427,2025-03-26,East,Website,Credit Card,713.58,Cancelled
1554,453,2025-06-22,North,Website,Net Banking,638.91,Delivered
1555,69,2024-06-10,South,Retail Store,Credit Card,711.62,Returned
1556,112,2025-04-22,West,Retail Store,Debit Card,980.79,Delivered
1557,209,2026-01-24,North,Retail Store,Credit Card,1411.24,Delivered
1558,466,2025-02-20,West,Mobile App,Credit Card,412.39,Shipped
1559,182,2025-01-06,West,Mobile App,Cash on Delivery,1143.15,Returned
1560,232,2025-10-16,South,Retail Store,UPI,450.85,Returned
1561,300,2024-08-07,South,Mobile App,Cash on Delivery,500.1,Shipped
1562,269,2025-06-24,South,Website,Net Banking,867.33,Delivered
1563,38,2025-08-31,West,Website,Debit Card,1344.18,Shipped
1564,231,2026-02-08,South,Mobile App,Net Banking,67.92,Delivered
1565,417,2025-01-31,North,Mobile App,Debit Card,924.53,Returned
1566,6,2024-06-23,North,Website,UPI,481.36,Returned
1567,154,2024-09-22,North,Website,Cash on Delivery,1226.71,Shipped
1568,427,2026-04-11,West,Mobile App,Debit Card,1126.31,Returned
1569,266,2024-11-27,South,Mobile App,Debit Card,94.92,Shipped
1570,68,2024-05-28,North,Mobile App,UPI,406.71,Delivered
1571,127,2025-04-03,West,Mobile App,Credit Card,1080.69,Delivered
1572,50,2024-06-06,North,Mobile App,Net Banking,769.01,Returned
1573,45,2026-01-03,South,Website,Debit Card,1057.76,Cancelled
1574,141,2025-08-26,East,Retail Store,Cash on Delivery,50.12,Delivered
1575,165,2024-08-10,North,Mobile App,Credit Card,1467.31,Returned
1576,310,2024-08-07,East,Retail Store,Credit Card,549.25,Cancelled
1577,459,2025-08-29,East,Mobile App,Cash on Delivery,618.98,Delivered
1578,421,2025-09-20,North,Website,UPI,66.4,Delivered
1579,458,2025-04-08,North,Retail Store,UPI,1477.83,Delivered
1580,191,2025-12-02,West,Retail Store,UPI,961.1,Returned
1581,277,2024-06-05,South,Mobile App,UPI,278.3,Returned
1582,370,2025-07-25,South,Website,Credit Card,1402.18,Cancelled
1583,348,2024-09-21,North,Retail Store,UPI,1305.2,Delivered
1584,194,2024-09-03,North,Mobile App,Cash on Delivery,449.73,Delivered
1585,10,2025-04-10,South,Retail Store,Net Banking,1033.27,Shipped
1586,385,2024-07-28,East,Mobile App,Credit Card,1243.17,Cancelled
1587,447,2025-07-15,South,Website,UPI,1069.53,Cancelled
1588,249,2025-12-13,West,Website,Debit Card,1364.93,Cancelled
1589,425,2024-06-01,East,Website,Debit Card,1109.85,Returned
1590,429,2024-06-01,North,Website,Debit Card,900.63,Cancelled
1591,328,2024-06-22,South,Mobile App,Debit Card,83.79,Delivered
1592,440,2024-09-15,South,Mobile App,Credit Card,121.83,Returned
1593,383,2025-12-15,East,Retail Store,UPI,1392.31,Delivered
1594,204,2025-07-13,South,Website,Cash on Delivery,1201.59,Delivered
1595,195,2024-06-05,South,Mobile App,Credit Card,1225.75,Delivered
1596,462,2025-07-13,North,Website,Debit Card,562.31,Delivered
1597,118,2026-04-19,North,Mobile App,Net Banking,1223.0,Delivered
1598,126,2026-01-18,East,Mobile App,Net Banking,872.39,Delivered
1599,294,2024-08-13,West,Mobile App,UPI,1279.04,Shipped
1600,281,2024-05-31,East,Retail Store,Net Banking,121.31,Delivered
1601,136,2025-01-29,North,Retail Store,Credit Card,867.31,Delivered
1602,251,2025-01-26,South,Website,Debit Card,1050.79,Cancelled
1603,472,2024-10-07,East,Website,Debit Card,1232.44,Shipped
1604,370,2025-11-22,East,Retail Store,Debit Card,117.76,Delivered
1605,217,2026-02-14,South,Website,Debit Card,798.59,Delivered
1606,5,2026-04-12,West,Mobile App,UPI,1299.93,Delivered
1607,354,2026-02-06,North,Website,Cash on Delivery,1441.13,Delivered
1608,126,2024-12-28,South,Website,Net Banking,1489.7,Returned
1609,112,2024-12-18,North,Mobile App,Cash on Delivery,1064.77,Delivered
1610,122,2025-06-15,North,Mobile App,Cash on Delivery,504.13,Cancelled
1611,243,2025-06-03,South,Mobile App,Net Banking,659.36,Delivered
1612,374,2024-08-04,East,Retail Store,Net Banking,437.54,Cancelled
1613,307,2026-05-17,West,Website,Cash on Delivery,1123.13,Delivered
1614,66,2024-10-05,South,Retail Store,UPI,1345.12,Delivered
1615,148,2025-12-20,East,Website,UPI,73.61,Returned
1616,380,2026-05-09,South,Website,Debit Card,1234.1,Cancelled
1617,434,2025-10-31,South,Website,Debit Card,702.86,Returned
1618,329,2025-06-06,West,Mobile App,Net Banking,1134.01,Cancelled
1619,439,2026-02-18,West,Website,Debit Card,622.71,Delivered
1620,451,2024-10-15,West,Website,Net Banking,631.13,Delivered
1621,462,2025-04-15,West,Retail Store,Cash on Delivery,639.21,Delivered
1622,52,2024-11-16,East,Mobile App,Net Banking,448.17,Delivered
1623,267,2025-07-22,South,Mobile App,Credit Card,568.25,Shipped
1624,3,2024-10-18,South,Website,Cash on Delivery,639.48,Cancelled
1625,100,2024-07-09,East,Mobile App,Debit Card,1378.65,Cancelled
1626,343,2026-01-06,North,Retail Store,Net Banking,975.06,Cancelled
1627,108,2025-05-30,West,Retail Store,UPI,813.61,Delivered
1628,499,2024-06-07,East,Mobile App,Debit Card,880.9,Returned
1629,425,2026-02-26,North,Website,Net Banking,51.58,Returned
1630,98,2025-04-08,South,Website,Debit Card,189.74,Returned
1631,263,2025-08-02,East,Retail Store,Cash on Delivery,1096.37,Delivered
1632,164,2026-03-11,West,Retail Store,Cash on Delivery,1218.67,Delivered
1633,126,2026-03-17,South,Website,Net Banking,95.14,Returned
1634,476,2025-11-03,South,Website,Net Banking,329.08,Delivered
1635,399,2024-10-21,West,Mobile App,UPI,866.53,Shipped
1636,320,2025-10-20,North,Website,Debit Card,380.6,Returned
1637,166,2026-05-14,East,Website,Net Banking,660.04,Delivered
1638,264,2024-07-30,East,Retail Store,Credit Card,514.59,Cancelled
1639,262,2026-02-06,West,Website,Net Banking,1248.82,Delivered
1640,304,2025-07-06,North,Website,Credit Card,1406.7,Returned
1641,469,2025-07-09,West,Retail Store,Cash on Delivery,103.14,Delivered
1642,247,2024-10-21,South,Mobile App,Cash on Delivery,929.71,Delivered
1643,125,2026-05-24,East,Website,Net Banking,761.7,Shipped
1644,393,2024-11-14,South,Website,UPI,527.44,Returned
1645,347,2024-06-26,East,Website,Credit Card,810.96,Cancelled
1646,33,2025-04-04,West,Website,Credit Card,1141.19,Delivered
1647,420,2025-11-21,North,Retail Store,Credit Card,895.03,Shipped
1648,211,2025-09-20,East,Website,Debit Card,1238.13,Shipped
1649,260,2026-04-01,South,Website,UPI,894.32,Shipped
1650,261,2025-06-30,South,Retail Store,Credit Card,248.22,Delivered
1651,47,2025-06-12,East,Website,Cash on Delivery,553.09,Returned
1652,150,2025-06-21,West,Retail Store,UPI,613.73,Returned
1653,146,2026-03-20,North,Retail Store,Net Banking,438.22,Cancelled
1654,2,2025-05-03,North,Website,Debit Card,161.54,Returned
1655,457,2024-09-02,South,Mobile App,UPI,1018.09,Shipped
1656,105,2026-05-04,West,Mobile App,UPI,87.45,Delivered
1657,372,2026-03-16,West,Retail Store,Debit Card,219.03,Delivered
1658,383,2025-07-01,South,Mobile App,Debit Card,1226.4,Delivered
1659,315,2026-01-16,North,Website,Debit Card,1101.54,Shipped
1660,62,2025-02-28,East,Website,Cash on Delivery,288.1,Delivered
1661,417,2024-07-16,North,Retail Store,Net Banking,407.18,Delivered
1662,193,2025-02-17,North,Mobile App,Cash on Delivery,115.22,Delivered
1663,73,2024-11-24,South,Retail Store,Credit Card,486.0,Delivered
1664,192,2026-04-27,West,Mobile App,Cash on Delivery,1252.71,Delivered
1665,33,2024-10-08,North,Mobile App,Credit Card,895.59,Delivered
1666,100,2024-07-16,East,Retail Store,Credit Card,136.67,Returned
1667,324,2024-09-07,North,Mobile App,Cash on Delivery,162.54,Shipped
1668,164,2025-07-31,East,Website,UPI,1153.43,Delivered
1669,483,2025-02-17,South,Retail Store,Debit Card,67.74,Delivered
1670,95,2025-10-20,West,Mobile App,UPI,1369.43,Delivered
1671,14,2025-07-11,West,Mobile App,Credit Card,199.49,Delivered
1672,106,2025-11-06,South,Website,Debit Card,1286.68,Delivered
1673,445,2026-01-15,South,Website,Debit Card,118.43,Shipped
1674,59,2024-12-22,East,Retail Store,UPI,353.16,Cancelled
1675,187,2024-11-25,West,Website,Debit Card,279.57,Returned
1676,227,2025-08-05,North,Website,UPI,896.29,Shipped
1677,142,2026-04-01,East,Website,Cash on Delivery,734.25,Delivered
1678,417,2025-04-29,North,Mobile App,Net Banking,1157.84,Shipped
1679,470,2025-07-24,West,Mobile App,Credit Card,436.57,Delivered
1680,399,2025-02-25,West,Mobile App,UPI,1017.04,Delivered
1681,79,2025-03-16,South,Retail Store,Net Banking,766.09,Cancelled
1682,329,2025-09-04,West,Website,Cash on Delivery,1400.27,Delivered
1683,343,2026-01-05,North,Mobile App,Credit Card,620.28,Cancelled
1684,312,2025-12-04,North,Mobile App,Credit Card,564.0,Delivered
1685,195,2024-07-23,West,Retail Store,Debit Card,1173.77,Delivered
1686,491,2025-12-12,North,Retail Store,Debit Card,610.57,Delivered
1687,426,2026-03-03,South,Mobile App,UPI,549.49,Shipped
1688,72,2026-01-13,East,Website,Debit Card,623.35,Cancelled
1689,291,2025-09-07,North,Retail Store,Net Banking,704.67,Returned
1690,169,2025-01-04,North,Website,Credit Card,1436.1,Delivered
1691,291,2026-01-30,East,Retail Store,Cash on Delivery,99.14,Delivered
1692,470,2026-04-05,West,Mobile App,Debit Card,1437.65,Delivered
1693,466,2025-12-02,North,Website,Net Banking,65.11,Delivered
1694,469,2025-12-02,North,Retail Store,Credit Card,1320.45,Cancelled
1695,63,2024-12-15,East,Retail Store,UPI,488.43,Delivered
1696,32,2026-05-06,West,Retail Store,Credit Card,754.21,Cancelled
1697,41,2025-04-20,West,Website,Credit Card,1196.54,Delivered
1698,70,2025-03-30,West,Retail Store,Credit Card,284.28,Cancelled
1699,244,2025-10-28,East,Mobile App,Net Banking,477.12,Shipped
1700,471,2026-03-07,West,Mobile App,Cash on Delivery,1457.41,Returned
1701,364,2025-01-22,North,Mobile App,Debit Card,530.67,Shipped
1702,458,2024-08-08,North,Website,UPI,460.34,Returned
1703,278,2026-01-25,East,Retail Store,Cash on Delivery,1376.61,Delivered
1704,232,2025-05-15,West,Website,UPI,577.89,Cancelled
1705,207,2024-10-07,East,Mobile App,UPI,87.54,Shipped
1706,43,2025-03-21,East,Website,Debit Card,57.39,Shipped
1707,498,2024-09-03,West,Website,Cash on Delivery,254.04,Shipped
1708,76,2024-11-25,South,Retail Store,Debit Card,461.67,Cancelled
1709,1,2025-02-27,North,Website,Cash on Delivery,438.57,Cancelled
1710,361,2024-09-19,South,Mobile App,Credit Card,1247.76,Delivered
1711,304,2024-10-05,North,Mobile App,UPI,220.61,Returned
1712,9,2024-08-06,North,Mobile App,Credit Card,951.99,Returned
1713,285,2025-07-17,West,Mobile App,Debit Card,848.37,Delivered
1714,198,2025-01-06,East,Mobile App,Cash on Delivery,981.59,Delivered
1715,422,2026-03-31,West,Mobile App,Debit Card,1241.93,Shipped
1716,309,2025-08-07,North,Retail Store,UPI,570.96,Delivered
1717,388,2025-02-27,East,Mobile App,Credit Card,170.34,Delivered
1718,36,2025-03-26,North,Website,UPI,368.93,Delivered
1719,411,2024-06-02,East,Retail Store,Debit Card,398.56,Delivered
1720,158,2024-09-14,East,Mobile App,Debit Card,1416.33,Shipped
1721,85,2025-06-05,West,Website,Debit Card,1495.29,Delivered
1722,93,2025-01-06,North,Mobile App,Cash on Delivery,1386.35,Delivered
1723,249,2025-03-22,South,Retail Store,Debit Card,1252.37,Delivered
1724,196,2026-02-01,South,Mobile App,Credit Card,624.51,Delivered
1725,273,2025-05-25,North,Website,Debit Card,115.37,Delivered
1726,30,2026-03-16,North,Website,Cash on Delivery,989.65,Shipped
1727,431,2025-05-07,West,Retail Store,UPI,1065.02,Delivered
1728,43,2025-06-22,West,Mobile App,Cash on Delivery,1164.15,Delivered
1729,152,2025-05-20,South,Retail Store,Cash on Delivery,1063.98,Delivered
1730,220,2025-07-28,West,Mobile App,Credit Card,549.67,Returned
1731,245,2025-12-05,North,Mobile App,Credit Card,1205.87,Cancelled
1732,36,2026-04-15,North,Mobile App,Net Banking,957.79,Returned
1733,351,2025-10-03,North,Retail Store,UPI,899.37,Delivered
1734,113,2025-10-15,North,Website,UPI,1276.41,Cancelled
1735,386,2025-11-25,South,Website,Credit Card,350.41,Delivered
1736,252,2026-03-29,South,Retail Store,Net Banking,648.47,Cancelled
1737,471,2025-11-11,South,Website,Credit Card,192.62,Delivered
1738,84,2026-05-11,West,Mobile App,UPI,316.78,Shipped
1739,94,2025-03-06,East,Mobile App,Debit Card,1445.24,Delivered
1740,151,2026-01-16,West,Website,Debit Card,454.09,Cancelled
1741,3,2025-07-21,South,Retail Store,Net Banking,524.14,Cancelled
1742,92,2026-01-25,South,Retail Store,UPI,1068.12,Cancelled
1743,462,2024-05-28,South,Website,Debit Card,474.43,Shipped
1744,443,2025-11-07,East,Retail Store,Credit Card,715.49,Delivered
1745,285,2026-04-20,South,Website,Debit Card,694.83,Returned
1746,250,2025-07-07,West,Website,Net Banking,335.84,Returned
1747,35,2024-10-12,South,Website,Credit Card,1342.44,Returned
1748,485,2025-10-27,South,Retail Store,Cash on Delivery,927.62,Shipped
1749,5,2025-05-02,East,Retail Store,UPI,1341.45,Cancelled
1750,367,2024-07-16,North,Website,Debit Card,429.25,Delivered
1751,26,2026-03-23,North,Website,Credit Card,1353.44,Delivered
1752,32,2025-03-08,North,Mobile App,Debit Card,142.62,Shipped
1753,159,2025-09-05,East,Mobile App,Cash on Delivery,122.41,Delivered
1754,47,2026-02-05,North,Website,Net Banking,1195.95,Returned
1755,360,2024-09-06,West,Website,Credit Card,580.43,Shipped
1756,82,2025-07-21,North,Mobile App,Credit Card,1093.15,Delivered
1757,179,2025-07-30,East,Mobile App,Debit Card,840.88,Delivered
1758,49,2025-09-15,West,Mobile App,Cash on Delivery,112.81,Returned
1759,418,2024-12-17,North,Website,Cash on Delivery,544.41,Delivered
1760,85,2025-04-16,South,Retail Store,UPI,1417.91,Shipped
1761,240,2024-12-05,North,Retail Store,Cash on Delivery,1389.59,Delivered
1762,285,2024-11-10,West,Mobile App,Net Banking,711.03,Returned
1763,164,2024-10-02,West,Retail Store,Cash on Delivery,1386.24,Delivered
1764,227,2024-08-16,South,Website,Credit Card,1249.56,Returned
1765,435,2026-05-02,West,Mobile App,Credit Card,1148.22,Returned
1766,395,2025-09-02,West,Mobile App,Credit Card,930.52,Returned
1767,484,2024-10-12,West,Retail Store,UPI,334.6,Shipped
1768,355,2025-03-11,West,Retail Store,Debit Card,660.93,Delivered
1769,36,2025-07-04,South,Mobile App,Credit Card,94.56,Delivered
1770,307,2025-09-02,South,Website,UPI,469.08,Cancelled
1771,146,2025-12-29,West,Mobile App,Cash on Delivery,182.37,Delivered
1772,483,2025-10-12,South,Retail Store,Net Banking,663.76,Delivered
1773,11,2025-12-04,West,Retail Store,Credit Card,175.22,Returned
1774,206,2026-03-22,South,Retail Store,Credit Card,1324.71,Returned
1775,365,2024-12-15,North,Website,Credit Card,132.45,Delivered
1776,270,2026-03-14,South,Mobile App,UPI,143.48,Cancelled
1777,202,2024-11-14,North,Retail Store,Credit Card,253.48,Delivered
1778,425,2024-08-22,North,Mobile App,Cash on Delivery,1422.97,Returned
1779,230,2026-02-16,East,Website,Credit Card,858.66,Delivered
1780,208,2025-10-03,West,Mobile App,Credit Card,788.18,Shipped
1781,451,2026-03-10,South,Mobile App,Net Banking,299.25,Delivered
1782,359,2026-04-28,South,Mobile App,Net Banking,174.16,Shipped
1783,290,2025-11-23,North,Website,UPI,545.03,Shipped
1784,13,2025-04-13,North,Website,UPI,230.96,Shipped
1785,248,2025-12-09,South,Retail Store,Credit Card,1432.43,Delivered
1786,397,2024-07-07,North,Retail Store,Cash on Delivery,316.27,Delivered
1787,64,2024-09-05,South,Mobile App,Credit Card,142.52,Cancelled
1788,117,2024-12-03,West,Retail Store,Debit Card,1240.22,Returned
1789,133,2026-05-12,West,Mobile App,Debit Card,730.88,Returned
1790,485,2026-04-03,East,Mobile App,Net Banking,420.78,Returned
1791,371,2024-07-30,East,Mobile App,Net Banking,1349.67,Cancelled
1792,438,2025-07-24,West,Website,Net Banking,1469.02,Delivered
1793,395,2026-02-07,South,Retail Store,UPI,486.11,Returned
1794,306,2024-11-19,East,Mobile App,Net Banking,289.52,Delivered
1795,89,2026-01-31,South,Retail Store,Credit Card,1060.57,Shipped
1796,326,2025-05-12,North,Website,Cash on Delivery,1391.8,Delivered
1797,337,2024-11-29,North,Mobile App,Debit Card,547.96,Delivered
1798,318,2025-04-27,South,Website,Credit Card,211.93,Delivered
1799,77,2025-12-09,West,Retail Store,Net Banking,1363.86,Returned
1800,367,2026-04-17,East,Mobile App,UPI,546.22,Delivered
1801,49,2024-08-12,West,Retail Store,UPI,548.83,Delivered
1802,279,2024-09-11,West,Mobile App,Debit Card,408.8,Delivered
1803,453,2024-09-04,South,Mobile App,Credit Card,794.86,Cancelled
1804,82,2024-06-07,North,Mobile App,Cash on Delivery,389.36,Cancelled
1805,172,2024-06-26,East,Retail Store,Cash on Delivery,1241.18,Cancelled
1806,347,2024-09-03,South,Website,UPI,1183.38,Cancelled
1807,24,2026-04-19,South,Retail Store,Debit Card,1188.88,Delivered
1808,242,2025-05-29,East,Mobile App,Net Banking,726.51,Cancelled
1809,453,2026-02-12,East,Website,Credit Card,1335.57,Returned
1810,165,2024-06-09,West,Website,Cash on Delivery,216.3,Returned
1811,73,2026-04-25,North,Retail Store,Credit Card,1110.17,Shipped
1812,282,2025-01-31,West,Retail Store,Credit Card,1190.93,Shipped
1813,184,2024-10-11,West,Mobile App,Credit Card,691.0,Delivered
1814,163,2024-07-15,North,Website,Credit Card,239.85,Returned
1815,305,2025-04-12,West,Mobile App,Net Banking,118.48,Returned
1816,400,2024-12-20,East,Mobile App,Net Banking,1035.16,Delivered
1817,404,2025-08-01,North,Website,Credit Card,1338.57,Cancelled
1818,125,2025-01-29,East,Mobile App,Credit Card,195.8,Delivered
1819,408,2025-01-20,South,Website,Cash on Delivery,1123.34,Returned
1820,63,2026-03-07,West,Website,Net Banking,1269.59,Delivered
1821,95,2024-07-10,North,Website,UPI,237.63,Delivered
1822,468,2024-06-02,West,Website,Net Banking,400.09,Cancelled
1823,271,2025-06-08,North,Website,Cash on Delivery,1142.54,Cancelled
1824,316,2025-07-02,East,Mobile App,Net Banking,1242.92,Cancelled
1825,229,2026-04-24,North,Retail Store,Cash on Delivery,775.69,Delivered
1826,191,2025-05-31,West,Website,Net Banking,192.75,Cancelled
1827,91,2025-10-12,West,Website,Debit Card,51.23,Returned
1828,399,2024-08-31,East,Website,Credit Card,593.16,Delivered
1829,276,2025-12-23,West,Retail Store,Cash on Delivery,1358.47,Delivered
1830,278,2025-01-04,West,Retail Store,Cash on Delivery,1384.77,Delivered
1831,197,2025-04-26,South,Mobile App,Credit Card,113.34,Delivered
1832,49,2024-08-15,West,Website,Debit Card,794.67,Delivered
1833,347,2025-08-25,East,Retail Store,Net Banking,1346.87,Cancelled
1834,214,2025-05-23,North,Retail Store,Cash on Delivery,825.08,Delivered
1835,109,2026-03-02,East,Mobile App,Debit Card,187.33,Shipped
1836,427,2025-05-19,West,Website,Net Banking,199.87,Cancelled
1837,437,2026-04-30,North,Mobile App,Cash on Delivery,1468.14,Delivered
1838,256,2024-08-10,West,Mobile App,UPI,323.36,Returned
1839,411,2025-01-26,North,Mobile App,Cash on Delivery,1298.43,Delivered
1840,308,2025-05-24,East,Mobile App,Cash on Delivery,1175.96,Cancelled
1841,247,2025-03-05,South,Retail Store,Debit Card,260.97,Delivered
1842,427,2025-10-11,West,Website,Credit Card,1237.41,Delivered
1843,293,2026-01-26,East,Mobile App,UPI,191.62,Delivered
1844,24,2026-03-21,West,Retail Store,UPI,575.43,Cancelled
1845,206,2025-10-26,North,Website,Debit Card,362.9,Cancelled
1846,362,2024-11-24,East,Website,Debit Card,987.19,Returned
1847,223,2025-04-09,East,Website,Credit Card,1342.76,Delivered
1848,355,2025-03-06,South,Mobile App,Credit Card,1061.67,Delivered
1849,314,2026-01-03,East,Website,UPI,767.74,Delivered
1850,29,2025-10-26,South,Mobile App,Credit Card,1017.73,Delivered
1851,197,2025-04-16,East,Website,Cash on Delivery,910.77,Delivered
1852,246,2025-06-19,West,Mobile App,Cash on Delivery,1012.75,Shipped
1853,347,2024-06-09,South,Mobile App,Debit Card,456.64,Returned
1854,382,2024-12-02,East,Mobile App,Debit Card,342.28,Delivered
1855,416,2025-03-14,South,Mobile App,Debit Card,1104.81,Delivered
1856,442,2025-05-14,South,Retail Store,Cash on Delivery,1220.09,Delivered
1857,50,2025-09-17,West,Mobile App,Credit Card,424.99,Delivered
1858,265,2025-08-11,West,Mobile App,Cash on Delivery,831.4,Cancelled
1859,434,2025-02-15,West,Website,Credit Card,88.16,Delivered
1860,40,2025-11-30,West,Website,Credit Card,607.32,Returned
1861,455,2026-03-10,West,Retail Store,Cash on Delivery,525.12,Delivered
1862,176,2025-04-07,North,Website,UPI,1356.8,Cancelled
1863,29,2026-04-22,South,Retail Store,UPI,1313.38,Shipped
1864,126,2025-07-14,North,Retail Store,Net Banking,334.0,Cancelled
1865,296,2025-06-14,East,Website,Cash on Delivery,990.36,Delivered
1866,193,2025-09-22,North,Website,Net Banking,524.94,Delivered
1867,130,2025-03-31,East,Website,Cash on Delivery,424.34,Cancelled
1868,245,2024-07-11,West,Website,Credit Card,1334.57,Delivered
1869,126,2025-06-29,West,Retail Store,UPI,1060.1,Cancelled
1870,430,2025-10-20,East,Website,Cash on Delivery,563.51,Delivered
1871,13,2025-02-19,South,Website,Net Banking,660.81,Delivered
1872,103,2025-03-25,North,Website,UPI,1143.85,Delivered
1873,436,2025-03-04,North,Mobile App,UPI,627.72,Returned
1874,468,2024-12-15,South,Mobile App,Net Banking,1476.59,Returned
1875,239,2024-06-22,North,Website,Credit Card,1116.64,Delivered
1876,404,2025-03-03,West,Mobile App,Credit Card,502.34,Delivered
1877,344,2026-03-21,West,Retail Store,Debit Card,1076.85,Delivered
1878,368,2024-11-08,South,Retail Store,Debit Card,55.23,Delivered
1879,130,2024-07-19,East,Website,Debit Card,1319.72,Cancelled
1880,174,2024-11-11,East,Mobile App,UPI,1303.88,Delivered
1881,135,2025-03-08,North,Website,Debit Card,1378.67,Delivered
1882,47,2024-12-18,East,Website,Cash on Delivery,1027.76,Delivered
1883,396,2025-04-14,North,Mobile App,Debit Card,1428.76,Cancelled
1884,193,2025-04-27,East,Retail Store,Credit Card,596.35,Delivered
1885,34,2025-02-12,West,Website,UPI,234.35,Cancelled
1886,238,2025-01-26,North,Retail Store,Credit Card,301.41,Cancelled
1887,46,2024-12-11,South,Website,UPI,1329.85,Delivered
1888,414,2025-04-03,East,Website,Net Banking,689.38,Delivered
1889,455,2025-07-15,East,Retail Store,Cash on Delivery,489.46,Delivered
1890,401,2025-12-16,South,Retail Store,Cash on Delivery,192.51,Shipped
1891,470,2026-05-05,West,Retail Store,Net Banking,1050.53,Delivered
1892,341,2025-02-04,South,Retail Store,Credit Card,636.52,Delivered
1893,292,2025-06-18,South,Website,Cash on Delivery,330.65,Delivered
1894,67,2024-10-06,West,Website,Debit Card,278.96,Delivered
1895,287,2025-05-06,West,Retail Store,Debit Card,418.43,Delivered
1896,413,2025-06-17,North,Mobile App,Cash on Delivery,91.59,Delivered
1897,355,2026-02-04,East,Website,Cash on Delivery,83.78,Delivered
1898,113,2025-11-02,West,Retail Store,Cash on Delivery,1393.78,Shipped
1899,432,2026-01-19,North,Website,Credit Card,1209.08,Delivered
1900,390,2025-02-10,East,Retail Store,Debit Card,862.17,Returned
1901,288,2025-01-24,East,Website,Net Banking,737.64,Returned
1902,65,2026-03-28,West,Mobile App,Credit Card,1221.35,Delivered
1903,462,2024-05-25,North,Retail Store,Debit Card,273.68,Delivered
1904,249,2025-07-17,West,Retail Store,Credit Card,935.68,Shipped
1905,244,2025-05-01,South,Website,Debit Card,568.25,Delivered
1906,351,2026-05-20,East,Retail Store,Debit Card,1389.46,Returned
1907,430,2026-03-22,North,Retail Store,Cash on Delivery,764.88,Delivered
1908,160,2024-09-15,West,Mobile App,Cash on Delivery,918.34,Delivered
1909,490,2024-12-21,East,Retail Store,Cash on Delivery,1236.36,Delivered
1910,44,2025-04-24,West,Retail Store,Debit Card,300.2,Delivered
1911,396,2026-04-02,South,Mobile App,Net Banking,644.8,Delivered
1912,430,2025-04-30,South,Mobile App,Debit Card,593.36,Cancelled
1913,300,2024-10-28,West,Website,Cash on Delivery,1341.27,Shipped
1914,384,2024-12-21,West,Retail Store,UPI,954.87,Delivered
1915,421,2025-05-16,West,Mobile App,Debit Card,1214.38,Delivered
1916,497,2025-04-17,South,Retail Store,Debit Card,1298.3,Returned
1917,483,2026-02-04,East,Mobile App,Net Banking,979.95,Delivered
1918,342,2025-12-21,North,Retail Store,Cash on Delivery,143.78,Shipped
1919,106,2026-04-12,North,Mobile App,UPI,948.87,Delivered
1920,299,2024-06-30,West,Website,UPI,522.91,Returned
1921,90,2024-10-15,North,Retail Store,UPI,1163.14,Delivered
1922,340,2024-07-11,North,Website,UPI,983.0,Shipped
1923,483,2025-06-02,West,Retail Store,UPI,631.87,Delivered
1924,274,2025-04-25,East,Mobile App,Debit Card,948.38,Delivered
1925,179,2025-12-10,North,Retail Store,Cash on Delivery,1189.35,Delivered
1926,396,2025-02-16,North,Website,Net Banking,293.08,Delivered
1927,500,2025-08-22,North,Mobile App,Net Banking,1020.69,Shipped
1928,266,2026-05-23,South,Mobile App,UPI,590.65,Shipped
1929,98,2026-02-06,West,Website,Credit Card,162.86,Delivered
1930,279,2025-08-09,South,Retail Store,UPI,505.03,Delivered
1931,181,2024-12-12,West,Mobile App,Debit Card,583.62,Returned
1932,69,2025-11-21,South,Mobile App,Credit Card,1452.21,Delivered
1933,25,2026-02-01,West,Mobile App,Debit Card,764.12,Delivered
1934,361,2026-04-07,North,Retail Store,Credit Card,1375.55,Returned
1935,423,2024-06-18,South,Mobile App,Debit Card,1425.45,Returned
1936,415,2024-09-30,South,Website,Debit Card,159.56,Returned
1937,300,2025-10-06,South,Mobile App,Cash on Delivery,1304.46,Shipped
1938,352,2025-04-13,East,Mobile App,Credit Card,208.59,Delivered
1939,106,2025-12-10,North,Retail Store,Cash on Delivery,363.76,Returned
1940,485,2024-08-08,East,Retail Store,Cash on Delivery,403.55,Delivered
1941,107,2025-06-26,North,Website,Credit Card,786.83,Shipped
1942,56,2025-12-01,South,Mobile App,Net Banking,259.35,Cancelled
1943,76,2024-07-05,East,Retail Store,Cash on Delivery,1276.06,Shipped
1944,132,2026-02-12,West,Mobile App,UPI,208.32,Cancelled
1945,368,2026-04-25,South,Retail Store,Credit Card,611.01,Delivered
1946,64,2025-12-10,North,Retail Store,UPI,860.05,Delivered
1947,489,2024-06-04,West,Mobile App,Debit Card,220.91,Delivered
1948,488,2024-11-15,West,Website,Debit Card,302.64,Shipped
1949,119,2025-10-21,East,Website,Cash on Delivery,976.23,Delivered
1950,112,2026-04-30,East,Website,Credit Card,1320.32,Returned
1951,78,2025-12-01,South,Website,Credit Card,878.47,Delivered
1952,359,2024-06-20,South,Website,UPI,645.67,Shipped
1953,67,2025-02-07,West,Website,UPI,185.17,Shipped
1954,133,2024-09-19,West,Mobile App,Net Banking,723.94,Returned
1955,390,2025-01-21,North,Website,Debit Card,306.72,Cancelled
1956,144,2025-11-21,North,Retail Store,UPI,1066.32,Shipped
1957,439,2025-05-08,East,Website,Net Banking,124.62,Cancelled
1958,158,2025-08-27,East,Mobile App,UPI,656.57,Shipped
1959,350,2026-01-04,South,Mobile App,Cash on Delivery,539.89,Returned
1960,6,2026-02-06,East,Retail Store,Net Banking,816.22,Delivered
1961,320,2025-08-20,West,Mobile App,Net Banking,914.41,Shipped
1962,290,2025-07-14,South,Mobile App,Debit Card,770.65,Cancelled
1963,485,2025-08-15,South,Mobile App,Credit Card,238.52,Cancelled
1964,351,2025-01-26,North,Website,Debit Card,944.33,Delivered
1965,349,2024-05-26,West,Retail Store,UPI,998.83,Delivered
1966,70,2025-10-23,East,Website,Net Banking,1087.33,Delivered
1967,130,2025-11-18,East,Mobile App,Cash on Delivery,744.37,Delivered
1968,180,2025-04-07,South,Retail Store,Credit Card,519.78,Shipped
1969,204,2024-06-21,South,Website,Debit Card,1097.05,Delivered
1970,319,2025-04-22,West,Mobile App,Debit Card,1429.56,Cancelled
1971,471,2025-11-06,West,Website,Credit Card,414.82,Delivered
1972,154,2024-09-18,West,Website,Debit Card,332.31,Delivered
1973,76,2026-04-21,South,Retail Store,Credit Card,169.29,Shipped
1974,71,2026-03-29,North,Website,UPI,638.4,Delivered
1975,423,2024-07-15,South,Retail Store,Net Banking,130.33,Cancelled
1976,488,2025-10-11,South,Website,Cash on Delivery,363.44,Cancelled
1977,443,2025-02-13,East,Mobile App,Cash on Delivery,272.62,Delivered
1978,23,2024-09-10,West,Mobile App,Cash on Delivery,1472.76,Shipped
1979,67,2024-07-10,North,Retail Store,Debit Card,847.08,Returned
1980,332,2024-12-12,West,Retail Store,UPI,783.01,Cancelled
1981,416,2024-09-28,North,Mobile App,Debit Card,1213.0,Returned
1982,154,2025-12-19,West,Website,Cash on Delivery,647.47,Shipped
1983,92,2025-03-27,West,Retail Store,Net Banking,391.67,Returned
1984,319,2025-09-09,West,Website,Cash on Delivery,1463.01,Shipped
1985,315,2025-12-30,North,Website,UPI,1395.74,Returned
1986,151,2025-09-18,West,Website,Credit Card,1095.44,Cancelled
1987,66,2025-03-14,South,Mobile App,Net Banking,1057.06,Returned
1988,114,2025-07-20,South,Website,Cash on Delivery,1152.69,Returned
1989,56,2026-05-21,North,Mobile App,Debit Card,1238.41,Shipped
1990,325,2024-07-30,East,Website,Cash on Delivery,1205.92,Delivered
1991,276,2026-03-07,South,Retail Store,UPI,943.86,Returned
1992,394,2024-11-07,East,Mobile App,Debit Card,633.89,Delivered
1993,310,2025-12-21,North,Retail Store,Credit Card,1069.6,Returned
1994,209,2024-08-01,East,Mobile App,Debit Card,704.83,Shipped
1995,366,2025-03-10,South,Retail Store,Debit Card,231.16,Cancelled
1996,101,2025-04-02,South,Retail Store,Cash on Delivery,630.36,Delivered
1997,356,2025-01-06,East,Mobile App,Debit Card,409.77,Cancelled
1998,11,2025-09-28,South,Mobile App,UPI,410.4,Returned
1999,433,2024-11-23,South,Mobile App,Net Banking,1403.44,Delivered
2000,25,2024-09-29,South,Website,UPI,188.96,Delivered
2001,78,2026-03-18,East,Mobile App,Net Banking,493.05,Delivered
2002,422,2025-05-12,North,Mobile App,Debit Card,1107.38,Delivered
2003,409,2025-01-15,South,Retail Store,Debit Card,1471.96,Shipped
2004,433,2024-08-08,East,Retail Store,Net Banking,394.3,Delivered
2005,224,2024-08-06,East,Website,UPI,273.07,Delivered
2006,468,2025-10-23,North,Retail Store,Cash on Delivery,105.02,Delivered
2007,376,2024-08-30,North,Retail Store,Debit Card,919.85,Shipped
2008,496,2025-10-26,West,Retail Store,Cash on Delivery,1114.1,Delivered
2009,246,2024-11-20,North,Website,Net Banking,1426.41,Returned
2010,216,2025-03-09,North,Mobile App,Cash on Delivery,373.75,Returned
2011,394,2025-07-07,West,Retail Store,Cash on Delivery,896.78,Cancelled
2012,134,2025-06-24,West,Mobile App,Cash on Delivery,101.21,Shipped
2013,218,2025-03-31,East,Mobile App,Credit Card,559.09,Cancelled
2014,108,2026-01-16,South,Website,Credit Card,245.32,Cancelled
2015,10,2026-04-17,South,Website,Net Banking,767.94,Cancelled
2016,74,2025-02-16,North,Website,UPI,1435.19,Delivered
2017,382,2024-06-30,South,Retail Store,Net Banking,632.12,Shipped
2018,50,2025-06-29,South,Website,Debit Card,1207.58,Delivered
2019,41,2025-03-18,South,Mobile App,Debit Card,941.88,Cancelled
2020,290,2026-03-14,West,Mobile App,UPI,649.3,Shipped
2021,268,2026-02-03,West,Website,Debit Card,538.39,Shipped
2022,115,2025-03-13,North,Mobile App,Net Banking,1128.16,Shipped
2023,338,2025-06-05,North,Mobile App,Credit Card,1388.39,Returned
2024,207,2025-08-08,North,Retail Store,Cash on Delivery,1211.51,Delivered
2025,249,2026-03-05,North,Retail Store,Cash on Delivery,603.35,Delivered
2026,8,2024-10-19,South,Mobile App,Cash on Delivery,266.3,Cancelled
2027,429,2024-09-13,North,Retail Store,Debit Card,601.38,Shipped
2028,233,2024-08-26,North,Website,Cash on Delivery,1216.14,Cancelled
2029,372,2025-10-03,West,Retail Store,Cash on Delivery,1020.17,Delivered
2030,265,2024-09-07,North,Retail Store,Credit Card,502.47,Delivered
2031,162,2026-03-06,North,Mobile App,Cash on Delivery,1019.35,Delivered
2032,414,2025-06-23,West,Website,UPI,1007.84,Cancelled
2033,65,2024-10-27,West,Mobile App,Net Banking,919.48,Delivered
2034,312,2024-09-10,South,Mobile App,Cash on Delivery,468.95,Delivered
2035,482,2024-07-29,North,Mobile App,Net Banking,1391.92,Shipped
2036,309,2025-07-13,East,Mobile App,Net Banking,1190.87,Delivered
2037,149,2025-11-08,West,Mobile App,Cash on Delivery,485.45,Cancelled
2038,208,2024-09-10,North,Website,Net Banking,1207.0,Delivered
2039,335,2025-09-28,East,Retail Store,UPI,913.5,Delivered
2040,477,2024-08-07,West,Website,Cash on Delivery,1070.05,Shipped
2041,13,2024-11-14,North,Mobile App,UPI,475.9,Delivered
2042,156,2026-04-03,West,Retail Store,UPI,592.34,Delivered
2043,185,2025-01-28,North,Website,UPI,944.92,Cancelled
2044,493,2025-12-26,East,Mobile App,Debit Card,445.92,Shipped
2045,193,2025-04-26,South,Retail Store,Debit Card,1305.35,Returned
2046,200,2025-08-17,North,Mobile App,Credit Card,579.67,Cancelled
2047,237,2026-02-05,South,Website,Credit Card,613.44,Delivered
2048,385,2025-02-17,West,Mobile App,Net Banking,352.51,Cancelled
2049,357,2024-09-02,West,Mobile App,Cash on Delivery,1449.07,Delivered
2050,28,2024-05-31,North,Retail Store,Credit Card,1186.47,Delivered
2051,38,2025-07-23,North,Retail Store,Net Banking,329.16,Delivered
2052,345,2025-12-14,South,Retail Store,Debit Card,819.74,Delivered
2053,341,2025-02-16,North,Mobile App,Net Banking,1425.6,Delivered
2054,11,2025-07-18,South,Website,Cash on Delivery,1104.49,Shipped
2055,135,2024-09-20,West,Retail Store,Debit Card,664.16,Delivered
2056,429,2025-01-28,South,Website,Cash on Delivery,1016.32,Returned
2057,299,2025-02-14,East,Website,Debit Card,503.88,Cancelled
2058,39,2025-04-05,South,Website,Credit Card,667.82,Delivered
2059,272,2025-09-26,North,Website,UPI,886.83,Returned
2060,87,2024-09-20,West,Website,Net Banking,623.14,Delivered
2061,275,2024-05-30,South,Retail Store,UPI,549.82,Cancelled
2062,493,2026-03-13,South,Mobile App,Net Banking,440.68,Delivered
2063,201,2025-09-02,North,Website,Cash on Delivery,667.26,Delivered
2064,16,2024-06-07,North,Mobile App,Net Banking,1436.55,Delivered
2065,350,2025-11-09,South,Website,Debit Card,973.18,Delivered
2066,316,2025-08-26,North,Retail Store,UPI,249.7,Shipped
2067,323,2025-07-03,East,Website,Debit Card,955.82,Returned
2068,59,2026-02-16,East,Retail Store,Cash on Delivery,1164.45,Returned
2069,108,2025-07-26,North,Mobile App,Debit Card,237.05,Delivered
2070,362,2024-12-04,East,Retail Store,Debit Card,1321.88,Returned
2071,16,2026-02-03,North,Mobile App,Net Banking,370.61,Shipped
2072,143,2025-02-06,North,Website,Net Banking,194.41,Shipped
2073,15,2024-09-03,East,Retail Store,Credit Card,760.21,Delivered
2074,67,2025-03-22,North,Website,UPI,58.8,Delivered
2075,357,2024-11-06,South,Retail Store,Cash on Delivery,1406.4,Delivered
2076,481,2025-05-07,South,Retail Store,UPI,117.75,Delivered
2077,419,2025-04-21,East,Retail Store,Net Banking,1260.49,Shipped
2078,301,2024-06-12,South,Website,UPI,1367.29,Delivered
2079,491,2026-05-13,East,Retail Store,UPI,1008.09,Delivered
2080,349,2024-12-02,West,Retail Store,Cash on Delivery,374.07,Returned
2081,45,2025-06-26,North,Retail Store,Cash on Delivery,1469.41,Delivered
2082,4,2025-11-01,South,Mobile App,Net Banking,677.3,Returned
2083,352,2025-10-13,East,Mobile App,Credit Card,1123.69,Returned
2084,54,2026-03-03,East,Retail Store,Net Banking,1405.81,Delivered
2085,263,2025-06-02,West,Retail Store,Credit Card,841.84,Delivered
2086,5,2026-03-15,North,Mobile App,Debit Card,769.84,Delivered
2087,207,2026-01-09,South,Retail Store,Net Banking,246.38,Returned
2088,16,2025-02-13,South,Mobile App,Cash on Delivery,995.78,Cancelled
2089,416,2026-02-03,West,Mobile App,Cash on Delivery,1289.85,Shipped
2090,251,2026-05-04,South,Website,Net Banking,995.62,Delivered
2091,299,2024-10-31,South,Website,Debit Card,1087.47,Cancelled
2092,373,2024-12-01,South,Website,Debit Card,1398.06,Returned
2093,135,2026-01-22,North,Website,Debit Card,1454.44,Delivered
2094,161,2025-06-04,East,Retail Store,Net Banking,1480.71,Delivered
2095,38,2024-12-09,West,Mobile App,UPI,1408.68,Delivered
2096,16,2025-08-15,West,Website,Debit Card,294.85,Delivered
2097,190,2025-06-06,East,Mobile App,Cash on Delivery,532.8,Delivered
2098,250,2025-07-17,South,Retail Store,Cash on Delivery,139.49,Returned
2099,485,2026-04-26,South,Website,Credit Card,868.14,Delivered
2100,470,2024-07-31,East,Retail Store,Credit Card,300.33,Delivered
2101,17,2025-09-04,West,Retail Store,Net Banking,1346.37,Delivered
2102,471,2025-06-14,South,Website,Credit Card,1282.65,Delivered
2103,89,2025-07-25,North,Website,Cash on Delivery,232.59,Delivered
2104,457,2025-12-05,South,Website,Net Banking,330.6,Delivered
2105,380,2025-02-25,West,Mobile App,Credit Card,1274.73,Shipped
2106,226,2024-10-30,East,Mobile App,Debit Card,574.59,Delivered
2107,163,2025-09-26,West,Mobile App,Credit Card,1491.31,Delivered
2108,205,2025-11-09,North,Retail Store,Debit Card,793.34,Delivered
2109,444,2025-10-10,North,Retail Store,Cash on Delivery,1415.18,Delivered
2110,194,2025-04-01,West,Retail Store,UPI,972.17,Delivered
2111,43,2025-07-06,North,Website,Cash on Delivery,925.7,Cancelled
2112,88,2024-07-03,West,Mobile App,Credit Card,1100.57,Delivered
2113,212,2024-08-17,North,Mobile App,Credit Card,182.81,Cancelled
2114,418,2024-09-09,West,Retail Store,UPI,90.71,Delivered
2115,179,2026-04-05,East,Retail Store,Net Banking,287.03,Returned
2116,346,2024-11-16,West,Mobile App,Cash on Delivery,1196.31,Shipped
2117,131,2024-11-11,East,Website,Net Banking,1011.5,Returned
2118,150,2024-07-03,East,Website,Debit Card,395.62,Cancelled
2119,274,2024-09-18,West,Website,Cash on Delivery,514.33,Shipped
2120,307,2026-03-28,North,Mobile App,Cash on Delivery,482.5,Returned
2121,206,2024-11-15,East,Retail Store,Credit Card,1027.07,Shipped
2122,163,2024-10-19,West,Retail Store,Cash on Delivery,208.46,Delivered
2123,191,2026-05-03,North,Retail Store,UPI,645.02,Shipped
2124,420,2026-03-29,West,Retail Store,Debit Card,993.71,Returned
2125,436,2025-04-28,East,Retail Store,Debit Card,1242.82,Cancelled
2126,374,2025-11-27,East,Mobile App,UPI,610.56,Delivered
2127,471,2025-02-06,West,Website,Credit Card,430.26,Delivered
2128,318,2025-10-21,West,Retail Store,Cash on Delivery,810.87,Shipped
2129,3,2024-09-19,South,Retail Store,Cash on Delivery,1487.13,Delivered
2130,107,2025-02-05,West,Website,Cash on Delivery,924.08,Delivered
2131,125,2025-07-30,East,Mobile App,Credit Card,1385.63,Delivered
2132,15,2026-03-28,West,Mobile App,Cash on Delivery,415.87,Delivered
2133,128,2024-07-17,South,Mobile App,Debit Card,1222.22,Returned
2134,410,2024-09-08,South,Retail Store,Credit Card,354.08,Returned
2135,463,2025-10-05,North,Mobile App,Net Banking,162.48,Returned
2136,222,2025-04-22,East,Website,Cash on Delivery,1398.63,Delivered
2137,275,2025-10-19,South,Retail Store,Cash on Delivery,1485.72,Shipped
2138,125,2024-08-13,South,Retail Store,Debit Card,1231.01,Cancelled
2139,65,2025-08-20,West,Retail Store,Net Banking,247.47,Cancelled
2140,259,2025-09-30,West,Retail Store,Debit Card,1255.18,Shipped
2141,94,2026-04-05,South,Website,UPI,974.7,Delivered
2142,330,2026-05-24,North,Website,UPI,529.36,Delivered
2143,364,2024-11-07,East,Website,Debit Card,530.05,Delivered
2144,54,2024-09-07,West,Mobile App,Cash on Delivery,829.28,Delivered
2145,195,2026-02-06,North,Mobile App,UPI,796.6,Delivered
2146,274,2025-09-12,West,Website,Credit Card,1005.89,Shipped
2147,216,2025-03-01,North,Mobile App,Net Banking,84.84,Cancelled
2148,444,2025-06-12,South,Retail Store,Debit Card,409.24,Shipped
2149,167,2025-07-11,West,Website,Debit Card,972.04,Shipped
2150,357,2026-01-09,East,Mobile App,Net Banking,543.91,Delivered
2151,460,2024-08-08,South,Retail Store,UPI,1415.99,Returned
2152,202,2026-03-20,East,Website,Credit Card,934.87,Returned
2153,164,2024-10-23,North,Website,Credit Card,1194.76,Returned
2154,104,2024-06-19,South,Mobile App,Credit Card,323.4,Returned
2155,378,2026-05-13,South,Retail Store,Debit Card,1498.07,Shipped
2156,91,2024-08-22,North,Mobile App,Debit Card,562.69,Cancelled
2157,70,2026-03-26,South,Website,UPI,488.61,Delivered
2158,105,2025-03-29,South,Mobile App,Cash on Delivery,1079.58,Shipped
2159,393,2026-04-26,West,Retail Store,Debit Card,1344.12,Shipped
2160,258,2024-08-17,South,Website,Credit Card,470.5,Delivered
2161,60,2025-12-31,North,Retail Store,Cash on Delivery,1309.85,Delivered
2162,28,2025-03-27,North,Mobile App,Credit Card,66.45,Returned
2163,407,2025-09-26,East,Website,UPI,1229.05,Delivered
2164,12,2025-02-02,East,Mobile App,Cash on Delivery,583.43,Delivered
2165,184,2026-05-18,West,Website,Debit Card,159.1,Shipped
2166,373,2024-08-10,North,Retail Store,Credit Card,507.41,Returned
2167,177,2026-01-22,East,Mobile App,Cash on Delivery,1300.86,Shipped
2168,381,2026-04-21,East,Retail Store,Credit Card,1182.96,Cancelled
2169,111,2024-06-24,West,Mobile App,Cash on Delivery,1178.56,Delivered
2170,308,2024-05-29,West,Website,Debit Card,810.67,Delivered
2171,494,2024-12-29,East,Retail Store,Debit Card,1178.51,Delivered
2172,488,2025-01-25,North,Website,UPI,1057.54,Shipped
2173,484,2026-05-22,East,Website,Net Banking,384.79,Delivered
2174,177,2024-11-12,West,Mobile App,Net Banking,104.11,Delivered
2175,225,2024-11-22,North,Retail Store,UPI,1081.44,Returned
2176,39,2024-08-23,South,Mobile App,Credit Card,1184.91,Delivered
2177,497,2025-01-31,West,Retail Store,UPI,1391.1,Delivered
2178,182,2026-04-14,West,Mobile App,Credit Card,62.86,Delivered
2179,78,2025-10-14,South,Website,Cash on Delivery,595.79,Cancelled
2180,483,2026-01-08,East,Retail Store,Net Banking,81.14,Cancelled
2181,279,2024-09-17,North,Website,Net Banking,1215.12,Delivered
2182,322,2025-02-05,East,Website,Net Banking,1228.78,Delivered
2183,415,2025-10-04,East,Retail Store,Cash on Delivery,536.31,Returned
2184,489,2025-05-22,East,Mobile App,Cash on Delivery,1135.83,Shipped
2185,58,2025-07-22,North,Retail Store,Net Banking,346.81,Delivered
2186,283,2025-01-12,South,Mobile App,UPI,1368.7,Cancelled
2187,230,2025-07-12,North,Retail Store,Debit Card,109.38,Delivered
2188,346,2025-11-22,West,Retail Store,UPI,1296.2,Returned
2189,487,2026-05-22,West,Website,Credit Card,545.39,Cancelled
2190,346,2025-11-09,East,Website,Credit Card,757.08,Cancelled
2191,39,2025-03-27,West,Mobile App,UPI,603.65,Returned
2192,389,2026-01-04,West,Mobile App,UPI,300.07,Delivered
2193,3,2024-07-20,West,Retail Store,Cash on Delivery,1336.67,Returned
2194,45,2026-03-20,North,Retail Store,Debit Card,1144.68,Shipped
2195,467,2024-12-18,South,Retail Store,UPI,716.09,Shipped
2196,5,2026-01-21,North,Mobile App,Credit Card,1225.58,Shipped
2197,259,2025-02-25,South,Retail Store,Net Banking,762.98,Delivered
2198,163,2025-08-19,South,Mobile App,Net Banking,622.99,Returned
2199,245,2026-01-05,East,Website,Credit Card,331.05,Delivered
2200,204,2026-02-09,South,Website,Debit Card,231.26,Returned
2201,386,2025-02-12,North,Retail Store,Net Banking,379.3,Delivered
2202,176,2026-05-19,South,Mobile App,Cash on Delivery,910.65,Delivered
2203,205,2025-07-15,South,Website,Debit Card,764.22,Delivered
2204,82,2025-11-07,South,Mobile App,Debit Card,1348.05,Delivered
2205,279,2026-05-03,East,Website,Debit Card,413.93,Delivered
2206,120,2024-12-11,North,Retail Store,Cash on Delivery,1336.49,Cancelled
2207,185,2026-03-16,West,Retail Store,Credit Card,440.6,Delivered
2208,152,2025-06-06,East,Mobile App,UPI,1105.46,Returned
2209,318,2026-04-08,South,Mobile App,UPI,93.67,Delivered
2210,272,2025-05-30,South,Mobile App,Debit Card,812.95,Cancelled
2211,467,2026-02-04,West,Retail Store,Cash on Delivery,1300.64,Returned
2212,49,2026-01-22,East,Retail Store,Net Banking,1447.73,Delivered
2213,170,2024-06-04,West,Mobile App,Net Banking,1321.58,Returned
2214,296,2026-04-18,West,Website,Debit Card,861.3,Delivered
2215,181,2025-12-24,West,Website,Net Banking,477.69,Cancelled
2216,404,2025-03-12,West,Mobile App,Net Banking,1179.11,Returned
2217,77,2024-08-25,North,Retail Store,Debit Card,1117.64,Shipped
2218,377,2025-06-27,West,Website,Debit Card,296.52,Returned
2219,34,2025-08-03,West,Website,Credit Card,891.38,Delivered
2220,454,2025-12-29,South,Retail Store,Net Banking,795.44,Cancelled
2221,102,2025-10-13,North,Mobile App,UPI,1377.17,Returned
2222,215,2025-08-12,East,Mobile App,Net Banking,1199.52,Returned
2223,484,2025-12-31,North,Retail Store,UPI,614.04,Delivered
2224,278,2025-03-30,West,Mobile App,Credit Card,910.45,Cancelled
2225,21,2025-07-02,South,Retail Store,UPI,133.75,Delivered
2226,202,2026-02-05,South,Mobile App,Debit Card,482.35,Delivered
2227,200,2024-06-25,South,Retail Store,Net Banking,142.07,Cancelled
2228,245,2025-07-10,East,Mobile App,UPI,716.36,Returned
2229,180,2025-12-09,West,Retail Store,Cash on Delivery,1080.89,Returned
2230,404,2025-03-29,North,Mobile App,Cash on Delivery,923.16,Delivered
2231,418,2025-01-07,East,Mobile App,Credit Card,1161.31,Delivered
2232,449,2024-06-24,North,Website,UPI,1225.44,Shipped
2233,287,2024-07-19,West,Retail Store,Credit Card,916.72,Cancelled
2234,211,2025-11-20,West,Website,Cash on Delivery,677.99,Returned
2235,252,2026-05-12,North,Retail Store,Net Banking,171.41,Cancelled
2236,296,2025-05-20,South,Website,Credit Card,865.68,Delivered
2237,245,2026-04-16,North,Mobile App,Net Banking,576.66,Cancelled
2238,35,2026-05-01,South,Mobile App,Debit Card,1095.18,Returned
2239,220,2025-04-14,West,Retail Store,Credit Card,293.63,Delivered
2240,299,2025-10-26,West,Retail Store,Debit Card,136.37,Delivered
2241,337,2026-04-28,North,Website,Cash on Delivery,1070.64,Returned
2242,25,2025-03-15,East,Website,UPI,286.75,Delivered
2243,63,2025-07-12,East,Website,Cash on Delivery,1164.59,Delivered
2244,132,2024-07-02,South,Mobile App,Net Banking,867.69,Delivered
2245,18,2025-07-21,South,Retail Store,Net Banking,430.3,Shipped
2246,157,2024-10-17,North,Mobile App,Cash on Delivery,570.68,Returned
2247,413,2025-05-12,South,Website,Credit Card,616.58,Delivered
2248,495,2026-04-26,West,Website,Cash on Delivery,1219.63,Shipped
2249,71,2025-11-28,West,Mobile App,Credit Card,1163.59,Delivered
2250,421,2026-04-24,East,Website,Debit Card,141.21,Delivered
2251,175,2025-06-27,North,Website,Cash on Delivery,515.49,Cancelled
2252,170,2024-12-13,North,Website,Credit Card,796.8,Delivered
2253,310,2024-08-19,South,Retail Store,UPI,1378.8,Returned
2254,414,2025-11-26,West,Retail Store,Debit Card,434.6,Delivered
2255,76,2025-01-12,North,Website,Net Banking,952.93,Cancelled
2256,396,2026-02-14,West,Website,UPI,574.35,Shipped
2257,162,2025-04-07,East,Retail Store,Debit Card,235.98,Delivered
2258,13,2025-04-28,North,Website,UPI,537.79,Delivered
2259,273,2024-10-02,West,Mobile App,UPI,1074.82,Cancelled
2260,185,2026-02-01,South,Website,UPI,1176.85,Returned
2261,365,2024-08-16,East,Mobile App,Debit Card,55.5,Delivered
2262,143,2025-03-13,East,Website,Cash on Delivery,1193.26,Cancelled
2263,416,2024-09-26,East,Website,Debit Card,1237.1,Delivered
2264,308,2026-01-28,West,Mobile App,Cash on Delivery,1066.47,Cancelled
2265,303,2024-10-28,West,Retail Store,UPI,365.16,Shipped
2266,110,2024-09-21,South,Website,Debit Card,382.21,Cancelled
2267,160,2025-11-12,South,Mobile App,Cash on Delivery,721.82,Shipped
2268,206,2024-06-05,North,Retail Store,Net Banking,597.56,Returned
2269,66,2024-09-24,South,Retail Store,Net Banking,1304.56,Cancelled
2270,134,2026-05-19,South,Retail Store,Debit Card,336.46,Delivered
2271,338,2025-07-04,North,Mobile App,Cash on Delivery,560.86,Delivered
2272,335,2025-02-18,South,Mobile App,Cash on Delivery,1226.49,Delivered
2273,384,2025-01-19,West,Retail Store,Credit Card,737.07,Returned
2274,130,2026-02-23,North,Website,Net Banking,1103.59,Cancelled
2275,127,2025-10-17,South,Website,Debit Card,1156.44,Shipped
2276,251,2025-07-07,West,Mobile App,Cash on Delivery,763.94,Shipped
2277,132,2026-01-23,North,Retail Store,UPI,369.09,Cancelled
2278,222,2025-10-09,South,Website,Debit Card,931.32,Delivered
2279,158,2025-11-13,North,Mobile App,UPI,315.97,Delivered
2280,410,2025-06-21,East,Mobile App,Cash on Delivery,76.89,Returned
2281,232,2024-11-25,North,Retail Store,Net Banking,221.35,Delivered
2282,30,2025-05-31,West,Retail Store,Cash on Delivery,686.31,Delivered
2283,101,2024-10-31,West,Mobile App,Credit Card,221.89,Returned
2284,3,2026-01-14,West,Retail Store,UPI,639.14,Cancelled
2285,442,2026-01-19,East,Website,Debit Card,1489.65,Shipped
2286,203,2025-10-10,West,Mobile App,Cash on Delivery,620.88,Delivered
2287,382,2024-08-12,East,Mobile App,Debit Card,448.86,Shipped
2288,227,2025-10-13,South,Retail Store,Credit Card,860.78,Delivered
2289,269,2024-05-31,East,Website,Cash on Delivery,363.07,Returned
2290,416,2024-06-22,West,Website,Net Banking,353.1,Delivered
2291,112,2024-11-20,East,Website,UPI,199.87,Returned
2292,222,2024-12-20,South,Mobile App,Net Banking,727.55,Returned
2293,421,2025-12-29,West,Mobile App,Credit Card,536.73,Delivered
2294,28,2024-08-22,North,Website,Net Banking,682.51,Shipped
2295,266,2024-12-11,South,Website,Net Banking,176.43,Delivered
2296,271,2026-01-18,South,Mobile App,Credit Card,1421.46,Delivered
2297,441,2025-11-15,West,Mobile App,Net Banking,1146.52,Delivered
2298,57,2024-10-01,South,Mobile App,Net Banking,417.65,Cancelled
2299,297,2024-07-30,North,Retail Store,Net Banking,1275.28,Delivered
2300,137,2024-07-04,West,Website,Net Banking,815.18,Cancelled
2301,265,2025-05-18,West,Website,Net Banking,1398.06,Delivered
2302,30,2026-02-12,North,Website,Credit Card,1306.96,Cancelled
2303,137,2024-07-05,East,Retail Store,Cash on Delivery,362.64,Delivered
2304,433,2026-05-24,East,Website,Net Banking,948.0,Delivered
2305,106,2026-03-19,North,Website,Cash on Delivery,1423.99,Returned
2306,306,2026-03-13,North,Mobile App,UPI,1217.39,Delivered
2307,75,2026-02-26,East,Website,Credit Card,859.72,Delivered
2308,103,2024-08-12,South,Retail Store,Credit Card,1149.19,Returned
2309,272,2025-03-14,West,Website,Cash on Delivery,570.43,Shipped
2310,81,2025-10-03,South,Retail Store,Debit Card,1158.8,Delivered
2311,397,2025-11-15,North,Mobile App,UPI,908.04,Delivered
2312,217,2026-02-18,East,Mobile App,UPI,1125.52,Shipped
2313,293,2024-10-10,East,Mobile App,Net Banking,1082.18,Delivered
2314,477,2025-05-28,East,Mobile App,Cash on Delivery,1061.77,Delivered
2315,398,2025-04-26,East,Mobile App,Net Banking,960.0,Shipped
2316,264,2025-08-25,South,Mobile App,Cash on Delivery,1227.74,Delivered
2317,427,2025-04-06,West,Mobile App,UPI,1386.93,Delivered
2318,114,2025-05-10,North,Website,Net Banking,674.84,Delivered
2319,483,2025-03-09,East,Website,Debit Card,450.64,Shipped
2320,492,2025-06-01,East,Retail Store,Debit Card,1195.94,Delivered
2321,490,2026-04-03,South,Website,UPI,1201.78,Returned
2322,47,2024-06-23,West,Retail Store,Credit Card,475.87,Delivered
2323,119,2025-01-07,West,Retail Store,Net Banking,1336.39,Cancelled
2324,46,2024-06-27,East,Mobile App,Cash on Delivery,335.51,Delivered
2325,89,2024-07-07,South,Mobile App,UPI,120.31,Cancelled
2326,256,2026-01-15,North,Website,Credit Card,1015.25,Delivered
2327,396,2025-08-30,West,Mobile App,Debit Card,1134.21,Delivered
2328,151,2024-11-30,West,Mobile App,UPI,747.07,Delivered
2329,123,2025-08-19,East,Retail Store,Credit Card,1040.49,Cancelled
2330,157,2025-02-11,West,Retail Store,Debit Card,1475.0,Cancelled
2331,483,2024-10-27,West,Retail Store,Credit Card,1277.99,Cancelled
2332,341,2026-03-20,South,Mobile App,Net Banking,862.27,Delivered
2333,249,2026-05-17,East,Website,Net Banking,1029.46,Delivered
2334,257,2025-01-29,North,Mobile App,UPI,525.39,Shipped
2335,347,2024-05-26,North,Mobile App,UPI,147.3,Returned
2336,482,2026-01-30,East,Website,Net Banking,1377.46,Delivered
2337,32,2025-03-18,South,Website,Cash on Delivery,675.38,Delivered
2338,498,2025-11-15,East,Retail Store,Credit Card,1216.48,Shipped
2339,97,2024-11-30,South,Retail Store,Cash on Delivery,776.02,Shipped
2340,50,2024-05-25,West,Website,Cash on Delivery,942.62,Delivered
2341,298,2025-07-14,East,Retail Store,Cash on Delivery,80.35,Delivered
2342,160,2024-05-30,West,Mobile App,UPI,229.08,Delivered
2343,422,2025-09-06,North,Mobile App,Net Banking,396.85,Delivered
2344,313,2024-09-30,West,Mobile App,Debit Card,1209.78,Delivered
2345,174,2025-10-28,North,Mobile App,Debit Card,413.29,Delivered
2346,383,2024-07-21,South,Mobile App,UPI,213.47,Delivered
2347,2,2025-04-15,West,Website,Credit Card,1458.63,Delivered
2348,140,2025-11-17,East,Retail Store,Cash on Delivery,1066.25,Delivered
2349,76,2025-02-25,South,Mobile App,UPI,647.78,Cancelled
2350,36,2026-03-23,North,Mobile App,UPI,839.34,Delivered
2351,115,2025-07-24,South,Website,Credit Card,507.78,Returned
2352,208,2025-02-17,South,Mobile App,Net Banking,97.86,Returned
2353,32,2024-09-14,South,Mobile App,Cash on Delivery,295.94,Returned
2354,192,2025-06-17,North,Mobile App,Net Banking,927.44,Delivered
2355,488,2025-01-21,South,Website,Credit Card,1472.5,Returned
2356,302,2024-12-26,West,Mobile App,Net Banking,90.5,Cancelled
2357,293,2024-12-17,East,Mobile App,Credit Card,1012.72,Shipped
2358,76,2026-03-23,South,Mobile App,Credit Card,892.4,Delivered
2359,14,2026-02-03,South,Mobile App,Credit Card,902.07,Delivered
2360,13,2025-05-11,West,Mobile App,Net Banking,1284.15,Delivered
2361,358,2025-06-22,South,Website,Credit Card,866.59,Shipped
2362,19,2025-05-21,North,Website,UPI,631.84,Returned
2363,240,2025-02-20,West,Retail Store,Net Banking,324.25,Cancelled
2364,251,2025-10-14,East,Retail Store,Net Banking,1418.61,Delivered
2365,297,2026-01-18,West,Website,Debit Card,558.47,Delivered
2366,357,2025-06-17,East,Mobile App,Cash on Delivery,228.48,Shipped
2367,322,2024-08-10,South,Retail Store,Net Banking,857.38,Delivered
2368,169,2025-04-28,South,Mobile App,Debit Card,127.23,Cancelled
2369,81,2025-07-10,South,Mobile App,UPI,227.22,Delivered
2370,192,2026-03-14,North,Mobile App,UPI,1449.88,Returned
2371,155,2026-03-11,East,Website,UPI,409.07,Returned
2372,181,2024-06-25,South,Mobile App,Debit Card,122.74,Delivered
2373,52,2025-07-14,West,Mobile App,Credit Card,1219.55,Cancelled
2374,403,2024-08-01,North,Mobile App,Debit Card,1294.26,Returned
2375,458,2026-02-20,North,Website,Debit Card,1155.86,Returned
2376,235,2025-06-06,West,Website,Credit Card,1312.44,Shipped
2377,146,2025-07-24,South,Website,Debit Card,1444.19,Delivered
2378,146,2024-05-28,West,Website,Net Banking,406.87,Delivered
2379,242,2026-04-25,North,Retail Store,Credit Card,654.82,Delivered
2380,1,2024-11-14,South,Mobile App,Credit Card,757.03,Shipped
2381,173,2025-08-13,East,Retail Store,Credit Card,816.73,Delivered
2382,266,2025-05-07,North,Mobile App,Net Banking,1060.13,Delivered
2383,44,2026-01-12,North,Retail Store,Credit Card,993.09,Delivered
2384,462,2026-01-05,South,Retail Store,Credit Card,462.54,Delivered
2385,27,2026-02-17,East,Retail Store,UPI,681.97,Cancelled
2386,339,2025-06-22,West,Retail Store,UPI,1426.66,Delivered
2387,51,2024-12-05,North,Retail Store,UPI,1329.87,Delivered
2388,393,2024-11-14,South,Mobile App,Debit Card,837.56,Returned
2389,452,2025-02-05,West,Website,Net Banking,741.09,Delivered
2390,480,2025-02-07,South,Website,Cash on Delivery,664.67,Delivered
2391,155,2024-07-16,West,Mobile App,Debit Card,158.81,Shipped
2392,438,2024-08-06,North,Retail Store,Cash on Delivery,1086.29,Shipped
2393,94,2025-08-09,East,Mobile App,Credit Card,683.46,Returned
2394,296,2024-12-05,West,Retail Store,Debit Card,1456.86,Returned
2395,11,2025-09-25,North,Mobile App,Debit Card,993.53,Delivered
2396,421,2024-08-14,West,Retail Store,Cash on Delivery,910.1,Returned
2397,128,2025-04-08,West,Retail Store,Credit Card,551.96,Shipped
2398,4,2025-12-16,East,Retail Store,UPI,1005.0,Cancelled
2399,479,2024-06-04,East,Retail Store,UPI,155.79,Delivered
2400,35,2025-05-18,East,Website,Cash on Delivery,649.53,Returned
2401,55,2026-04-12,South,Mobile App,Debit Card,632.76,Delivered
2402,215,2026-05-12,West,Retail Store,Net Banking,1309.14,Delivered
2403,265,2024-08-14,West,Website,Cash on Delivery,1233.21,Returned
2404,388,2025-10-15,South,Website,Credit Card,493.43,Delivered
2405,499,2025-01-25,North,Mobile App,UPI,1183.13,Cancelled
2406,361,2025-07-25,East,Retail Store,UPI,1087.13,Returned
2407,35,2025-10-18,South,Mobile App,Credit Card,1074.31,Delivered
2408,145,2025-12-26,West,Website,Debit Card,1013.87,Delivered
2409,67,2024-09-07,North,Mobile App,UPI,146.2,Delivered
2410,34,2024-06-05,East,Website,Debit Card,226.84,Delivered
2411,348,2025-01-16,East,Mobile App,Net Banking,239.19,Delivered
2412,443,2024-07-28,South,Retail Store,Net Banking,723.84,Delivered
2413,234,2026-03-13,South,Website,UPI,784.68,Delivered
2414,301,2025-02-06,East,Mobile App,Cash on Delivery,644.34,Cancelled
2415,144,2024-09-17,North,Mobile App,Cash on Delivery,1003.11,Delivered
2416,449,2025-10-02,East,Retail Store,UPI,948.73,Cancelled
2417,339,2025-06-28,South,Website,UPI,1355.76,Delivered
2418,459,2025-09-03,North,Website,Credit Card,1121.38,Returned
2419,235,2025-12-17,East,Website,Credit Card,1045.84,Delivered
2420,231,2025-11-03,West,Mobile App,Net Banking,1062.89,Cancelled
2421,394,2026-02-16,East,Mobile App,Credit Card,1481.39,Delivered
2422,49,2024-06-16,East,Retail Store,Net Banking,642.84,Delivered
2423,413,2024-06-09,North,Retail Store,Net Banking,725.99,Delivered
2424,338,2025-03-20,South,Website,Net Banking,404.2,Delivered
2425,52,2025-09-11,West,Retail Store,Cash on Delivery,1323.61,Cancelled
2426,48,2025-10-29,West,Mobile App,Debit Card,247.05,Delivered
2427,238,2025-06-04,North,Mobile App,Credit Card,81.28,Delivered
2428,182,2025-06-18,West,Mobile App,Credit Card,1460.13,Returned
2429,421,2025-05-03,East,Website,Credit Card,214.64,Delivered
2430,378,2025-07-09,South,Website,Credit Card,572.7,Delivered
2431,402,2025-08-15,South,Retail Store,UPI,1233.64,Cancelled
2432,343,2026-02-19,East,Mobile App,Debit Card,648.98,Returned
2433,162,2024-12-24,West,Mobile App,Cash on Delivery,1458.28,Shipped
2434,178,2025-12-13,East,Retail Store,Debit Card,1246.94,Cancelled
2435,449,2026-03-15,South,Retail Store,Cash on Delivery,93.88,Delivered
2436,184,2024-11-25,East,Retail Store,Net Banking,763.89,Shipped
2437,157,2025-08-04,East,Website,Credit Card,680.4,Shipped
2438,304,2025-01-12,East,Retail Store,UPI,997.18,Shipped
2439,63,2024-06-15,East,Website,Net Banking,277.88,Delivered
2440,31,2026-01-01,South,Website,UPI,729.67,Shipped
2441,31,2026-03-19,South,Retail Store,Cash on Delivery,480.86,Returned
2442,213,2025-02-16,East,Mobile App,Cash on Delivery,1063.04,Delivered
2443,271,2025-01-13,South,Website,UPI,1358.24,Delivered
2444,53,2025-09-08,West,Mobile App,Credit Card,1161.35,Delivered
2445,340,2025-06-03,North,Website,Debit Card,851.03,Delivered
2446,407,2025-11-13,South,Mobile App,Net Banking,761.03,Delivered
2447,467,2025-01-13,West,Website,Debit Card,1087.4,Cancelled
2448,22,2024-06-05,South,Mobile App,Credit Card,760.09,Delivered
2449,489,2026-05-07,West,Retail Store,Net Banking,1458.31,Delivered
2450,128,2024-09-15,North,Mobile App,Debit Card,56.24,Cancelled
2451,436,2025-01-12,North,Website,Cash on Delivery,740.68,Delivered
2452,328,2026-05-07,North,Retail Store,Debit Card,647.36,Returned
2453,78,2024-11-16,North,Retail Store,Net Banking,173.82,Delivered
2454,93,2025-01-30,East,Retail Store,Net Banking,1170.02,Delivered
2455,59,2025-09-07,East,Mobile App,Cash on Delivery,92.86,Delivered
2456,145,2024-07-31,West,Mobile App,Credit Card,295.49,Returned
2457,333,2025-05-16,West,Mobile App,UPI,1040.02,Delivered
2458,386,2024-08-31,East,Mobile App,Credit Card,480.18,Shipped
2459,66,2025-08-23,South,Retail Store,Net Banking,1435.38,Delivered
2460,55,2025-10-04,West,Mobile App,Debit Card,1397.15,Cancelled
2461,230,2025-02-10,North,Mobile App,Cash on Delivery,1346.89,Cancelled
2462,28,2025-07-02,West,Mobile App,Debit Card,1468.59,Delivered
2463,121,2026-03-23,West,Retail Store,Cash on Delivery,1344.51,Delivered
2464,268,2024-10-21,East,Website,Net Banking,842.54,Delivered
2465,92,2025-08-09,South,Website,Debit Card,1018.93,Returned
2466,187,2025-06-26,West,Website,Credit Card,273.73,Delivered
2467,338,2025-10-24,East,Retail Store,Credit Card,582.74,Delivered
2468,470,2025-10-08,South,Mobile App,Cash on Delivery,116.96,Delivered
2469,421,2025-01-30,West,Mobile App,Debit Card,231.26,Cancelled
2470,411,2024-07-07,West,Website,Credit Card,773.14,Shipped
2471,127,2025-08-22,North,Website,UPI,1113.22,Delivered
2472,96,2024-08-13,East,Mobile App,Net Banking,1209.99,Delivered
2473,390,2025-11-27,West,Mobile App,Credit Card,447.38,Shipped
2474,325,2024-11-04,South,Website,Debit Card,885.55,Cancelled
2475,368,2025-02-27,East,Mobile App,Net Banking,707.4,Shipped
2476,376,2025-09-11,West,Mobile App,Credit Card,480.22,Shipped
2477,419,2025-09-21,West,Mobile App,Net Banking,1298.93,Shipped
2478,475,2024-11-29,North,Mobile App,UPI,139.93,Cancelled
2479,40,2026-04-27,East,Retail Store,Credit Card,650.52,Cancelled
2480,18,2024-07-26,West,Mobile App,Debit Card,492.67,Shipped
2481,127,2024-07-19,South,Website,Cash on Delivery,1059.63,Cancelled
2482,411,2025-10-26,East,Retail Store,Credit Card,630.7,Delivered
2483,142,2024-12-07,West,Retail Store,Net Banking,1407.78,Delivered
2484,179,2025-07-04,West,Retail Store,Net Banking,1461.4,Delivered
2485,35,2025-09-11,South,Mobile App,Net Banking,1360.74,Returned
2486,67,2025-02-18,West,Retail Store,UPI,969.04,Shipped
2487,221,2025-11-12,East,Website,Net Banking,1450.85,Shipped
2488,336,2025-10-12,North,Retail Store,Credit Card,1035.53,Cancelled
2489,52,2024-10-02,North,Mobile App,Credit Card,879.59,Returned
2490,78,2024-06-29,North,Mobile App,UPI,666.28,Delivered
2491,97,2024-10-05,West,Website,UPI,398.84,Cancelled
2492,28,2026-03-13,West,Mobile App,UPI,1419.38,Cancelled
2493,189,2024-06-07,South,Retail Store,Debit Card,1415.41,Cancelled
2494,72,2025-02-19,East,Website,UPI,1395.42,Delivered
2495,248,2024-08-30,South,Website,UPI,1068.78,Delivered
2496,224,2025-05-22,East,Mobile App,Net Banking,626.86,Shipped
2497,159,2025-12-15,North,Mobile App,Net Banking,1409.53,Delivered
2498,237,2026-05-18,North,Website,Credit Card,551.33,Returned
2499,326,2025-02-03,North,Mobile App,Debit Card,735.2,Returned
2500,231,2024-09-15,North,Website,Net Banking,552.62,Delivered
2501,439,2026-03-24,East,Retail Store,Credit Card,116.49,Returned
2502,129,2024-12-25,South,Retail Store,Cash on Delivery,1222.13,Shipped
2503,81,2025-09-08,North,Retail Store,Cash on Delivery,1358.57,Shipped
2504,341,2025-07-31,South,Retail Store,Debit Card,546.05,Returned
2505,284,2026-03-28,East,Mobile App,Credit Card,399.93,Delivered
2506,384,2025-07-18,South,Mobile App,Credit Card,725.03,Shipped
2507,404,2025-10-17,West,Retail Store,Net Banking,570.51,Cancelled
2508,230,2025-04-11,South,Website,Cash on Delivery,1272.36,Returned
2509,498,2024-10-01,East,Website,UPI,540.84,Shipped
2510,74,2025-08-06,East,Website,Credit Card,318.08,Shipped
2511,405,2025-10-04,South,Website,Cash on Delivery,861.37,Delivered
2512,327,2024-10-23,East,Retail Store,Debit Card,928.86,Delivered
2513,309,2024-07-18,West,Retail Store,Debit Card,1005.88,Returned
2514,80,2025-04-07,East,Mobile App,Net Banking,1471.79,Shipped
2515,168,2025-05-02,South,Mobile App,Net Banking,289.49,Shipped
2516,230,2024-11-02,West,Website,UPI,1090.87,Shipped
2517,204,2024-09-08,North,Mobile App,Credit Card,1409.14,Delivered
2518,498,2025-02-04,East,Website,Debit Card,1036.26,Returned
2519,445,2024-09-04,South,Retail Store,Credit Card,225.89,Cancelled
2520,331,2024-12-18,West,Mobile App,Cash on Delivery,1455.69,Delivered
2521,16,2024-05-30,South,Website,Cash on Delivery,194.14,Delivered
2522,348,2024-07-31,East,Website,Cash on Delivery,852.3,Delivered
2523,305,2025-08-03,West,Website,Credit Card,1258.93,Delivered
2524,336,2026-01-09,North,Mobile App,Net Banking,1309.79,Delivered
2525,112,2025-10-28,West,Website,UPI,1374.06,Delivered
2526,460,2026-04-30,West,Website,Debit Card,749.82,Cancelled
2527,122,2026-03-27,North,Retail Store,Debit Card,460.4,Returned
2528,280,2025-01-18,South,Retail Store,UPI,321.01,Shipped
2529,289,2025-05-13,East,Website,Cash on Delivery,1434.12,Returned
2530,384,2024-08-17,West,Mobile App,Cash on Delivery,210.68,Shipped
2531,260,2025-07-04,East,Website,Net Banking,691.51,Delivered
2532,107,2026-03-11,North,Mobile App,Credit Card,573.47,Delivered
2533,32,2026-04-04,East,Website,Net Banking,517.41,Delivered
2534,164,2024-11-07,East,Mobile App,Net Banking,697.54,Delivered
2535,140,2026-03-30,East,Website,UPI,1403.96,Delivered
2536,233,2026-03-11,West,Website,Debit Card,845.32,Cancelled
2537,6,2025-05-28,North,Website,Debit Card,141.66,Delivered
2538,16,2024-11-23,East,Website,Net Banking,506.46,Delivered
2539,181,2025-08-17,West,Retail Store,Cash on Delivery,638.03,Delivered
2540,230,2026-03-31,North,Mobile App,UPI,837.39,Delivered
2541,52,2025-02-28,East,Retail Store,Net Banking,774.78,Returned
2542,50,2025-10-01,North,Retail Store,Debit Card,1195.71,Shipped
2543,361,2025-05-17,South,Mobile App,Net Banking,781.96,Delivered
2544,138,2025-11-11,West,Website,UPI,1077.69,Shipped
2545,457,2026-04-24,North,Website,UPI,93.52,Cancelled
2546,410,2025-11-16,East,Mobile App,UPI,823.89,Delivered
2547,371,2025-06-30,East,Website,Debit Card,924.08,Cancelled
2548,29,2024-09-07,West,Mobile App,Debit Card,406.47,Delivered
2549,192,2025-07-05,South,Mobile App,UPI,306.73,Shipped
2550,187,2025-09-06,North,Mobile App,UPI,436.2,Delivered
2551,139,2025-03-17,South,Website,Credit Card,202.62,Delivered
2552,392,2024-08-14,East,Website,UPI,598.92,Cancelled
2553,83,2026-02-22,North,Website,Net Banking,446.01,Shipped
2554,317,2025-11-15,West,Mobile App,Cash on Delivery,1227.37,Delivered
2555,134,2025-06-05,North,Retail Store,Debit Card,1292.12,Shipped
2556,371,2025-10-21,North,Website,UPI,636.53,Delivered
2557,382,2024-07-11,North,Mobile App,Net Banking,69.21,Shipped
2558,490,2026-05-10,North,Mobile App,UPI,62.98,Delivered
2559,72,2024-12-05,North,Mobile App,Credit Card,52.39,Delivered
2560,286,2026-02-18,West,Retail Store,Debit Card,976.36,Delivered
2561,281,2025-03-22,South,Mobile App,Credit Card,1283.18,Cancelled
2562,44,2025-03-04,East,Website,UPI,618.77,Returned
2563,266,2026-05-15,East,Retail Store,Cash on Delivery,1077.6,Cancelled
2564,118,2024-06-22,East,Mobile App,Net Banking,742.9,Shipped
2565,112,2026-02-02,East,Retail Store,Cash on Delivery,199.9,Delivered
2566,272,2025-05-23,West,Retail Store,Net Banking,667.03,Delivered
2567,257,2025-03-17,South,Mobile App,Debit Card,1011.76,Shipped
2568,299,2025-03-20,North,Retail Store,UPI,1474.87,Cancelled
2569,411,2025-03-03,South,Mobile App,Net Banking,1157.49,Cancelled
2570,449,2025-02-06,East,Retail Store,Debit Card,528.87,Delivered
2571,433,2026-03-10,North,Website,Net Banking,1217.88,Delivered
2572,352,2025-08-05,East,Website,Debit Card,1190.48,Shipped
2573,1,2024-07-23,East,Website,UPI,877.01,Delivered
2574,456,2025-04-16,South,Retail Store,Cash on Delivery,544.03,Returned
2575,83,2026-02-12,East,Mobile App,Credit Card,502.82,Returned
2576,135,2025-07-15,North,Website,Cash on Delivery,918.29,Cancelled
2577,53,2026-05-22,North,Mobile App,Credit Card,1216.45,Shipped
2578,32,2025-10-22,East,Mobile App,UPI,175.91,Returned
2579,114,2025-09-18,North,Retail Store,Debit Card,1042.02,Delivered
2580,249,2025-07-21,West,Mobile App,Net Banking,709.63,Shipped
2581,454,2024-07-22,South,Mobile App,Cash on Delivery,210.7,Delivered
2582,105,2026-01-01,East,Mobile App,Debit Card,390.81,Delivered
2583,383,2024-06-22,West,Website,Debit Card,595.95,Delivered
2584,157,2025-10-25,West,Mobile App,Debit Card,205.68,Shipped
2585,28,2024-11-18,East,Website,Net Banking,871.84,Shipped
2586,260,2026-02-17,South,Mobile App,Net Banking,1164.2,Delivered
2587,184,2024-08-16,West,Retail Store,UPI,956.16,Delivered
2588,133,2024-08-06,East,Website,UPI,1315.88,Returned
2589,193,2025-08-29,North,Retail Store,Cash on Delivery,1034.65,Delivered
2590,237,2025-10-01,North,Retail Store,Net Banking,399.9,Returned
2591,198,2025-02-22,East,Mobile App,UPI,1272.4,Shipped
2592,492,2025-05-22,North,Mobile App,Net Banking,805.55,Cancelled
2593,57,2026-05-03,East,Mobile App,Net Banking,1032.15,Delivered
2594,328,2024-06-07,East,Retail Store,UPI,504.7,Returned
2595,465,2025-06-08,North,Retail Store,Debit Card,591.13,Cancelled
2596,156,2025-11-13,West,Retail Store,Cash on Delivery,959.84,Shipped
2597,83,2025-10-12,North,Mobile App,Debit Card,613.59,Delivered
2598,121,2024-05-28,North,Website,Net Banking,458.27,Cancelled
2599,105,2024-09-11,North,Retail Store,Cash on Delivery,1300.28,Delivered
2600,99,2024-06-05,West,Website,UPI,654.91,Delivered
2601,1,2025-03-25,North,Retail Store,Credit Card,364.78,Returned
2602,393,2025-11-11,South,Retail Store,Net Banking,491.68,Returned
2603,495,2025-01-27,North,Retail Store,Net Banking,1292.57,Returned
2604,249,2026-01-31,North,Website,Net Banking,664.65,Shipped
2605,38,2026-03-20,South,Website,Net Banking,1429.9,Delivered
2606,177,2026-03-03,South,Retail Store,Credit Card,1007.22,Delivered
2607,324,2025-05-09,North,Retail Store,Debit Card,129.05,Shipped
2608,183,2024-11-03,South,Retail Store,Cash on Delivery,1354.22,Delivered
2609,301,2025-09-14,West,Mobile App,Net Banking,438.96,Delivered
2610,212,2025-05-13,South,Retail Store,Debit Card,1440.27,Returned
2611,399,2025-03-23,South,Retail Store,UPI,1123.51,Delivered
2612,398,2024-06-27,North,Retail Store,UPI,911.79,Returned
2613,297,2025-03-11,North,Website,Net Banking,94.5,Shipped
2614,210,2024-06-28,West,Retail Store,Credit Card,1493.11,Shipped
2615,282,2025-12-07,North,Website,Debit Card,66.54,Cancelled
2616,186,2025-07-28,West,Website,Net Banking,978.87,Cancelled
2617,252,2025-03-13,South,Retail Store,Net Banking,759.22,Delivered
2618,372,2026-01-25,North,Retail Store,UPI,442.29,Shipped
2619,70,2026-01-17,South,Mobile App,Net Banking,235.28,Delivered
2620,400,2025-03-20,West,Website,UPI,932.17,Shipped
2621,470,2026-01-07,North,Website,Net Banking,353.97,Cancelled
2622,386,2025-12-31,South,Retail Store,Credit Card,853.98,Delivered
2623,272,2025-04-14,West,Mobile App,Credit Card,809.33,Delivered
2624,151,2024-09-29,East,Retail Store,Debit Card,569.77,Delivered
2625,387,2025-05-20,East,Retail Store,Credit Card,887.84,Delivered
2626,437,2025-08-07,North,Retail Store,Net Banking,1255.52,Returned
2627,149,2026-04-09,South,Website,Cash on Delivery,194.88,Delivered
2628,262,2024-11-10,North,Mobile App,Credit Card,554.96,Delivered
2629,432,2025-08-30,West,Website,Cash on Delivery,248.06,Returned
2630,258,2026-02-22,South,Website,Credit Card,353.36,Delivered
2631,175,2025-09-12,North,Website,Net Banking,458.62,Shipped
2632,369,2025-03-27,East,Retail Store,Cash on Delivery,821.17,Delivered
2633,391,2024-09-06,North,Mobile App,Net Banking,740.67,Delivered
2634,220,2025-03-13,West,Mobile App,Credit Card,991.06,Delivered
2635,223,2025-04-20,North,Website,Net Banking,514.06,Shipped
2636,193,2024-12-17,South,Website,Cash on Delivery,888.22,Delivered
2637,40,2025-04-13,East,Retail Store,Net Banking,1287.18,Returned
2638,347,2024-10-19,West,Website,Net Banking,209.65,Cancelled
2639,324,2025-09-16,North,Website,Cash on Delivery,549.59,Delivered
2640,371,2025-12-30,East,Website,Debit Card,1403.08,Returned
2641,124,2026-04-25,East,Retail Store,Credit Card,1371.58,Delivered
2642,134,2024-05-27,North,Website,UPI,633.39,Delivered
2643,244,2024-12-05,East,Retail Store,UPI,1313.06,Delivered
2644,300,2026-05-24,West,Retail Store,Debit Card,183.95,Delivered
2645,150,2026-02-23,South,Mobile App,Net Banking,610.57,Returned
2646,202,2024-12-24,North,Mobile App,Debit Card,403.93,Cancelled
2647,484,2024-12-22,West,Mobile App,Cash on Delivery,121.2,Delivered
2648,32,2026-05-24,North,Mobile App,Net Banking,390.56,Shipped
2649,326,2025-04-28,West,Retail Store,Net Banking,270.78,Cancelled
2650,19,2025-06-19,West,Retail Store,Credit Card,1122.67,Delivered
2651,10,2026-03-07,North,Mobile App,UPI,938.1,Delivered
2652,143,2024-08-06,North,Mobile App,Net Banking,958.41,Cancelled
2653,397,2025-11-12,South,Mobile App,UPI,1126.68,Delivered
2654,339,2026-03-29,North,Mobile App,Credit Card,1268.77,Shipped
2655,295,2025-04-13,East,Mobile App,Credit Card,297.52,Cancelled
2656,260,2026-04-11,North,Mobile App,Debit Card,118.96,Cancelled
2657,311,2025-08-07,South,Mobile App,Credit Card,1284.0,Delivered
2658,419,2026-04-28,South,Mobile App,Credit Card,1125.71,Delivered
2659,247,2026-03-12,West,Mobile App,UPI,355.21,Cancelled
2660,285,2025-07-19,South,Website,Cash on Delivery,990.83,Cancelled
2661,15,2025-04-11,North,Retail Store,Debit Card,1371.39,Shipped
2662,55,2026-05-02,North,Mobile App,Credit Card,752.42,Delivered
2663,183,2025-07-01,East,Retail Store,Net Banking,527.85,Shipped
2664,194,2024-05-29,West,Website,Debit Card,620.95,Returned
2665,135,2024-09-07,South,Website,Cash on Delivery,203.15,Delivered
2666,431,2024-10-06,East,Website,UPI,363.12,Delivered
2667,68,2026-04-30,West,Mobile App,Cash on Delivery,470.02,Cancelled
2668,101,2025-07-07,West,Retail Store,Credit Card,716.9,Delivered
2669,454,2025-02-22,South,Retail Store,Cash on Delivery,383.55,Cancelled
2670,380,2026-05-08,West,Website,Cash on Delivery,997.52,Delivered
2671,48,2024-08-18,East,Retail Store,Cash on Delivery,758.81,Returned
2672,390,2026-01-16,North,Retail Store,Net Banking,715.29,Delivered
2673,396,2026-04-27,East,Website,UPI,731.71,Shipped
2674,17,2025-09-21,South,Website,Cash on Delivery,1007.34,Cancelled
2675,119,2025-07-18,South,Mobile App,Credit Card,222.14,Delivered
2676,497,2024-10-18,North,Website,Net Banking,1149.3,Cancelled
2677,399,2025-05-01,East,Website,Net Banking,1084.23,Delivered
2678,290,2025-07-11,West,Website,Net Banking,1241.29,Shipped
2679,211,2024-07-09,South,Website,Credit Card,123.83,Shipped
2680,376,2025-12-20,East,Retail Store,UPI,273.11,Delivered
2681,246,2026-04-30,South,Mobile App,Net Banking,965.05,Delivered
2682,430,2026-05-11,East,Website,Cash on Delivery,1130.04,Delivered
2683,166,2024-12-09,West,Website,Credit Card,739.42,Delivered
2684,180,2025-06-14,North,Website,UPI,225.33,Delivered
2685,452,2025-08-25,West,Website,Net Banking,673.46,Returned
2686,108,2025-10-30,North,Mobile App,Net Banking,719.69,Delivered
2687,160,2025-01-31,North,Mobile App,Debit Card,883.1,Delivered
2688,350,2024-12-19,West,Retail Store,Credit Card,616.63,Delivered
2689,132,2024-06-23,West,Website,Credit Card,1304.45,Delivered
2690,225,2025-08-12,West,Mobile App,UPI,1001.18,Delivered
2691,355,2025-07-19,East,Website,UPI,374.31,Delivered
2692,115,2025-06-15,West,Retail Store,Cash on Delivery,608.03,Delivered
2693,6,2025-05-15,East,Mobile App,Credit Card,578.05,Delivered
2694,478,2025-04-14,West,Retail Store,Debit Card,1317.67,Delivered
2695,45,2025-09-30,West,Retail Store,UPI,159.56,Cancelled
2696,35,2024-11-16,West,Website,UPI,1159.59,Delivered
2697,102,2025-02-23,West,Website,Net Banking,451.99,Shipped
2698,395,2025-05-02,South,Website,Debit Card,234.88,Returned
2699,271,2026-05-01,North,Website,Cash on Delivery,1094.78,Delivered
2700,387,2026-01-29,South,Website,Credit Card,805.73,Delivered
2701,9,2024-12-07,South,Mobile App,Credit Card,542.88,Delivered
2702,493,2024-09-09,South,Website,Credit Card,645.85,Shipped
2703,362,2026-04-25,East,Retail Store,Cash on Delivery,1302.73,Shipped
2704,462,2026-04-30,East,Retail Store,Credit Card,1278.49,Shipped
2705,126,2025-01-08,North,Retail Store,UPI,1130.38,Delivered
2706,12,2025-03-12,East,Website,UPI,390.93,Cancelled
2707,407,2024-10-04,South,Website,Credit Card,734.06,Delivered
2708,51,2025-01-01,East,Mobile App,Net Banking,414.38,Cancelled
2709,113,2025-06-05,East,Retail Store,UPI,1268.58,Returned
2710,196,2026-02-10,South,Website,UPI,1013.24,Cancelled
2711,175,2025-01-15,East,Website,Cash on Delivery,348.5,Returned
2712,42,2026-04-18,North,Mobile App,Debit Card,867.84,Delivered
2713,147,2025-02-21,West,Website,UPI,1017.07,Delivered
2714,319,2024-08-06,North,Retail Store,Debit Card,320.1,Delivered
2715,495,2025-09-15,North,Mobile App,Net Banking,977.61,Returned
2716,1,2025-12-09,South,Retail Store,UPI,408.0,Shipped
2717,167,2024-12-26,South,Retail Store,Debit Card,244.2,Delivered
2718,186,2025-08-23,East,Website,Debit Card,1492.93,Returned
2719,424,2025-07-03,West,Retail Store,Cash on Delivery,1316.11,Delivered
2720,170,2026-04-28,South,Mobile App,Cash on Delivery,1197.81,Delivered
2721,67,2026-03-15,North,Website,UPI,500.21,Delivered
2722,390,2025-12-28,West,Website,Net Banking,1132.12,Delivered
2723,403,2026-01-13,South,Retail Store,Credit Card,216.41,Cancelled
2724,110,2025-10-12,West,Retail Store,Net Banking,249.58,Returned
2725,484,2026-02-20,West,Retail Store,Net Banking,876.78,Returned
2726,381,2025-02-09,South,Retail Store,Net Banking,1018.32,Cancelled
2727,44,2025-04-18,West,Mobile App,Cash on Delivery,543.28,Delivered
2728,140,2024-10-31,South,Mobile App,UPI,1321.03,Returned
2729,301,2025-09-11,South,Retail Store,UPI,142.72,Returned
2730,119,2025-08-09,West,Mobile App,Net Banking,1035.78,Shipped
2731,341,2024-08-03,North,Mobile App,Cash on Delivery,684.52,Delivered
2732,44,2026-03-31,North,Mobile App,UPI,1494.85,Shipped
2733,394,2025-01-14,East,Mobile App,Net Banking,775.66,Delivered
2734,388,2024-12-11,West,Retail Store,UPI,1086.94,Delivered
2735,497,2025-12-18,North,Retail Store,Credit Card,1008.72,Delivered
2736,358,2026-03-09,South,Retail Store,Net Banking,1021.76,Delivered
2737,441,2025-08-18,East,Mobile App,UPI,420.72,Cancelled
2738,323,2026-02-02,East,Mobile App,Net Banking,365.68,Delivered
2739,200,2024-10-19,North,Website,UPI,1034.29,Shipped
2740,105,2026-03-24,East,Website,Net Banking,1135.51,Returned
2741,392,2026-01-23,East,Retail Store,Cash on Delivery,619.22,Shipped
2742,392,2026-01-29,North,Mobile App,UPI,1070.51,Delivered
2743,418,2025-02-16,West,Website,Debit Card,143.29,Shipped
2744,370,2026-01-18,East,Mobile App,Credit Card,735.74,Returned
2745,354,2025-12-04,East,Retail Store,Net Banking,1018.86,Shipped
2746,476,2025-01-07,South,Mobile App,Debit Card,837.59,Shipped
2747,137,2025-07-20,East,Retail Store,UPI,515.39,Shipped
2748,282,2025-05-20,North,Retail Store,Cash on Delivery,121.22,Cancelled
2749,6,2024-09-12,North,Retail Store,Cash on Delivery,1340.0,Shipped
2750,100,2025-06-21,East,Mobile App,UPI,401.24,Delivered
2751,210,2025-01-13,South,Mobile App,Cash on Delivery,1346.54,Delivered
2752,474,2024-08-08,East,Website,Debit Card,366.94,Delivered
2753,26,2025-04-19,South,Website,Cash on Delivery,470.2,Delivered
2754,385,2025-07-24,North,Retail Store,Net Banking,1303.23,Returned
2755,59,2026-02-04,North,Mobile App,UPI,752.8,Returned
2756,270,2025-05-17,West,Mobile App,Cash on Delivery,1133.89,Returned
2757,275,2025-02-07,East,Mobile App,Cash on Delivery,1402.42,Delivered
2758,122,2025-08-16,South,Website,Debit Card,372.28,Delivered
2759,375,2024-12-01,North,Retail Store,Credit Card,1381.31,Delivered
2760,374,2025-12-25,North,Retail Store,Debit Card,452.01,Delivered
2761,481,2024-07-19,West,Mobile App,Debit Card,343.16,Delivered
2762,305,2025-07-11,North,Retail Store,Net Banking,862.2,Returned
2763,25,2026-01-16,West,Mobile App,Debit Card,892.51,Cancelled
2764,256,2026-03-28,West,Retail Store,UPI,1398.4,Delivered
2765,187,2026-04-01,North,Mobile App,Debit Card,920.87,Delivered
2766,230,2025-11-04,South,Mobile App,UPI,609.43,Delivered
2767,235,2025-08-19,East,Website,Cash on Delivery,849.16,Returned
2768,254,2025-04-26,East,Website,Cash on Delivery,1219.3,Delivered
2769,224,2025-11-09,South,Retail Store,UPI,98.19,Shipped
2770,437,2024-07-09,West,Retail Store,Net Banking,700.23,Delivered
2771,231,2024-06-21,South,Mobile App,Cash on Delivery,1408.46,Delivered
2772,243,2024-09-06,West,Website,Credit Card,1312.65,Shipped
2773,209,2025-12-17,East,Retail Store,Cash on Delivery,346.07,Shipped
2774,191,2025-05-17,East,Mobile App,Debit Card,1115.77,Delivered
2775,151,2024-07-03,South,Mobile App,Cash on Delivery,993.93,Returned
2776,402,2025-09-19,South,Website,Cash on Delivery,80.86,Delivered
2777,190,2024-07-23,West,Retail Store,UPI,890.79,Delivered
2778,46,2025-01-15,East,Website,UPI,688.65,Returned
2779,321,2025-09-25,North,Mobile App,Cash on Delivery,953.31,Delivered
2780,288,2025-01-01,West,Mobile App,Net Banking,253.15,Delivered
2781,179,2024-07-29,East,Retail Store,Debit Card,427.92,Returned
2782,360,2025-12-08,West,Mobile App,Debit Card,1271.14,Delivered
2783,38,2025-10-15,North,Retail Store,Cash on Delivery,1454.48,Shipped
2784,282,2024-08-30,East,Website,Credit Card,602.48,Delivered
2785,444,2025-05-16,South,Mobile App,Credit Card,234.48,Shipped
2786,31,2026-03-01,West,Website,Net Banking,1360.43,Returned
2787,19,2025-03-04,South,Mobile App,Credit Card,434.33,Delivered
2788,146,2025-05-12,South,Retail Store,Net Banking,1120.88,Delivered
2789,305,2025-10-24,West,Mobile App,Debit Card,80.33,Delivered
2790,338,2026-04-16,North,Mobile App,Net Banking,429.22,Delivered
2791,356,2024-09-27,South,Mobile App,Debit Card,459.5,Delivered
2792,274,2025-02-09,North,Retail Store,UPI,549.78,Delivered
2793,464,2025-02-28,South,Retail Store,Credit Card,685.97,Shipped
2794,106,2025-04-03,North,Retail Store,Debit Card,1002.03,Delivered
2795,80,2025-07-17,South,Mobile App,Net Banking,1378.04,Shipped
2796,386,2025-03-21,South,Retail Store,UPI,439.31,Cancelled
2797,327,2025-10-12,South,Retail Store,Net Banking,642.86,Delivered
2798,64,2026-05-24,South,Website,Net Banking,702.77,Delivered
2799,335,2025-04-15,North,Retail Store,Credit Card,202.83,Shipped
2800,447,2026-01-25,South,Retail Store,Cash on Delivery,1263.0,Returned
2801,134,2024-08-20,East,Retail Store,Credit Card,81.16,Shipped
2802,487,2024-10-15,West,Retail Store,Debit Card,1224.12,Delivered
2803,173,2024-07-07,West,Website,Credit Card,137.5,Delivered
2804,433,2026-02-11,West,Retail Store,Credit Card,622.29,Returned
2805,283,2024-08-27,West,Retail Store,Debit Card,214.88,Delivered
2806,458,2024-10-29,North,Website,UPI,1276.0,Returned
2807,320,2025-11-10,South,Website,Debit Card,293.95,Delivered
2808,152,2026-01-20,South,Retail Store,UPI,759.49,Delivered
2809,280,2024-07-16,North,Mobile App,Cash on Delivery,301.86,Delivered
2810,279,2025-01-28,West,Mobile App,Credit Card,69.74,Returned
2811,393,2025-05-30,North,Mobile App,Debit Card,353.74,Delivered
2812,160,2025-07-13,North,Website,Cash on Delivery,1031.91,Delivered
2813,107,2024-08-11,West,Retail Store,UPI,239.16,Shipped
2814,33,2025-09-22,North,Retail Store,Net Banking,225.56,Cancelled
2815,284,2024-08-07,North,Website,UPI,648.95,Shipped
2816,307,2025-06-05,North,Mobile App,Net Banking,396.02,Delivered
2817,51,2024-07-18,West,Mobile App,UPI,1126.61,Delivered
2818,226,2025-08-21,East,Website,UPI,890.97,Delivered
2819,63,2025-04-12,West,Retail Store,Cash on Delivery,1069.55,Cancelled
2820,371,2025-02-17,North,Website,UPI,1067.49,Cancelled
2821,39,2025-09-17,East,Website,Cash on Delivery,1342.47,Delivered
2822,458,2024-09-26,North,Mobile App,Net Banking,1330.25,Delivered
2823,341,2025-11-09,North,Mobile App,Debit Card,92.94,Delivered
2824,292,2024-07-28,East,Mobile App,Debit Card,1182.66,Returned
2825,420,2024-10-23,East,Website,Credit Card,660.66,Delivered
2826,130,2025-09-20,East,Mobile App,Net Banking,1416.81,Delivered
2827,65,2024-08-07,North,Mobile App,Cash on Delivery,429.48,Delivered
2828,77,2025-01-22,East,Retail Store,Net Banking,616.82,Delivered
2829,218,2025-02-11,East,Website,Debit Card,192.9,Shipped
2830,50,2026-05-01,South,Mobile App,Credit Card,1400.46,Returned
2831,275,2025-08-05,East,Mobile App,Net Banking,127.59,Cancelled
2832,191,2026-03-25,West,Website,Net Banking,1150.63,Shipped
2833,396,2025-05-27,South,Mobile App,Debit Card,160.93,Returned
2834,168,2026-02-19,West,Retail Store,Cash on Delivery,1059.97,Delivered
2835,290,2024-06-14,East,Retail Store,UPI,97.14,Delivered
2836,26,2025-07-04,South,Retail Store,Cash on Delivery,928.13,Delivered
2837,91,2025-10-05,North,Retail Store,Cash on Delivery,1495.5,Returned
2838,391,2024-09-26,South,Retail Store,Credit Card,717.51,Cancelled
2839,169,2025-06-27,West,Mobile App,Debit Card,552.01,Returned
2840,90,2026-04-29,West,Retail Store,Credit Card,1439.06,Delivered
2841,255,2026-03-23,West,Website,Debit Card,342.25,Returned
2842,18,2025-08-16,South,Mobile App,UPI,212.3,Returned
2843,443,2026-01-02,East,Mobile App,Cash on Delivery,762.96,Cancelled
2844,492,2026-04-21,North,Website,Cash on Delivery,265.45,Delivered
2845,244,2025-04-25,South,Mobile App,Credit Card,308.27,Delivered
2846,439,2024-11-14,North,Retail Store,Net Banking,1188.76,Cancelled
2847,246,2024-06-05,East,Retail Store,Net Banking,1440.24,Delivered
2848,415,2026-01-24,South,Mobile App,Credit Card,589.95,Cancelled
2849,366,2026-01-26,South,Retail Store,Credit Card,336.15,Returned
2850,229,2024-07-25,East,Retail Store,UPI,623.75,Delivered
2851,471,2025-05-23,East,Retail Store,Cash on Delivery,802.24,Delivered
2852,334,2025-01-16,East,Website,Debit Card,1107.28,Cancelled
2853,36,2025-06-08,West,Mobile App,Credit Card,515.63,Delivered
2854,214,2026-04-21,West,Website,Net Banking,359.09,Delivered
2855,357,2024-08-27,North,Retail Store,UPI,538.59,Delivered
2856,106,2024-09-17,South,Mobile App,Credit Card,384.03,Shipped
2857,471,2025-06-07,South,Website,Net Banking,258.63,Delivered
2858,185,2025-04-17,North,Mobile App,UPI,1259.99,Cancelled
2859,281,2026-04-01,North,Website,UPI,1058.22,Returned
2860,165,2025-08-12,East,Retail Store,Net Banking,1498.4,Returned
2861,473,2026-05-01,East,Mobile App,Net Banking,1206.47,Delivered
2862,60,2025-07-01,West,Mobile App,Cash on Delivery,1117.67,Returned
2863,443,2026-02-25,North,Mobile App,Credit Card,556.22,Returned
2864,21,2025-03-20,North,Website,UPI,1084.16,Delivered
2865,88,2025-05-28,West,Website,UPI,1490.61,Cancelled
2866,309,2025-04-28,North,Website,Cash on Delivery,212.55,Returned
2867,91,2026-04-21,East,Website,Cash on Delivery,1028.8,Delivered
2868,247,2025-10-01,West,Website,Credit Card,957.47,Returned
2869,235,2025-07-09,West,Website,Debit Card,575.22,Shipped
2870,143,2025-06-16,West,Mobile App,UPI,1153.57,Returned
2871,483,2026-04-23,East,Mobile App,Cash on Delivery,1234.68,Delivered
2872,174,2025-12-02,East,Mobile App,Debit Card,1328.86,Cancelled
2873,10,2026-03-14,West,Website,Net Banking,626.08,Returned
2874,439,2024-10-22,East,Website,Cash on Delivery,194.44,Cancelled
2875,386,2024-07-21,North,Retail Store,Credit Card,922.01,Delivered
2876,337,2026-03-19,South,Website,Net Banking,681.08,Cancelled
2877,376,2024-12-27,West,Mobile App,Credit Card,1009.28,Delivered
2878,488,2024-06-11,North,Mobile App,UPI,1445.93,Delivered
2879,479,2025-12-07,East,Mobile App,UPI,1112.22,Returned
2880,14,2025-12-23,East,Website,Credit Card,1044.45,Delivered
2881,485,2025-12-13,East,Website,Net Banking,1234.51,Delivered
2882,399,2025-09-11,West,Retail Store,UPI,433.09,Delivered
2883,254,2025-09-14,East,Website,UPI,761.91,Shipped
2884,438,2026-04-27,West,Website,UPI,930.71,Delivered
2885,38,2025-05-16,West,Retail Store,Net Banking,818.74,Shipped
2886,154,2025-01-16,South,Mobile App,Cash on Delivery,1297.66,Delivered
2887,314,2024-09-21,North,Retail Store,Debit Card,879.93,Delivered
2888,223,2025-05-24,East,Website,Credit Card,997.61,Delivered
2889,349,2025-08-10,East,Website,Debit Card,882.24,Delivered
2890,454,2024-11-02,East,Mobile App,Debit Card,737.36,Shipped
2891,418,2024-11-23,West,Mobile App,Debit Card,1041.49,Delivered
2892,218,2025-08-21,South,Mobile App,UPI,1029.58,Returned
2893,85,2025-10-24,West,Mobile App,UPI,771.9,Cancelled
2894,491,2025-06-18,East,Website,UPI,195.48,Delivered
2895,236,2024-09-05,North,Website,Cash on Delivery,1174.61,Delivered
2896,217,2025-06-01,West,Retail Store,Credit Card,472.1,Shipped
2897,108,2025-06-06,South,Website,Credit Card,94.01,Delivered
2898,30,2026-05-05,North,Retail Store,Credit Card,1481.3,Returned
2899,484,2024-09-07,West,Website,Net Banking,358.96,Cancelled
2900,424,2025-12-09,South,Website,UPI,72.55,Delivered
2901,500,2025-02-25,South,Mobile App,Cash on Delivery,1096.71,Delivered
2902,473,2024-08-03,North,Retail Store,UPI,936.31,Returned
2903,26,2025-04-24,East,Retail Store,UPI,595.23,Delivered
2904,449,2025-02-17,West,Website,Net Banking,539.39,Delivered
2905,398,2025-10-16,North,Website,UPI,864.55,Delivered
2906,88,2025-07-09,West,Retail Store,Cash on Delivery,603.05,Delivered
2907,47,2025-03-26,East,Retail Store,Debit Card,954.99,Delivered
2908,435,2024-07-07,North,Mobile App,Credit Card,379.63,Returned
2909,211,2025-12-21,North,Mobile App,Debit Card,1317.44,Delivered
2910,185,2026-01-04,West,Website,Debit Card,914.15,Returned
2911,15,2025-10-12,West,Website,Credit Card,1047.33,Shipped
2912,260,2025-03-10,East,Mobile App,Net Banking,683.36,Cancelled
2913,284,2025-01-17,East,Retail Store,Credit Card,425.47,Delivered
2914,467,2025-03-07,North,Retail Store,Cash on Delivery,198.27,Returned
2915,353,2025-09-12,West,Retail Store,Cash on Delivery,1484.0,Cancelled
2916,176,2025-07-12,South,Website,Cash on Delivery,363.46,Delivered
2917,184,2025-10-08,North,Website,Net Banking,1318.74,Delivered
2918,235,2024-07-26,South,Mobile App,UPI,947.63,Cancelled
2919,225,2025-06-15,North,Mobile App,Net Banking,269.93,Cancelled
2920,263,2025-10-05,South,Website,Credit Card,947.3,Delivered
2921,314,2025-08-16,West,Website,Cash on Delivery,772.13,Delivered
2922,148,2025-01-25,South,Website,Credit Card,451.15,Delivered
2923,312,2026-05-07,West,Website,Net Banking,450.08,Returned
2924,453,2026-02-08,North,Retail Store,UPI,1133.99,Delivered
2925,65,2025-10-06,North,Website,Net Banking,666.91,Delivered
2926,165,2026-02-28,North,Website,Cash on Delivery,840.86,Delivered
2927,82,2025-10-28,South,Retail Store,UPI,1186.88,Shipped
2928,356,2024-10-14,East,Website,UPI,1271.21,Delivered
2929,130,2025-09-15,North,Website,Net Banking,851.64,Shipped
2930,263,2024-06-18,East,Retail Store,Credit Card,1241.49,Delivered
2931,141,2025-06-10,North,Mobile App,Net Banking,891.69,Delivered
2932,75,2025-06-19,East,Mobile App,Debit Card,790.85,Cancelled
2933,309,2024-07-12,West,Website,UPI,648.53,Shipped
2934,155,2024-09-27,South,Mobile App,Debit Card,934.13,Delivered
2935,107,2025-08-04,East,Retail Store,Debit Card,171.86,Delivered
2936,17,2025-12-01,East,Website,UPI,603.14,Delivered
2937,282,2026-01-06,West,Mobile App,Debit Card,397.79,Returned
2938,144,2024-10-30,South,Website,Debit Card,1052.68,Cancelled
2939,14,2026-02-08,South,Mobile App,Credit Card,424.83,Delivered
2940,21,2025-10-17,South,Mobile App,Credit Card,1120.42,Shipped
2941,106,2025-10-03,South,Retail Store,Credit Card,1272.55,Cancelled
2942,48,2026-02-06,South,Mobile App,Net Banking,774.98,Returned
2943,271,2026-04-26,South,Retail Store,Credit Card,1325.07,Cancelled
2944,88,2025-12-02,East,Mobile App,UPI,780.19,Delivered
2945,227,2024-06-01,South,Website,Credit Card,858.53,Cancelled
2946,132,2025-11-18,West,Retail Store,Cash on Delivery,114.56,Delivered
2947,36,2026-04-10,North,Mobile App,Net Banking,1134.16,Shipped
2948,5,2026-05-13,South,Mobile App,Cash on Delivery,300.82,Returned
2949,271,2025-10-14,North,Mobile App,Credit Card,533.77,Delivered
2950,199,2024-10-11,East,Mobile App,Cash on Delivery,923.32,Returned
2951,181,2026-03-19,West,Mobile App,Net Banking,245.55,Cancelled
2952,392,2024-09-18,East,Mobile App,Net Banking,476.74,Shipped
2953,176,2026-03-01,South,Mobile App,UPI,1012.78,Delivered
2954,313,2024-11-22,North,Mobile App,Debit Card,246.14,Returned
2955,84,2025-08-15,South,Retail Store,Net Banking,1022.83,Cancelled
2956,80,2025-05-25,East,Mobile App,Cash on Delivery,1122.48,Delivered
2957,252,2026-03-22,North,Retail Store,UPI,1257.03,Cancelled
2958,332,2025-07-06,North,Website,Credit Card,265.54,Shipped
2959,465,2024-08-17,North,Website,Cash on Delivery,204.25,Shipped
2960,28,2024-08-30,West,Retail Store,UPI,1288.61,Delivered
2961,29,2025-10-17,South,Website,Credit Card,646.92,Shipped
2962,322,2025-11-19,West,Website,Credit Card,1229.96,Delivered
2963,18,2024-06-15,West,Mobile App,Debit Card,264.16,Shipped
2964,32,2025-04-16,South,Mobile App,Net Banking,1338.71,Returned
2965,368,2025-12-07,West,Mobile App,UPI,919.28,Cancelled
2966,378,2024-11-08,South,Website,Credit Card,629.08,Delivered
2967,361,2025-03-05,East,Retail Store,UPI,379.53,Returned
2968,220,2025-10-16,East,Retail Store,Credit Card,477.66,Shipped
2969,408,2024-06-03,West,Mobile App,Credit Card,81.59,Cancelled
2970,65,2025-07-31,East,Retail Store,UPI,1442.59,Shipped
2971,265,2026-01-20,North,Website,UPI,982.72,Shipped
2972,105,2025-02-19,East,Website,Net Banking,1053.08,Cancelled
2973,482,2025-01-24,East,Retail Store,UPI,396.04,Shipped
2974,327,2024-09-04,North,Website,Net Banking,497.42,Delivered
2975,132,2025-02-16,West,Retail Store,Cash on Delivery,896.26,Shipped
2976,198,2026-04-08,South,Website,Net Banking,636.76,Delivered
2977,491,2025-10-13,North,Mobile App,Net Banking,108.13,Cancelled
2978,200,2025-12-24,North,Retail Store,UPI,574.83,Delivered
2979,469,2025-05-30,West,Retail Store,Cash on Delivery,272.74,Delivered
2980,247,2025-03-10,West,Retail Store,Net Banking,1438.73,Delivered
2981,407,2026-04-05,South,Retail Store,UPI,1235.06,Delivered
2982,411,2024-06-13,North,Website,Debit Card,773.13,Shipped
2983,62,2026-03-06,South,Mobile App,Debit Card,793.47,Returned
2984,49,2026-02-11,North,Mobile App,Debit Card,1336.33,Shipped
2985,100,2024-08-22,North,Retail Store,UPI,287.1,Delivered
2986,229,2026-01-31,South,Retail Store,Credit Card,500.2,Returned
2987,498,2026-03-22,West,Website,UPI,1020.24,Cancelled
2988,438,2025-01-13,West,Retail Store,UPI,58.03,Shipped
2989,80,2025-05-16,North,Retail Store,Credit Card,1195.95,Delivered
2990,67,2024-06-12,West,Mobile App,Cash on Delivery,202.85,Delivered
2991,408,2024-06-02,North,Retail Store,UPI,129.16,Delivered
2992,335,2025-06-08,East,Mobile App,Net Banking,1056.86,Shipped
2993,330,2025-09-24,West,Mobile App,Credit Card,1158.55,Delivered
2994,11,2024-10-26,South,Website,Credit Card,937.34,Delivered
2995,436,2025-09-09,South,Website,UPI,345.57,Delivered
2996,77,2026-01-06,South,Website,Cash on Delivery,1214.47,Shipped
2997,58,2024-07-14,West,Mobile App,Credit Card,626.1,Delivered
2998,31,2025-02-23,North,Website,Net Banking,1002.53,Cancelled
2999,282,2025-09-08,East,Retail Store,Net Banking,1249.73,Delivered
3000,265,2025-04-07,West,Mobile App,Cash on Delivery,831.78,Cancelled
3001,207,2025-11-18,West,Retail Store,Net Banking,1494.54,Shipped
3002,461,2025-04-21,East,Mobile App,UPI,906.09,Delivered
3003,197,2025-08-30,South,Retail Store,Credit Card,145.17,Delivered
3004,386,2025-07-13,East,Retail Store,Credit Card,979.03,Shipped
3005,291,2025-03-05,South,Retail Store,Debit Card,1007.96,Delivered
3006,196,2026-01-08,North,Website,UPI,1358.92,Cancelled
3007,145,2026-01-26,East,Website,UPI,1039.41,Cancelled
3008,390,2025-01-07,East,Website,Net Banking,861.6,Delivered
3009,405,2025-11-22,North,Website,Cash on Delivery,775.77,Shipped
3010,38,2025-03-18,East,Website,Net Banking,1349.9,Shipped
3011,286,2024-06-23,East,Retail Store,Cash on Delivery,1128.85,Delivered
3012,102,2024-08-17,East,Website,Cash on Delivery,1304.03,Delivered
3013,331,2024-09-03,East,Retail Store,UPI,1302.58,Delivered
3014,441,2025-07-11,South,Website,UPI,1401.78,Delivered
3015,168,2026-01-05,East,Retail Store,Debit Card,662.83,Delivered
3016,356,2025-03-04,East,Retail Store,Debit Card,182.53,Cancelled
3017,332,2025-05-06,West,Mobile App,Cash on Delivery,450.87,Delivered
3018,186,2024-06-07,South,Retail Store,Net Banking,401.21,Shipped
3019,129,2026-05-09,South,Website,Debit Card,874.96,Returned
3020,192,2024-06-12,North,Mobile App,UPI,1292.19,Delivered
3021,244,2026-04-19,South,Retail Store,Net Banking,321.41,Returned
3022,449,2024-11-01,East,Retail Store,Net Banking,1099.73,Shipped
3023,181,2025-11-26,South,Retail Store,Debit Card,656.19,Delivered
3024,435,2024-06-13,North,Website,UPI,337.05,Delivered
3025,261,2026-05-07,West,Website,Net Banking,180.14,Shipped
3026,338,2026-02-09,West,Mobile App,Net Banking,1047.5,Delivered
3027,171,2024-09-17,South,Retail Store,UPI,1393.8,Delivered
3028,347,2025-02-23,South,Retail Store,Cash on Delivery,1046.47,Shipped
3029,39,2025-12-17,West,Website,Net Banking,876.94,Returned
3030,487,2025-06-21,South,Retail Store,Debit Card,943.71,Delivered
3031,408,2024-09-09,North,Website,Net Banking,993.85,Returned
3032,171,2026-03-21,West,Website,UPI,958.5,Returned
3033,453,2024-05-27,West,Website,UPI,913.97,Delivered
3034,16,2025-10-25,East,Retail Store,Cash on Delivery,465.0,Delivered
3035,89,2025-08-08,West,Mobile App,Net Banking,358.0,Cancelled
3036,120,2025-10-30,East,Retail Store,Debit Card,117.65,Cancelled
3037,389,2024-06-26,North,Retail Store,Net Banking,454.95,Delivered
3038,112,2024-07-21,South,Retail Store,Debit Card,204.99,Delivered
3039,279,2025-12-09,North,Website,Cash on Delivery,510.32,Delivered
3040,439,2025-02-15,North,Mobile App,UPI,238.92,Shipped
3041,295,2025-05-11,South,Website,Credit Card,76.97,Delivered
3042,334,2024-06-11,North,Website,Net Banking,1434.74,Delivered
3043,160,2024-05-29,North,Mobile App,Net Banking,943.39,Delivered
3044,458,2025-10-08,South,Website,UPI,578.47,Returned
3045,216,2024-10-06,East,Website,Credit Card,502.85,Cancelled
3046,106,2025-01-05,South,Website,Cash on Delivery,623.92,Delivered
3047,500,2024-05-24,West,Mobile App,Credit Card,974.7,Delivered
3048,26,2025-01-06,West,Website,Cash on Delivery,1436.11,Delivered
3049,153,2024-09-05,West,Website,Net Banking,757.81,Delivered
3050,266,2025-01-25,North,Mobile App,Net Banking,575.95,Delivered
3051,441,2025-03-14,South,Website,Credit Card,777.91,Returned
3052,393,2025-05-16,North,Mobile App,UPI,223.98,Returned
3053,345,2026-03-07,East,Website,Cash on Delivery,1027.11,Delivered
3054,456,2024-06-23,South,Mobile App,UPI,379.85,Shipped
3055,33,2025-03-23,East,Retail Store,UPI,564.94,Cancelled
3056,460,2024-06-11,West,Retail Store,Cash on Delivery,557.63,Shipped
3057,304,2025-02-08,South,Mobile App,Credit Card,105.13,Cancelled
3058,166,2024-07-21,North,Mobile App,Net Banking,1014.27,Shipped
3059,4,2025-08-17,East,Website,Net Banking,135.91,Shipped
3060,87,2025-05-02,East,Website,Credit Card,322.9,Returned
3061,96,2025-12-04,North,Retail Store,UPI,483.79,Delivered
3062,85,2025-12-11,North,Mobile App,Debit Card,939.67,Delivered
3063,401,2025-06-19,East,Mobile App,UPI,1095.24,Shipped
3064,30,2026-04-20,North,Retail Store,UPI,409.33,Cancelled
3065,392,2024-09-10,East,Website,Cash on Delivery,1030.47,Delivered
3066,427,2025-12-22,North,Retail Store,Credit Card,1298.59,Cancelled
3067,376,2026-04-10,South,Website,Debit Card,864.92,Cancelled
3068,298,2026-03-17,North,Retail Store,Credit Card,526.15,Shipped
3069,309,2025-05-21,West,Mobile App,UPI,555.11,Returned
3070,242,2024-12-22,East,Website,Credit Card,1168.98,Returned
3071,469,2025-09-08,South,Retail Store,Net Banking,311.08,Shipped
3072,486,2025-01-12,West,Website,Debit Card,1030.76,Returned
3073,458,2025-08-26,West,Retail Store,Debit Card,267.95,Cancelled
3074,349,2025-02-22,South,Website,Net Banking,1136.56,Shipped
3075,270,2025-02-17,South,Mobile App,Credit Card,323.24,Returned
3076,474,2024-11-14,North,Mobile App,Debit Card,420.24,Cancelled
3077,232,2024-12-08,North,Retail Store,Credit Card,1178.74,Cancelled
3078,281,2026-04-07,East,Mobile App,Cash on Delivery,1116.91,Delivered
3079,486,2025-07-09,South,Retail Store,Cash on Delivery,1183.54,Shipped
3080,355,2025-06-14,North,Retail Store,Net Banking,365.42,Shipped
3081,232,2024-10-07,South,Retail Store,Debit Card,804.14,Delivered
3082,206,2025-03-13,West,Mobile App,UPI,891.91,Returned
3083,53,2025-12-16,North,Mobile App,UPI,1352.21,Returned
3084,334,2025-01-23,South,Retail Store,UPI,155.37,Returned
3085,468,2026-05-01,East,Retail Store,Cash on Delivery,152.89,Delivered
3086,247,2025-11-24,North,Website,Cash on Delivery,790.56,Delivered
3087,50,2025-02-28,West,Retail Store,UPI,412.39,Delivered
3088,485,2024-11-18,North,Mobile App,Debit Card,966.89,Cancelled
3089,16,2024-07-29,East,Mobile App,Net Banking,104.24,Delivered
3090,54,2024-11-02,North,Retail Store,Debit Card,1148.06,Delivered
3091,332,2025-12-14,West,Retail Store,Credit Card,745.49,Delivered
3092,499,2024-12-02,East,Retail Store,Credit Card,1073.55,Shipped
3093,477,2026-05-19,South,Retail Store,Debit Card,739.66,Delivered
3094,456,2025-11-12,East,Retail Store,Debit Card,1047.59,Delivered
3095,278,2025-12-24,South,Website,Cash on Delivery,1335.7,Shipped
3096,137,2025-04-21,North,Website,UPI,1257.28,Shipped
3097,389,2024-09-12,North,Website,Net Banking,1095.11,Delivered
3098,110,2025-10-08,East,Website,Debit Card,683.71,Cancelled
3099,164,2024-09-24,North,Retail Store,Net Banking,1176.21,Delivered
3100,86,2026-04-16,West,Mobile App,Cash on Delivery,471.85,Delivered
3101,230,2025-06-01,East,Mobile App,Net Banking,486.86,Shipped
3102,402,2025-05-08,West,Website,UPI,1486.56,Shipped
3103,208,2024-05-30,North,Retail Store,Net Banking,1395.76,Delivered
3104,412,2026-05-03,South,Mobile App,UPI,1055.75,Shipped
3105,434,2025-05-29,East,Mobile App,Credit Card,607.53,Delivered
3106,312,2026-05-15,West,Retail Store,Net Banking,596.89,Delivered
3107,215,2025-01-07,East,Retail Store,Net Banking,427.15,Delivered
3108,314,2024-07-20,South,Website,Cash on Delivery,352.02,Delivered
3109,244,2024-11-29,East,Mobile App,Net Banking,1183.38,Cancelled
3110,56,2024-07-16,East,Website,Debit Card,628.46,Shipped
3111,41,2026-01-17,West,Mobile App,UPI,526.23,Shipped
3112,474,2025-11-16,South,Mobile App,Cash on Delivery,697.96,Cancelled
3113,310,2026-01-11,West,Retail Store,Credit Card,803.08,Shipped
3114,405,2025-03-18,East,Mobile App,UPI,320.07,Delivered
3115,172,2025-02-06,West,Retail Store,Debit Card,846.93,Delivered
3116,447,2026-02-11,South,Retail Store,Credit Card,1400.79,Shipped
3117,87,2025-12-17,North,Website,UPI,650.16,Cancelled
3118,98,2026-01-03,South,Retail Store,Debit Card,1478.44,Shipped
3119,207,2024-11-25,West,Mobile App,Net Banking,1115.49,Cancelled
3120,73,2025-07-17,South,Mobile App,Cash on Delivery,797.78,Delivered
3121,204,2025-06-03,East,Retail Store,Net Banking,706.14,Delivered
3122,333,2025-05-03,East,Website,Debit Card,207.96,Shipped
3123,5,2024-06-17,South,Website,UPI,406.84,Shipped
3124,21,2024-07-02,North,Retail Store,Debit Card,1321.0,Delivered
3125,413,2025-03-27,North,Mobile App,Credit Card,1395.39,Returned
3126,230,2025-12-29,South,Website,Debit Card,396.58,Delivered
3127,202,2025-06-15,North,Mobile App,Debit Card,1332.14,Returned
3128,158,2024-07-27,West,Website,Debit Card,975.74,Delivered
3129,220,2024-07-28,South,Retail Store,Credit Card,369.55,Cancelled
3130,447,2026-01-30,South,Retail Store,Cash on Delivery,1352.37,Delivered
3131,323,2025-08-07,South,Retail Store,Net Banking,1218.85,Returned
3132,401,2025-10-24,East,Retail Store,Net Banking,1202.88,Delivered
3133,317,2024-08-22,East,Website,UPI,1063.26,Cancelled
3134,214,2026-05-23,East,Website,Debit Card,136.21,Cancelled
3135,50,2026-02-22,East,Retail Store,Net Banking,366.86,Shipped
3136,274,2025-02-27,West,Mobile App,Debit Card,1450.58,Cancelled
3137,32,2026-01-12,South,Retail Store,Debit Card,205.83,Delivered
3138,8,2025-05-09,South,Retail Store,Credit Card,1281.24,Delivered
3139,458,2025-04-27,East,Retail Store,UPI,1074.95,Returned
3140,355,2025-01-03,South,Retail Store,Debit Card,923.43,Delivered
3141,281,2025-08-17,South,Retail Store,Credit Card,1034.34,Cancelled
3142,350,2024-08-04,West,Mobile App,Cash on Delivery,1292.95,Returned
3143,459,2024-12-24,South,Mobile App,Credit Card,1411.98,Returned
3144,205,2026-01-13,North,Mobile App,UPI,351.83,Delivered
3145,323,2025-02-09,East,Website,Net Banking,391.51,Delivered
3146,349,2026-03-19,North,Retail Store,Net Banking,946.66,Returned
3147,248,2024-07-30,North,Mobile App,Cash on Delivery,368.82,Delivered
3148,378,2025-06-23,North,Retail Store,Cash on Delivery,370.75,Delivered
3149,449,2025-06-14,East,Website,Credit Card,847.27,Delivered
3150,67,2025-03-27,West,Retail Store,UPI,1478.96,Shipped
3151,405,2025-06-30,North,Mobile App,Net Banking,1441.12,Delivered
3152,83,2026-02-05,North,Retail Store,UPI,732.84,Cancelled
3153,234,2024-07-25,East,Mobile App,UPI,724.18,Returned
3154,322,2025-09-08,East,Retail Store,Cash on Delivery,1138.02,Delivered
3155,84,2025-01-01,North,Retail Store,Credit Card,469.07,Delivered
3156,419,2025-12-02,South,Website,Net Banking,1280.55,Delivered
3157,179,2025-05-04,East,Mobile App,UPI,343.36,Returned
3158,420,2026-03-04,South,Website,Debit Card,1271.9,Delivered
3159,55,2024-11-10,East,Retail Store,Credit Card,488.75,Returned
3160,48,2024-09-03,South,Mobile App,Credit Card,1068.43,Cancelled
3161,213,2025-08-06,South,Mobile App,Debit Card,173.61,Delivered
3162,211,2025-11-13,West,Mobile App,Net Banking,1488.54,Delivered
3163,180,2026-02-04,East,Mobile App,Cash on Delivery,875.44,Delivered
3164,192,2024-08-22,West,Retail Store,Net Banking,99.31,Returned
3165,136,2026-04-16,North,Retail Store,UPI,1083.1,Delivered
3166,250,2025-10-09,South,Mobile App,Cash on Delivery,656.92,Returned
3167,118,2025-10-23,East,Website,Net Banking,232.27,Returned
3168,274,2024-07-22,East,Website,Cash on Delivery,362.42,Delivered
3169,256,2025-08-20,South,Mobile App,Net Banking,260.21,Returned
3170,124,2024-06-14,West,Mobile App,Net Banking,487.06,Cancelled
3171,310,2026-03-08,South,Retail Store,UPI,201.16,Returned
3172,136,2025-11-13,South,Mobile App,Debit Card,685.21,Delivered
3173,344,2025-12-18,West,Mobile App,Net Banking,373.26,Delivered
3174,367,2024-11-26,South,Mobile App,Net Banking,1274.97,Shipped
3175,323,2025-12-11,East,Mobile App,UPI,981.48,Delivered
3176,213,2025-07-27,East,Retail Store,Net Banking,800.6,Delivered
3177,224,2024-07-10,West,Retail Store,Debit Card,334.94,Cancelled
3178,275,2024-09-22,West,Website,Debit Card,1325.94,Delivered
3179,53,2026-03-15,North,Website,Credit Card,474.71,Shipped
3180,267,2025-02-04,East,Retail Store,Credit Card,1027.59,Delivered
3181,424,2026-01-30,North,Retail Store,Credit Card,1037.67,Delivered
3182,305,2024-11-03,South,Retail Store,Credit Card,1300.21,Delivered
3183,285,2025-03-22,North,Website,Cash on Delivery,405.4,Shipped
3184,122,2025-12-08,West,Mobile App,Net Banking,308.71,Shipped
3185,297,2025-12-01,North,Retail Store,Credit Card,1301.36,Cancelled
3186,466,2024-12-05,North,Mobile App,Credit Card,139.05,Cancelled
3187,378,2024-11-14,South,Website,Cash on Delivery,727.7,Returned
3188,233,2024-10-08,South,Retail Store,Cash on Delivery,496.97,Delivered
3189,312,2024-08-22,North,Retail Store,Debit Card,1168.31,Returned
3190,433,2024-10-23,South,Mobile App,Net Banking,999.45,Returned
3191,358,2026-03-06,South,Retail Store,Net Banking,175.12,Returned
3192,400,2025-10-26,North,Mobile App,UPI,1283.67,Cancelled
3193,488,2026-02-13,North,Mobile App,Debit Card,794.32,Delivered
3194,377,2025-11-28,North,Mobile App,Debit Card,1481.57,Delivered
3195,66,2025-04-27,East,Retail Store,UPI,1316.2,Shipped
3196,439,2024-10-27,East,Retail Store,Debit Card,475.43,Returned
3197,355,2024-07-03,West,Retail Store,Net Banking,1361.01,Delivered
3198,246,2025-10-02,East,Mobile App,Net Banking,402.08,Delivered
3199,322,2026-04-15,North,Retail Store,Credit Card,1238.96,Delivered
3200,100,2024-06-08,East,Retail Store,Net Banking,1319.67,Shipped
3201,435,2025-09-27,West,Mobile App,Net Banking,571.88,Delivered
3202,372,2025-08-03,West,Mobile App,Cash on Delivery,741.58,Delivered
3203,134,2025-07-12,East,Mobile App,Debit Card,396.07,Shipped
3204,342,2025-06-22,South,Website,Net Banking,108.54,Cancelled
3205,102,2025-11-22,West,Mobile App,Cash on Delivery,554.97,Cancelled
3206,316,2026-04-07,West,Mobile App,Credit Card,167.42,Delivered
3207,357,2025-09-07,East,Website,Net Banking,124.82,Delivered
3208,130,2026-02-01,South,Retail Store,UPI,1174.55,Shipped
3209,346,2024-07-20,East,Website,Credit Card,1194.65,Shipped
3210,340,2024-07-29,South,Mobile App,Credit Card,587.24,Returned
3211,290,2024-08-28,South,Mobile App,Cash on Delivery,181.18,Delivered
3212,392,2025-02-15,East,Retail Store,Debit Card,342.64,Delivered
3213,53,2025-03-09,South,Retail Store,Net Banking,341.68,Shipped
3214,238,2025-02-10,North,Website,Cash on Delivery,1128.23,Delivered
3215,349,2025-07-23,North,Website,Net Banking,1457.22,Delivered
3216,327,2024-11-23,West,Website,Debit Card,529.62,Delivered
3217,333,2024-12-12,West,Retail Store,UPI,113.16,Returned
3218,336,2025-09-17,South,Website,UPI,101.52,Delivered
3219,314,2024-06-10,North,Mobile App,UPI,1001.23,Cancelled
3220,260,2025-10-09,North,Mobile App,Net Banking,865.49,Returned
3221,261,2025-06-07,North,Retail Store,Debit Card,856.99,Delivered
3222,2,2025-09-07,South,Mobile App,Net Banking,51.41,Returned
3223,8,2025-04-30,West,Retail Store,Net Banking,553.16,Delivered
3224,87,2025-03-16,South,Website,UPI,398.34,Delivered
3225,389,2025-01-26,East,Retail Store,Credit Card,1154.57,Delivered
3226,111,2024-11-01,West,Retail Store,Credit Card,440.88,Returned
3227,134,2026-01-22,South,Website,UPI,397.79,Delivered
3228,98,2024-10-03,West,Retail Store,Cash on Delivery,298.38,Returned
3229,429,2025-10-06,North,Retail Store,Debit Card,536.69,Delivered
3230,461,2025-11-25,West,Mobile App,Cash on Delivery,1404.21,Delivered
3231,193,2024-07-19,South,Mobile App,Debit Card,1369.35,Returned
3232,96,2026-01-15,South,Mobile App,UPI,1226.9,Returned
3233,86,2026-01-22,South,Website,Debit Card,1487.84,Cancelled
3234,370,2024-11-07,South,Mobile App,Cash on Delivery,1491.87,Shipped
3235,450,2026-04-27,North,Mobile App,UPI,157.89,Delivered
3236,268,2026-04-05,South,Retail Store,Debit Card,1362.33,Returned
3237,58,2025-05-19,South,Mobile App,Cash on Delivery,1237.55,Returned
3238,41,2026-02-07,North,Mobile App,Debit Card,1155.54,Cancelled
3239,415,2025-09-24,South,Website,Debit Card,1124.53,Returned
3240,286,2025-08-13,East,Retail Store,UPI,621.03,Shipped
3241,489,2026-03-16,West,Mobile App,Credit Card,856.2,Shipped
3242,182,2025-07-18,South,Retail Store,UPI,1468.76,Delivered
3243,248,2024-06-29,South,Website,Net Banking,1241.17,Delivered
3244,436,2025-01-09,South,Mobile App,Credit Card,477.65,Delivered
3245,98,2024-09-23,North,Retail Store,Credit Card,535.97,Shipped
3246,228,2025-03-08,West,Retail Store,Net Banking,139.52,Shipped
3247,375,2024-08-02,North,Website,Debit Card,476.77,Delivered
3248,300,2024-08-03,North,Retail Store,Credit Card,687.02,Returned
3249,146,2025-12-27,South,Website,Net Banking,469.29,Delivered
3250,235,2024-07-04,East,Retail Store,Debit Card,158.81,Delivered
3251,199,2025-07-23,North,Mobile App,Net Banking,1451.67,Delivered
3252,268,2025-01-12,East,Website,UPI,634.55,Cancelled
3253,176,2025-01-14,West,Website,Credit Card,1448.69,Delivered
3254,443,2025-09-18,North,Mobile App,Debit Card,1139.54,Cancelled
3255,494,2025-04-22,North,Retail Store,UPI,1432.98,Shipped
3256,103,2025-10-17,North,Website,Debit Card,60.0,Delivered
3257,265,2025-08-14,North,Retail Store,Cash on Delivery,671.34,Cancelled
3258,51,2026-04-12,North,Retail Store,Cash on Delivery,883.88,Delivered
3259,376,2024-08-10,East,Retail Store,Cash on Delivery,1302.17,Delivered
3260,125,2025-11-20,West,Retail Store,Cash on Delivery,1288.64,Shipped
3261,328,2024-10-09,West,Website,UPI,324.09,Returned
3262,262,2026-05-01,South,Mobile App,Credit Card,779.81,Delivered
3263,92,2024-07-19,South,Retail Store,Debit Card,1197.61,Shipped
3264,9,2024-08-16,West,Website,Cash on Delivery,1226.74,Delivered
3265,330,2025-07-08,North,Retail Store,Cash on Delivery,1378.53,Shipped
3266,201,2025-10-01,South,Mobile App,Credit Card,1173.06,Shipped
3267,201,2025-06-28,West,Retail Store,Net Banking,670.9,Returned
3268,112,2024-07-07,West,Retail Store,Cash on Delivery,320.89,Delivered
3269,109,2025-07-25,North,Mobile App,Credit Card,589.11,Returned
3270,298,2024-09-21,North,Retail Store,UPI,936.38,Cancelled
3271,69,2024-08-27,West,Mobile App,UPI,867.06,Returned
3272,225,2025-04-29,East,Website,Credit Card,454.66,Shipped
3273,318,2025-04-18,North,Retail Store,Cash on Delivery,409.3,Cancelled
3274,436,2025-05-27,West,Mobile App,UPI,1287.47,Delivered
3275,133,2026-04-01,West,Mobile App,Debit Card,917.76,Delivered
3276,60,2024-05-27,South,Retail Store,Debit Card,1213.19,Delivered
3277,274,2025-05-21,North,Mobile App,Net Banking,172.33,Delivered
3278,368,2024-08-08,West,Retail Store,Debit Card,231.45,Delivered
3279,371,2025-06-18,North,Retail Store,Debit Card,808.67,Delivered
3280,343,2026-01-13,West,Mobile App,UPI,325.78,Cancelled
3281,120,2025-11-29,East,Retail Store,Net Banking,645.4,Returned
3282,497,2024-07-26,East,Mobile App,UPI,372.95,Returned
3283,82,2025-03-12,South,Retail Store,Net Banking,828.97,Delivered
3284,36,2024-11-03,North,Mobile App,Net Banking,634.7,Delivered
3285,434,2025-07-29,East,Retail Store,Debit Card,1145.42,Delivered
3286,194,2025-06-27,North,Retail Store,Credit Card,1498.48,Delivered
3287,9,2025-09-13,North,Retail Store,Credit Card,1204.1,Returned
3288,311,2025-11-15,South,Retail Store,UPI,553.24,Delivered
3289,270,2024-10-07,North,Website,Cash on Delivery,565.54,Returned
3290,261,2025-08-05,West,Mobile App,UPI,534.37,Delivered
3291,107,2025-01-01,West,Website,UPI,312.11,Delivered
3292,329,2025-03-01,South,Retail Store,UPI,996.25,Shipped
3293,243,2024-12-17,North,Mobile App,Credit Card,427.63,Shipped
3294,393,2024-08-20,West,Mobile App,Credit Card,1352.32,Delivered
3295,212,2026-04-16,South,Retail Store,UPI,1394.47,Returned
3296,1,2024-10-08,South,Mobile App,Net Banking,1154.76,Delivered
3297,420,2025-05-23,West,Mobile App,Debit Card,876.6,Returned
3298,300,2026-03-04,South,Retail Store,Net Banking,573.81,Delivered
3299,18,2025-04-28,East,Mobile App,Net Banking,1305.13,Delivered
3300,277,2025-04-28,South,Retail Store,Net Banking,141.03,Delivered
3301,80,2026-02-13,East,Retail Store,Credit Card,487.24,Shipped
3302,225,2025-09-12,North,Website,UPI,695.87,Shipped
3303,430,2025-07-11,South,Website,Net Banking,356.86,Shipped
3304,33,2025-03-18,North,Retail Store,Debit Card,1363.42,Cancelled
3305,444,2024-09-24,West,Website,UPI,1132.76,Returned
3306,160,2025-09-11,South,Website,UPI,766.35,Returned
3307,234,2025-11-24,East,Retail Store,Debit Card,328.81,Delivered
3308,389,2024-08-03,South,Mobile App,Debit Card,414.15,Delivered
3309,266,2024-11-30,South,Website,Cash on Delivery,214.25,Cancelled
3310,335,2025-08-04,South,Website,Debit Card,190.93,Shipped
3311,166,2024-06-01,South,Mobile App,Debit Card,402.46,Returned
3312,173,2025-03-27,West,Mobile App,UPI,1165.44,Cancelled
3313,391,2025-08-26,West,Website,Debit Card,188.17,Shipped
3314,337,2024-09-29,East,Retail Store,Debit Card,320.59,Delivered
3315,448,2025-09-18,South,Mobile App,Cash on Delivery,678.69,Shipped
3316,385,2024-10-06,West,Mobile App,Debit Card,868.58,Returned
3317,72,2026-01-08,East,Website,Cash on Delivery,934.25,Delivered
3318,229,2025-02-16,South,Retail Store,UPI,122.69,Cancelled
3319,111,2025-10-29,South,Retail Store,Cash on Delivery,942.02,Delivered
3320,41,2025-08-12,North,Retail Store,Net Banking,793.64,Delivered
3321,443,2025-04-23,East,Mobile App,Cash on Delivery,74.57,Returned
3322,1,2025-05-25,West,Mobile App,Debit Card,319.36,Returned
3323,295,2025-04-29,South,Retail Store,Credit Card,1149.94,Shipped
3324,489,2026-05-10,South,Website,UPI,1468.49,Delivered
3325,10,2026-02-22,West,Mobile App,Debit Card,932.28,Delivered
3326,2,2026-01-11,West,Website,Credit Card,588.84,Delivered
3327,407,2025-05-11,West,Retail Store,Debit Card,1394.25,Returned
3328,183,2024-08-31,West,Retail Store,Debit Card,286.33,Delivered
3329,388,2026-04-12,East,Website,Credit Card,1371.91,Cancelled
3330,330,2026-01-07,North,Retail Store,Net Banking,1230.77,Shipped
3331,449,2024-07-06,East,Retail Store,Debit Card,928.86,Delivered
3332,110,2025-08-30,West,Website,Credit Card,272.44,Delivered
3333,40,2024-12-03,East,Website,Cash on Delivery,556.16,Returned
3334,164,2024-07-21,North,Retail Store,Credit Card,401.99,Returned
3335,350,2024-12-06,East,Retail Store,Credit Card,62.17,Returned
3336,52,2024-10-30,West,Website,Credit Card,1371.55,Delivered
3337,264,2025-01-18,South,Mobile App,Credit Card,918.42,Returned
3338,366,2025-12-22,East,Retail Store,Credit Card,1379.46,Returned
3339,85,2026-05-20,South,Website,Credit Card,227.72,Shipped
3340,151,2025-01-25,East,Mobile App,Net Banking,1341.85,Delivered
3341,269,2026-03-11,North,Mobile App,Cash on Delivery,385.58,Delivered
3342,489,2024-09-26,North,Mobile App,Cash on Delivery,165.37,Delivered
3343,183,2025-06-04,South,Retail Store,Net Banking,421.18,Returned
3344,246,2026-03-13,South,Retail Store,Cash on Delivery,136.59,Delivered
3345,39,2026-03-13,West,Website,Net Banking,505.82,Delivered
3346,431,2025-10-08,North,Website,Credit Card,471.96,Shipped
3347,453,2024-10-12,East,Website,Debit Card,72.71,Delivered
3348,218,2025-03-29,East,Website,Credit Card,458.89,Shipped
3349,219,2024-07-17,East,Retail Store,Net Banking,629.28,Returned
3350,109,2025-05-15,North,Mobile App,Net Banking,1190.08,Cancelled
3351,467,2024-09-09,East,Mobile App,UPI,119.2,Delivered
3352,418,2024-06-01,East,Website,Debit Card,1436.52,Delivered
3353,208,2026-02-19,West,Mobile App,UPI,1371.26,Shipped
3354,31,2024-12-11,West,Website,UPI,988.41,Cancelled
3355,380,2026-01-08,South,Mobile App,Credit Card,1228.04,Shipped
3356,31,2024-10-30,West,Mobile App,Cash on Delivery,923.45,Delivered
3357,490,2024-07-16,East,Mobile App,Cash on Delivery,1145.89,Returned
3358,152,2025-08-23,West,Mobile App,Cash on Delivery,655.55,Cancelled
3359,213,2025-10-13,East,Mobile App,Credit Card,1238.23,Delivered
3360,371,2025-09-07,North,Mobile App,Net Banking,980.81,Delivered
3361,54,2024-10-25,West,Website,UPI,902.24,Delivered
3362,133,2024-07-16,East,Mobile App,UPI,1192.77,Returned
3363,325,2025-11-19,East,Mobile App,UPI,276.22,Returned
3364,13,2024-11-29,South,Website,UPI,155.62,Shipped
3365,366,2024-07-26,North,Retail Store,UPI,794.64,Shipped
3366,487,2025-01-16,West,Website,UPI,98.65,Cancelled
3367,31,2025-06-11,North,Mobile App,UPI,110.43,Cancelled
3368,129,2026-01-08,East,Website,Credit Card,1362.94,Delivered
3369,276,2025-12-28,West,Mobile App,Net Banking,1132.77,Delivered
3370,126,2024-11-30,North,Mobile App,Credit Card,1059.96,Shipped
3371,173,2025-11-10,West,Mobile App,Debit Card,166.89,Delivered
3372,424,2024-07-10,East,Website,Credit Card,1195.54,Delivered
3373,85,2025-11-28,West,Website,Credit Card,754.91,Shipped
3374,335,2025-05-17,South,Retail Store,Cash on Delivery,268.07,Delivered
3375,335,2025-01-26,South,Mobile App,UPI,847.88,Cancelled
3376,324,2025-04-07,South,Mobile App,Cash on Delivery,409.07,Returned
3377,77,2026-02-08,West,Retail Store,UPI,432.13,Delivered
3378,6,2024-12-20,East,Mobile App,Debit Card,394.61,Shipped
3379,5,2025-03-21,East,Website,Credit Card,898.46,Delivered
3380,40,2025-10-09,East,Website,Debit Card,554.08,Returned
3381,306,2025-03-18,South,Website,Debit Card,1326.49,Cancelled
3382,283,2025-08-20,East,Mobile App,Net Banking,175.63,Shipped
3383,222,2024-06-07,West,Retail Store,Cash on Delivery,363.62,Returned
3384,427,2026-03-04,South,Mobile App,Net Banking,807.55,Shipped
3385,187,2024-06-06,South,Retail Store,Net Banking,1005.57,Delivered
3386,411,2024-08-21,East,Website,Credit Card,363.08,Shipped
3387,351,2025-07-15,East,Retail Store,UPI,427.04,Shipped
3388,348,2025-09-18,South,Retail Store,Credit Card,1183.87,Cancelled
3389,274,2025-12-19,North,Mobile App,Credit Card,956.21,Delivered
3390,133,2024-10-10,West,Mobile App,Debit Card,1206.03,Returned
3391,201,2026-02-16,South,Website,Cash on Delivery,1401.9,Shipped
3392,205,2024-11-17,East,Retail Store,UPI,1324.18,Delivered
3393,166,2024-10-23,West,Mobile App,UPI,1364.8,Shipped
3394,44,2024-12-27,South,Retail Store,Credit Card,707.54,Delivered
3395,497,2025-06-15,West,Retail Store,Net Banking,990.77,Delivered
3396,32,2024-11-28,South,Website,Net Banking,448.37,Delivered
3397,311,2024-09-07,West,Website,Net Banking,336.42,Shipped
3398,496,2026-03-16,North,Retail Store,Cash on Delivery,1270.03,Delivered
3399,339,2024-11-20,East,Retail Store,Debit Card,1106.68,Delivered
3400,87,2025-09-21,North,Website,UPI,505.41,Returned
3401,494,2024-08-11,North,Mobile App,Debit Card,1398.16,Delivered
3402,484,2024-11-10,East,Mobile App,Credit Card,752.91,Shipped
3403,236,2024-09-22,West,Retail Store,Credit Card,1146.97,Returned
3404,103,2025-01-01,West,Website,Debit Card,650.7,Returned
3405,124,2025-01-10,West,Retail Store,Credit Card,751.94,Returned
3406,248,2024-05-28,West,Retail Store,UPI,1446.73,Delivered
3407,395,2025-08-28,South,Retail Store,Net Banking,697.14,Delivered
3408,221,2024-11-13,South,Website,Cash on Delivery,1146.07,Delivered
3409,312,2024-10-18,East,Mobile App,Debit Card,1321.68,Shipped
3410,362,2025-01-18,East,Website,Debit Card,924.36,Shipped
3411,226,2025-07-26,North,Retail Store,UPI,179.07,Delivered
3412,347,2024-07-20,South,Retail Store,UPI,987.17,Delivered
3413,297,2024-09-11,West,Mobile App,Net Banking,408.49,Delivered
3414,91,2025-10-20,West,Website,Credit Card,719.12,Delivered
3415,414,2024-07-11,West,Retail Store,Cash on Delivery,805.99,Delivered
3416,229,2026-01-08,South,Retail Store,Cash on Delivery,483.84,Delivered
3417,82,2024-08-04,East,Mobile App,UPI,1097.2,Delivered
3418,382,2026-04-09,West,Retail Store,Net Banking,1488.13,Delivered
3419,26,2025-08-30,West,Retail Store,Cash on Delivery,758.33,Delivered
3420,361,2026-03-26,East,Website,Cash on Delivery,1283.7,Delivered
3421,256,2024-07-14,South,Retail Store,Debit Card,251.78,Cancelled
3422,92,2026-01-13,East,Website,Credit Card,1185.42,Delivered
3423,65,2025-01-25,West,Retail Store,Debit Card,1056.63,Delivered
3424,145,2025-03-10,South,Mobile App,Debit Card,333.59,Delivered
3425,287,2024-10-12,East,Website,Debit Card,109.66,Shipped
3426,412,2026-01-09,North,Website,UPI,976.29,Cancelled
3427,105,2025-03-11,South,Retail Store,Credit Card,1437.82,Returned
3428,292,2024-11-08,South,Website,Cash on Delivery,1396.49,Shipped
3429,395,2026-04-15,South,Retail Store,UPI,702.11,Delivered
3430,463,2024-08-03,South,Mobile App,UPI,1369.37,Shipped
3431,157,2024-06-10,South,Website,Cash on Delivery,1068.47,Cancelled
3432,39,2025-02-15,East,Website,Cash on Delivery,114.37,Returned
3433,346,2025-06-01,West,Website,Cash on Delivery,1347.72,Cancelled
3434,197,2025-09-28,South,Website,Debit Card,1383.53,Delivered
3435,267,2026-02-13,South,Website,Cash on Delivery,575.18,Delivered
3436,397,2025-04-04,East,Mobile App,Cash on Delivery,254.75,Shipped
3437,370,2026-03-22,West,Mobile App,UPI,942.25,Delivered
3438,39,2024-06-19,South,Website,Credit Card,1052.15,Delivered
3439,261,2024-08-01,North,Website,Cash on Delivery,708.13,Cancelled
3440,238,2024-07-20,North,Mobile App,Cash on Delivery,668.2,Returned
3441,53,2025-09-14,West,Mobile App,Net Banking,1261.74,Cancelled
3442,91,2026-03-09,East,Mobile App,UPI,626.75,Delivered
3443,219,2024-12-10,West,Retail Store,Debit Card,555.83,Shipped
3444,184,2026-04-03,East,Retail Store,Net Banking,754.85,Delivered
3445,443,2025-05-04,North,Website,UPI,899.55,Delivered
3446,218,2025-02-16,West,Retail Store,Net Banking,945.13,Delivered
3447,367,2025-03-22,North,Mobile App,Debit Card,1156.39,Delivered
3448,328,2026-02-12,South,Website,UPI,303.43,Delivered
3449,359,2025-06-19,South,Mobile App,Net Banking,403.05,Returned
3450,238,2025-02-17,West,Retail Store,Credit Card,506.92,Delivered
3451,307,2025-01-25,East,Website,Debit Card,530.67,Returned
3452,365,2025-05-06,South,Website,Cash on Delivery,1087.47,Returned
3453,235,2025-02-03,North,Website,Credit Card,466.34,Cancelled
3454,310,2025-06-26,North,Retail Store,Net Banking,1354.81,Delivered
3455,252,2025-06-03,South,Mobile App,UPI,568.54,Returned
3456,449,2025-11-01,South,Retail Store,Net Banking,514.78,Cancelled
3457,227,2024-11-18,East,Mobile App,Credit Card,1073.83,Delivered
3458,25,2026-01-01,South,Mobile App,UPI,1260.63,Shipped
3459,195,2026-03-28,North,Retail Store,Net Banking,184.38,Returned
3460,435,2026-01-29,East,Mobile App,Cash on Delivery,1253.17,Cancelled
3461,213,2026-01-27,North,Mobile App,Net Banking,866.86,Returned
3462,10,2024-06-04,South,Retail Store,Debit Card,563.47,Delivered
3463,57,2025-05-01,West,Website,UPI,921.31,Delivered
3464,255,2024-05-26,North,Retail Store,Cash on Delivery,178.42,Returned
3465,408,2025-09-20,East,Retail Store,Debit Card,352.27,Delivered
3466,251,2025-10-21,West,Retail Store,Net Banking,397.98,Returned
3467,451,2024-07-18,East,Mobile App,Cash on Delivery,475.92,Returned
3468,398,2025-12-20,North,Mobile App,UPI,899.89,Shipped
3469,498,2024-10-15,East,Retail Store,Cash on Delivery,74.73,Returned
3470,256,2024-07-07,North,Retail Store,Debit Card,1285.18,Delivered
3471,115,2024-07-23,East,Retail Store,Net Banking,882.26,Delivered
3472,126,2025-05-14,North,Website,Net Banking,776.21,Delivered
3473,314,2026-04-29,West,Retail Store,Net Banking,851.9,Delivered
3474,422,2024-10-06,East,Website,Net Banking,1267.67,Returned
3475,23,2026-03-03,North,Website,Debit Card,442.75,Cancelled
3476,482,2026-01-13,East,Mobile App,UPI,1019.47,Returned
3477,348,2024-09-11,West,Mobile App,Net Banking,384.85,Delivered
3478,35,2025-03-19,East,Website,UPI,245.21,Cancelled
3479,476,2025-12-16,East,Website,Credit Card,394.51,Cancelled
3480,317,2025-10-17,East,Mobile App,Cash on Delivery,367.24,Delivered
3481,85,2025-04-13,North,Retail Store,Debit Card,1285.12,Returned
3482,71,2024-11-24,South,Mobile App,Debit Card,113.17,Delivered
3483,111,2025-09-24,North,Retail Store,Credit Card,1291.05,Delivered
3484,490,2025-06-09,South,Website,Credit Card,819.92,Cancelled
3485,484,2025-01-10,South,Website,Cash on Delivery,925.25,Delivered
3486,268,2025-05-13,North,Retail Store,Credit Card,1372.29,Cancelled
3487,97,2025-04-05,South,Website,UPI,867.57,Shipped
3488,321,2024-06-05,East,Website,Cash on Delivery,1028.72,Delivered
3489,314,2026-03-15,North,Retail Store,Net Banking,376.21,Shipped
3490,336,2026-04-04,West,Website,UPI,419.01,Cancelled
3491,43,2024-11-11,East,Mobile App,Cash on Delivery,1226.21,Cancelled
3492,149,2026-03-22,East,Website,Credit Card,688.95,Cancelled
3493,184,2024-07-20,North,Retail Store,Credit Card,126.33,Delivered
3494,114,2024-08-31,West,Website,UPI,1273.23,Delivered
3495,111,2025-06-23,West,Retail Store,UPI,733.64,Delivered
3496,498,2026-03-09,North,Retail Store,Cash on Delivery,440.75,Delivered
3497,437,2025-09-21,South,Mobile App,Credit Card,185.39,Cancelled
3498,197,2025-09-01,East,Retail Store,Debit Card,1030.91,Delivered
3499,489,2026-05-14,East,Mobile App,Net Banking,372.68,Delivered
3500,383,2025-03-08,South,Website,Net Banking,280.85,Delivered
3501,330,2025-08-17,North,Mobile App,UPI,1492.81,Delivered
3502,306,2025-08-04,East,Website,UPI,469.01,Shipped
3503,220,2024-07-10,North,Mobile App,Net Banking,1276.51,Delivered
3504,110,2026-03-09,West,Retail Store,Credit Card,1070.43,Shipped
3505,230,2025-06-10,West,Retail Store,Cash on Delivery,1169.32,Returned
3506,168,2025-07-11,East,Retail Store,Net Banking,1335.0,Cancelled
3507,120,2024-07-21,North,Mobile App,Cash on Delivery,58.27,Shipped
3508,247,2024-08-04,South,Mobile App,UPI,298.06,Shipped
3509,373,2026-02-20,East,Retail Store,Net Banking,326.27,Delivered
3510,148,2025-04-08,West,Mobile App,Credit Card,951.58,Shipped
3511,219,2025-10-10,East,Retail Store,Credit Card,612.03,Returned
3512,234,2024-08-11,South,Website,Debit Card,1426.93,Shipped
3513,271,2025-02-18,West,Mobile App,Cash on Delivery,132.76,Shipped
3514,87,2025-10-08,East,Mobile App,Credit Card,172.29,Delivered
3515,33,2025-10-31,South,Website,UPI,963.09,Returned
3516,4,2025-10-17,North,Website,Credit Card,58.95,Delivered
3517,425,2025-01-02,North,Mobile App,Credit Card,1275.06,Delivered
3518,466,2024-08-01,West,Retail Store,Debit Card,1195.07,Returned
3519,42,2025-08-02,South,Website,Cash on Delivery,267.24,Delivered
3520,222,2025-08-23,South,Website,Credit Card,1352.45,Shipped
3521,130,2025-03-28,West,Mobile App,UPI,102.25,Delivered
3522,26,2025-04-28,West,Mobile App,Cash on Delivery,1263.83,Delivered
3523,73,2025-02-05,South,Mobile App,Debit Card,405.41,Delivered
3524,227,2025-10-15,North,Retail Store,Debit Card,272.77,Delivered
3525,316,2026-03-07,South,Website,Debit Card,203.51,Cancelled
3526,6,2025-10-16,South,Retail Store,Credit Card,113.65,Delivered
3527,435,2025-08-11,East,Retail Store,Cash on Delivery,151.6,Returned
3528,213,2025-03-24,East,Mobile App,UPI,975.03,Delivered
3529,177,2024-12-12,East,Website,Net Banking,777.88,Cancelled
3530,75,2024-11-17,West,Mobile App,Net Banking,1443.25,Delivered
3531,369,2024-06-21,South,Retail Store,Credit Card,1282.2,Delivered
3532,157,2025-04-29,South,Website,UPI,612.02,Cancelled
3533,156,2026-02-02,South,Retail Store,Credit Card,1461.13,Delivered
3534,469,2025-04-07,North,Website,Credit Card,566.4,Cancelled
3535,109,2024-08-02,East,Website,Cash on Delivery,446.32,Cancelled
3536,237,2025-07-12,East,Website,Cash on Delivery,1174.88,Shipped
3537,455,2025-08-16,South,Website,UPI,143.31,Returned
3538,385,2024-06-07,West,Mobile App,Net Banking,870.5,Delivered
3539,214,2025-01-10,North,Website,UPI,407.4,Returned
3540,441,2026-01-25,West,Website,UPI,207.73,Delivered
3541,260,2024-12-16,North,Mobile App,Net Banking,485.67,Returned
3542,273,2025-03-11,West,Mobile App,Debit Card,858.59,Cancelled
3543,419,2026-02-04,West,Retail Store,Cash on Delivery,1416.78,Cancelled
3544,14,2026-03-21,East,Website,Credit Card,80.93,Delivered
3545,165,2025-03-06,East,Website,Cash on Delivery,1121.42,Returned
3546,361,2026-02-17,West,Mobile App,Debit Card,1465.88,Shipped
3547,444,2026-03-09,East,Mobile App,Debit Card,708.92,Shipped
3548,272,2025-10-07,North,Website,Debit Card,1499.73,Returned
3549,63,2025-10-08,South,Retail Store,Debit Card,579.02,Delivered
3550,113,2025-12-11,West,Retail Store,Net Banking,151.38,Delivered
3551,468,2025-05-17,East,Retail Store,Debit Card,529.65,Delivered
3552,330,2026-01-27,South,Retail Store,Net Banking,1008.36,Returned
3553,405,2024-10-11,North,Retail Store,Cash on Delivery,687.4,Returned
3554,266,2025-04-26,East,Mobile App,Credit Card,659.54,Cancelled
3555,388,2026-03-07,East,Mobile App,Credit Card,296.71,Returned
3556,385,2025-07-16,South,Website,Debit Card,1042.87,Returned
3557,75,2026-01-22,North,Mobile App,UPI,628.52,Delivered
3558,410,2026-02-18,West,Website,UPI,791.19,Returned
3559,418,2026-04-15,West,Retail Store,Net Banking,729.87,Delivered
3560,421,2025-05-13,North,Retail Store,Debit Card,190.78,Delivered
3561,101,2024-07-03,East,Mobile App,UPI,721.83,Cancelled
3562,23,2025-06-23,East,Website,Cash on Delivery,1407.92,Returned
3563,178,2024-12-24,South,Mobile App,UPI,769.86,Delivered
3564,146,2025-11-02,South,Mobile App,Cash on Delivery,1191.98,Shipped
3565,283,2026-03-30,South,Website,Cash on Delivery,757.99,Shipped
3566,324,2026-03-11,South,Mobile App,Credit Card,871.26,Cancelled
3567,435,2025-11-12,North,Mobile App,UPI,712.07,Returned
3568,221,2026-05-23,West,Retail Store,UPI,1136.63,Delivered
3569,447,2025-08-13,East,Retail Store,Credit Card,756.86,Shipped
3570,292,2025-01-30,North,Website,UPI,249.55,Returned
3571,442,2025-11-06,South,Mobile App,Net Banking,1142.51,Shipped
3572,129,2025-11-22,South,Mobile App,Debit Card,825.76,Returned
3573,104,2025-03-10,West,Website,Net Banking,501.19,Cancelled
3574,276,2024-10-16,North,Retail Store,Net Banking,365.62,Cancelled
3575,279,2025-10-07,West,Mobile App,Credit Card,1354.81,Delivered
3576,34,2024-12-22,East,Retail Store,Net Banking,591.45,Cancelled
3577,117,2025-04-04,North,Website,UPI,1129.19,Returned
3578,430,2025-06-19,East,Mobile App,Debit Card,1426.4,Delivered
3579,132,2025-04-07,North,Website,Cash on Delivery,415.29,Cancelled
3580,319,2025-01-30,East,Retail Store,Cash on Delivery,315.61,Returned
3581,352,2024-10-09,North,Website,Credit Card,1013.25,Shipped
3582,282,2025-10-30,East,Mobile App,Cash on Delivery,957.3,Returned
3583,470,2026-01-30,East,Mobile App,Credit Card,988.59,Cancelled
3584,363,2024-11-21,South,Retail Store,Cash on Delivery,1214.4,Delivered
3585,391,2025-10-11,West,Mobile App,Cash on Delivery,1292.13,Cancelled
3586,134,2024-08-28,North,Mobile App,Debit Card,107.04,Shipped
3587,224,2024-07-17,South,Retail Store,Cash on Delivery,655.49,Returned
3588,85,2026-01-18,West,Website,UPI,1170.52,Delivered
3589,154,2026-03-01,East,Mobile App,Credit Card,1489.86,Returned
3590,286,2026-03-11,East,Website,Credit Card,308.47,Delivered
3591,473,2024-07-06,East,Website,Credit Card,1308.09,Delivered
3592,111,2025-07-12,East,Website,Debit Card,1207.42,Returned
3593,33,2025-03-19,West,Website,Cash on Delivery,879.9,Shipped
3594,254,2024-10-10,West,Mobile App,Cash on Delivery,1162.08,Delivered
3595,42,2025-01-09,South,Mobile App,Credit Card,1010.53,Returned
3596,203,2025-06-29,South,Mobile App,Credit Card,450.71,Shipped
3597,462,2026-04-29,West,Retail Store,Net Banking,286.22,Delivered
3598,303,2025-12-29,South,Retail Store,Cash on Delivery,1192.21,Shipped
3599,378,2025-03-03,East,Mobile App,Debit Card,691.56,Delivered
3600,327,2024-07-03,West,Mobile App,Net Banking,1352.22,Delivered
3601,370,2026-01-09,South,Website,Net Banking,851.72,Shipped
3602,110,2024-05-28,South,Mobile App,Net Banking,467.41,Delivered
3603,157,2025-01-23,East,Retail Store,Credit Card,879.39,Delivered
3604,217,2024-11-21,South,Retail Store,UPI,762.4,Shipped
3605,31,2025-09-28,North,Website,Credit Card,259.51,Delivered
3606,126,2026-03-28,South,Retail Store,Debit Card,406.37,Delivered
3607,369,2025-07-06,South,Mobile App,Cash on Delivery,228.0,Shipped
3608,179,2024-11-24,South,Website,UPI,103.86,Returned
3609,483,2025-11-03,East,Retail Store,Net Banking,94.2,Delivered
3610,278,2025-07-02,West,Website,Debit Card,642.07,Returned
3611,344,2026-05-23,South,Retail Store,Cash on Delivery,749.12,Cancelled
3612,334,2026-01-04,West,Mobile App,Net Banking,777.0,Cancelled
3613,364,2025-01-20,South,Website,UPI,1476.69,Returned
3614,42,2024-12-26,South,Retail Store,UPI,81.09,Delivered
3615,392,2024-10-21,West,Retail Store,Cash on Delivery,518.06,Delivered
3616,461,2026-04-27,South,Retail Store,UPI,985.07,Delivered
3617,447,2025-02-21,North,Mobile App,Cash on Delivery,1145.52,Returned
3618,429,2025-03-13,East,Website,Net Banking,1269.27,Cancelled
3619,446,2025-06-15,North,Mobile App,Debit Card,393.57,Delivered
3620,70,2025-09-07,East,Retail Store,Credit Card,1291.3,Shipped
3621,184,2025-01-25,West,Retail Store,Cash on Delivery,1032.36,Delivered
3622,314,2026-02-15,North,Mobile App,UPI,818.13,Delivered
3623,93,2024-10-01,North,Mobile App,Cash on Delivery,1479.13,Delivered
3624,481,2024-07-16,South,Retail Store,Credit Card,509.41,Cancelled
3625,7,2025-08-08,South,Mobile App,Credit Card,993.65,Delivered
3626,332,2024-09-16,North,Mobile App,Debit Card,1473.18,Returned
3627,299,2026-01-30,West,Website,Cash on Delivery,885.61,Delivered
3628,147,2024-07-20,East,Website,Credit Card,778.56,Delivered
3629,135,2026-05-12,East,Retail Store,Cash on Delivery,872.52,Delivered
3630,448,2025-01-26,West,Mobile App,UPI,715.63,Cancelled
3631,235,2025-04-02,West,Website,UPI,628.71,Delivered
3632,300,2026-03-19,East,Mobile App,Net Banking,1313.83,Delivered
3633,431,2026-04-12,South,Mobile App,Credit Card,654.72,Returned
3634,437,2025-05-28,East,Retail Store,Net Banking,670.89,Shipped
3635,237,2024-10-26,North,Retail Store,Debit Card,522.13,Delivered
3636,304,2024-09-28,North,Website,Net Banking,662.75,Delivered
3637,417,2026-03-02,North,Website,Net Banking,989.65,Returned
3638,486,2025-02-03,North,Retail Store,Cash on Delivery,402.88,Delivered
3639,378,2024-11-25,West,Mobile App,Debit Card,1214.53,Shipped
3640,26,2025-05-27,East,Retail Store,Debit Card,839.49,Delivered
3641,277,2024-09-10,North,Mobile App,Net Banking,950.44,Returned
3642,139,2025-08-04,West,Website,Cash on Delivery,1003.83,Delivered
3643,467,2025-07-03,West,Mobile App,Cash on Delivery,852.26,Delivered
3644,185,2026-02-01,East,Retail Store,Cash on Delivery,116.05,Returned
3645,93,2024-11-28,West,Mobile App,UPI,790.04,Delivered
3646,385,2024-12-21,South,Website,UPI,168.99,Delivered
3647,221,2024-09-17,North,Mobile App,Credit Card,287.59,Cancelled
3648,117,2026-02-18,North,Mobile App,Net Banking,160.41,Returned
3649,325,2026-05-16,East,Retail Store,Net Banking,491.4,Cancelled
3650,209,2025-05-08,West,Mobile App,Cash on Delivery,879.02,Delivered
3651,162,2025-02-14,East,Mobile App,Credit Card,898.29,Returned
3652,160,2025-12-05,East,Website,Credit Card,1446.06,Delivered
3653,253,2026-04-29,East,Website,Credit Card,189.74,Delivered
3654,244,2025-08-02,East,Website,Cash on Delivery,178.51,Delivered
3655,36,2024-06-08,North,Mobile App,Credit Card,882.08,Shipped
3656,53,2025-04-08,East,Website,UPI,894.51,Returned
3657,19,2025-09-14,South,Retail Store,Net Banking,668.19,Delivered
3658,310,2024-06-25,West,Website,UPI,1099.02,Shipped
3659,184,2026-05-24,North,Retail Store,Cash on Delivery,941.28,Cancelled
3660,109,2024-07-17,North,Website,Net Banking,975.32,Shipped
3661,401,2025-10-14,South,Mobile App,Cash on Delivery,1292.8,Delivered
3662,238,2025-01-18,East,Website,UPI,1272.86,Delivered
3663,394,2025-04-01,East,Website,Debit Card,1031.72,Delivered
3664,46,2025-02-12,South,Website,Net Banking,471.89,Delivered
3665,21,2024-07-06,West,Website,Cash on Delivery,1141.09,Cancelled
3666,312,2026-02-13,South,Retail Store,Cash on Delivery,512.83,Cancelled
3667,445,2025-10-03,East,Website,Cash on Delivery,442.64,Shipped
3668,252,2025-07-15,West,Mobile App,Net Banking,134.43,Delivered
3669,322,2024-08-05,South,Website,Cash on Delivery,764.87,Delivered
3670,387,2025-08-31,East,Retail Store,Cash on Delivery,813.25,Returned
3671,78,2025-06-08,East,Website,Credit Card,953.72,Delivered
3672,101,2026-04-20,East,Mobile App,Net Banking,1421.06,Delivered
3673,457,2024-09-08,North,Retail Store,Credit Card,1013.47,Delivered
3674,84,2024-11-23,North,Retail Store,Debit Card,353.99,Delivered
3675,285,2025-05-22,East,Website,UPI,1465.46,Delivered
3676,55,2025-05-03,North,Mobile App,UPI,230.72,Cancelled
3677,92,2025-07-30,East,Website,Debit Card,1364.24,Returned
3678,18,2025-05-08,West,Website,Cash on Delivery,709.74,Delivered
3679,174,2024-10-11,West,Retail Store,Net Banking,683.71,Delivered
3680,311,2024-08-12,East,Website,Net Banking,1059.0,Shipped
3681,497,2026-04-22,West,Mobile App,Net Banking,220.68,Delivered
3682,73,2025-03-16,North,Mobile App,UPI,213.96,Delivered
3683,397,2026-01-21,West,Mobile App,Net Banking,777.35,Cancelled
3684,468,2024-07-31,North,Retail Store,Net Banking,564.07,Delivered
3685,41,2024-06-11,East,Mobile App,Net Banking,768.14,Returned
3686,339,2024-10-18,West,Mobile App,Cash on Delivery,650.81,Cancelled
3687,135,2025-12-25,East,Mobile App,Debit Card,1125.59,Delivered
3688,459,2025-10-30,North,Retail Store,Credit Card,1039.09,Delivered
3689,179,2024-06-07,North,Retail Store,Debit Card,1028.03,Shipped
3690,88,2025-07-19,East,Mobile App,Debit Card,514.39,Delivered
3691,308,2025-07-05,North,Mobile App,Debit Card,417.58,Cancelled
3692,71,2025-06-04,South,Retail Store,Net Banking,815.49,Delivered
3693,292,2024-09-01,North,Website,Debit Card,494.66,Shipped
3694,312,2025-09-15,North,Retail Store,Net Banking,1027.41,Delivered
3695,40,2024-08-08,West,Mobile App,Debit Card,391.81,Shipped
3696,123,2025-10-16,West,Website,Cash on Delivery,614.45,Delivered
3697,394,2025-06-04,South,Mobile App,Credit Card,763.9,Delivered
3698,117,2024-06-18,North,Website,Debit Card,538.16,Shipped
3699,117,2026-02-07,East,Retail Store,UPI,278.93,Shipped
3700,39,2025-05-23,West,Retail Store,UPI,334.18,Returned
3701,87,2024-11-28,South,Website,Debit Card,1327.96,Returned
3702,291,2024-12-26,East,Retail Store,Net Banking,565.16,Shipped
3703,4,2025-08-10,East,Website,Debit Card,334.6,Returned
3704,80,2025-04-04,East,Mobile App,Cash on Delivery,346.34,Shipped
3705,293,2024-09-18,East,Website,Credit Card,1029.85,Delivered
3706,485,2025-02-15,East,Mobile App,Debit Card,611.9,Shipped
3707,354,2025-01-17,South,Website,Debit Card,757.87,Cancelled
3708,145,2026-02-21,North,Retail Store,UPI,223.46,Returned
3709,420,2025-07-26,South,Website,Cash on Delivery,714.71,Delivered
3710,451,2024-12-04,South,Retail Store,UPI,1432.12,Shipped
3711,378,2024-08-04,North,Website,Credit Card,249.11,Delivered
3712,448,2025-11-15,East,Retail Store,Cash on Delivery,1256.98,Returned
3713,321,2024-10-28,North,Mobile App,Debit Card,263.39,Delivered
3714,277,2026-02-15,East,Website,Credit Card,1063.17,Delivered
3715,421,2024-10-31,South,Mobile App,Credit Card,970.48,Returned
3716,352,2025-02-14,West,Mobile App,Net Banking,442.59,Delivered
3717,26,2024-11-17,North,Website,Debit Card,64.64,Delivered
3718,458,2024-12-09,North,Retail Store,UPI,1493.78,Shipped
3719,423,2026-01-18,South,Retail Store,Cash on Delivery,1335.91,Delivered
3720,45,2026-04-14,West,Retail Store,Debit Card,1469.48,Shipped
3721,484,2026-03-25,West,Website,Debit Card,398.76,Delivered
3722,20,2025-01-27,West,Mobile App,Debit Card,304.06,Returned
3723,180,2024-08-17,West,Website,UPI,764.95,Delivered
3724,366,2025-08-11,West,Retail Store,UPI,1218.58,Delivered
3725,427,2026-02-01,North,Mobile App,Cash on Delivery,1169.93,Returned
3726,424,2024-07-17,North,Mobile App,Net Banking,116.18,Delivered
3727,402,2025-02-25,North,Retail Store,Credit Card,1281.21,Returned
3728,419,2025-06-19,West,Website,Debit Card,706.83,Shipped
3729,256,2026-04-09,West,Retail Store,Credit Card,554.72,Delivered
3730,120,2024-05-25,North,Website,Cash on Delivery,288.68,Delivered
3731,323,2024-08-26,East,Retail Store,Debit Card,80.32,Delivered
3732,154,2026-01-07,North,Website,Credit Card,906.58,Shipped
3733,323,2024-07-07,South,Website,Net Banking,1175.28,Shipped
3734,360,2024-09-09,West,Retail Store,Net Banking,856.72,Delivered
3735,55,2025-11-22,West,Retail Store,Net Banking,926.33,Delivered
3736,388,2025-09-08,South,Website,Debit Card,1181.76,Shipped
3737,4,2026-03-31,East,Retail Store,UPI,1430.59,Shipped
3738,225,2024-07-20,West,Mobile App,Cash on Delivery,1386.42,Delivered
3739,21,2025-06-02,West,Website,Debit Card,1255.97,Delivered
3740,49,2025-05-02,West,Website,Credit Card,1242.16,Delivered
3741,54,2025-11-09,North,Retail Store,UPI,957.71,Cancelled
3742,94,2025-05-29,East,Website,UPI,717.62,Delivered
3743,25,2025-11-03,West,Website,Cash on Delivery,675.12,Returned
3744,67,2024-09-27,North,Website,Debit Card,367.55,Cancelled
3745,457,2025-03-31,North,Mobile App,Net Banking,532.6,Delivered
3746,345,2026-01-26,North,Retail Store,UPI,935.35,Delivered
3747,392,2024-12-07,West,Mobile App,Cash on Delivery,1143.55,Delivered
3748,234,2026-05-20,West,Mobile App,Debit Card,916.7,Returned
3749,50,2026-04-30,South,Mobile App,UPI,1257.01,Shipped
3750,152,2025-11-22,North,Retail Store,Cash on Delivery,822.65,Shipped
3751,237,2024-07-26,West,Mobile App,Credit Card,483.27,Delivered
3752,429,2026-02-21,East,Website,Cash on Delivery,1478.09,Returned
3753,200,2024-11-21,East,Mobile App,Cash on Delivery,684.32,Returned
3754,340,2024-11-06,West,Website,Debit Card,118.77,Returned
3755,165,2025-03-23,West,Retail Store,Net Banking,197.5,Shipped
3756,318,2024-08-09,East,Mobile App,Net Banking,658.09,Shipped
3757,48,2024-07-03,South,Retail Store,UPI,635.75,Delivered
3758,270,2024-06-19,East,Mobile App,Cash on Delivery,1462.22,Delivered
3759,219,2025-06-19,South,Website,UPI,1104.25,Delivered
3760,109,2025-12-22,North,Mobile App,Debit Card,716.25,Delivered
3761,3,2026-04-11,South,Website,UPI,803.15,Cancelled
3762,470,2025-06-02,West,Mobile App,Net Banking,936.44,Delivered
3763,215,2026-03-20,North,Mobile App,Net Banking,570.55,Returned
3764,45,2026-05-06,South,Mobile App,Debit Card,700.24,Delivered
3765,74,2024-11-27,West,Website,UPI,206.41,Cancelled
3766,228,2025-07-15,South,Retail Store,Net Banking,1005.46,Delivered
3767,275,2025-08-16,South,Mobile App,Net Banking,1316.82,Shipped
3768,259,2025-11-09,West,Mobile App,UPI,1109.12,Delivered
3769,241,2025-11-22,East,Mobile App,Debit Card,259.15,Delivered
3770,68,2024-07-28,East,Website,Debit Card,1082.82,Delivered
3771,414,2024-07-17,North,Mobile App,Credit Card,1209.8,Returned
3772,355,2024-11-08,South,Mobile App,UPI,162.88,Delivered
3773,471,2025-04-13,North,Mobile App,Cash on Delivery,395.8,Delivered
3774,335,2024-08-14,North,Website,Debit Card,169.28,Delivered
3775,77,2025-12-18,South,Website,Cash on Delivery,149.02,Delivered
3776,200,2026-01-08,East,Retail Store,Cash on Delivery,411.0,Cancelled
3777,243,2024-09-10,South,Mobile App,Credit Card,956.44,Delivered
3778,205,2024-06-21,East,Mobile App,Cash on Delivery,337.73,Delivered
3779,389,2025-03-27,West,Website,Credit Card,256.35,Cancelled
3780,126,2026-04-25,North,Retail Store,Cash on Delivery,183.47,Delivered
3781,71,2026-03-15,East,Website,Debit Card,605.76,Delivered
3782,367,2025-06-25,East,Website,Debit Card,758.4,Delivered
3783,124,2025-03-13,West,Retail Store,UPI,397.76,Shipped
3784,119,2025-12-02,East,Mobile App,Debit Card,697.56,Shipped
3785,492,2026-02-10,West,Retail Store,Debit Card,250.96,Delivered
3786,77,2025-05-23,East,Retail Store,Cash on Delivery,939.49,Delivered
3787,235,2025-10-16,South,Mobile App,UPI,1351.58,Delivered
3788,430,2024-09-13,East,Retail Store,Net Banking,1210.6,Shipped
3789,199,2025-03-22,East,Retail Store,Net Banking,1334.75,Cancelled
3790,8,2024-12-06,East,Retail Store,UPI,779.97,Shipped
3791,430,2024-12-01,West,Retail Store,Credit Card,928.61,Shipped
3792,476,2025-11-03,North,Mobile App,Debit Card,680.31,Shipped
3793,289,2025-07-12,East,Website,Debit Card,550.96,Delivered
3794,442,2024-09-24,West,Website,Credit Card,1442.77,Delivered
3795,393,2024-07-13,North,Mobile App,Net Banking,605.31,Shipped
3796,147,2025-09-17,South,Mobile App,Net Banking,1245.44,Cancelled
3797,368,2025-08-06,North,Website,Net Banking,1424.82,Delivered
3798,425,2025-05-15,North,Website,UPI,1354.58,Delivered
3799,380,2025-09-10,North,Retail Store,UPI,274.0,Delivered
3800,417,2025-02-11,East,Mobile App,UPI,603.31,Shipped
3801,9,2024-05-29,North,Retail Store,Credit Card,357.0,Shipped
3802,260,2024-11-22,South,Website,Debit Card,521.42,Returned
3803,61,2025-09-18,West,Mobile App,UPI,719.64,Shipped
3804,330,2025-02-22,West,Retail Store,Debit Card,953.57,Returned
3805,203,2026-01-16,West,Website,Credit Card,1440.7,Returned
3806,236,2025-04-25,North,Retail Store,Debit Card,208.99,Delivered
3807,260,2025-06-03,East,Website,Cash on Delivery,1414.44,Delivered
3808,35,2024-07-11,West,Mobile App,Debit Card,632.36,Delivered
3809,322,2024-07-01,South,Mobile App,Debit Card,988.56,Shipped
3810,421,2025-06-25,North,Retail Store,UPI,607.12,Delivered
3811,296,2024-10-03,North,Retail Store,Credit Card,1481.16,Delivered
3812,297,2024-10-08,West,Retail Store,Credit Card,798.21,Shipped
3813,332,2025-07-02,West,Website,UPI,1357.0,Returned
3814,457,2026-01-01,South,Mobile App,UPI,816.63,Delivered
3815,274,2024-07-23,West,Mobile App,Net Banking,958.27,Delivered
3816,469,2025-12-04,South,Website,Cash on Delivery,1259.0,Delivered
3817,482,2025-10-19,North,Retail Store,Credit Card,609.86,Shipped
3818,341,2024-08-28,North,Website,Debit Card,462.51,Delivered
3819,224,2024-07-30,West,Mobile App,UPI,709.76,Delivered
3820,140,2026-03-09,North,Website,Credit Card,90.99,Delivered
3821,427,2026-04-27,South,Retail Store,Credit Card,450.62,Cancelled
3822,394,2025-10-09,South,Mobile App,UPI,412.22,Shipped
3823,318,2025-08-20,East,Mobile App,Credit Card,1399.19,Returned
3824,178,2025-07-30,North,Retail Store,Net Banking,825.3,Cancelled
3825,446,2025-08-30,North,Retail Store,Cash on Delivery,1227.15,Shipped
3826,466,2025-09-11,West,Mobile App,Net Banking,360.21,Returned
3827,240,2025-03-09,North,Retail Store,Debit Card,679.31,Cancelled
3828,450,2024-12-25,South,Website,Debit Card,365.89,Returned
3829,337,2025-05-13,East,Mobile App,Net Banking,946.82,Delivered
3830,417,2026-04-24,North,Mobile App,Cash on Delivery,1111.28,Returned
3831,66,2024-12-02,North,Mobile App,UPI,376.03,Delivered
3832,381,2025-07-04,West,Website,Credit Card,1069.73,Delivered
3833,217,2025-06-10,North,Retail Store,UPI,201.34,Delivered
3834,191,2025-07-05,West,Mobile App,Credit Card,141.38,Cancelled
3835,238,2024-09-14,North,Mobile App,UPI,1087.93,Cancelled
3836,161,2024-06-28,South,Mobile App,Net Banking,208.03,Returned
3837,47,2025-09-30,East,Website,UPI,641.17,Delivered
3838,39,2025-07-22,East,Retail Store,Cash on Delivery,176.33,Returned
3839,10,2024-07-18,West,Mobile App,UPI,352.75,Delivered
3840,204,2025-02-13,West,Website,Net Banking,994.36,Cancelled
3841,77,2025-02-28,East,Retail Store,Net Banking,448.32,Cancelled
3842,178,2024-06-18,North,Retail Store,UPI,334.69,Delivered
3843,486,2025-06-15,South,Retail Store,Debit Card,921.52,Delivered
3844,336,2026-01-10,North,Website,Net Banking,1160.59,Delivered
3845,411,2024-11-02,North,Mobile App,Credit Card,1398.24,Delivered
3846,447,2025-12-10,West,Mobile App,Net Banking,1132.84,Delivered
3847,294,2024-09-11,South,Retail Store,Debit Card,53.77,Delivered
3848,213,2025-10-11,North,Mobile App,Net Banking,629.97,Returned
3849,375,2024-12-24,East,Website,Credit Card,1363.34,Delivered
3850,368,2026-05-02,North,Retail Store,UPI,200.12,Shipped
3851,281,2024-11-04,North,Mobile App,Debit Card,594.32,Cancelled
3852,130,2024-11-02,West,Website,Net Banking,1478.17,Cancelled
3853,54,2025-03-20,East,Website,Cash on Delivery,1177.89,Cancelled
3854,227,2025-08-01,East,Website,UPI,439.84,Delivered
3855,91,2026-01-06,South,Retail Store,Debit Card,438.72,Delivered
3856,253,2024-10-10,North,Retail Store,UPI,1019.77,Delivered
3857,338,2025-08-26,West,Website,UPI,938.32,Delivered
3858,166,2025-08-02,South,Retail Store,Credit Card,1297.09,Cancelled
3859,371,2025-09-21,North,Retail Store,Cash on Delivery,795.91,Delivered
3860,3,2026-03-17,East,Website,Debit Card,971.06,Returned
3861,434,2026-01-08,North,Website,UPI,176.02,Delivered
3862,500,2025-12-29,South,Mobile App,Cash on Delivery,1052.39,Returned
3863,26,2025-12-09,North,Retail Store,Net Banking,736.73,Delivered
3864,54,2025-10-08,North,Mobile App,Credit Card,1349.54,Cancelled
3865,278,2025-04-23,North,Mobile App,Credit Card,1182.06,Delivered
3866,208,2025-03-22,West,Website,Net Banking,232.46,Delivered
3867,390,2025-01-13,South,Retail Store,Net Banking,834.42,Returned
3868,155,2025-08-16,West,Website,Credit Card,728.21,Delivered
3869,321,2025-09-17,South,Website,UPI,65.96,Delivered
3870,493,2025-12-01,West,Mobile App,Debit Card,1236.14,Delivered
3871,156,2024-10-20,North,Website,Cash on Delivery,1151.78,Cancelled
3872,172,2024-09-21,West,Website,Debit Card,621.18,Shipped
3873,291,2025-12-04,North,Website,Credit Card,56.96,Shipped
3874,82,2025-06-21,East,Mobile App,Cash on Delivery,1243.4,Delivered
3875,250,2025-10-18,East,Mobile App,Credit Card,1486.73,Cancelled
3876,206,2026-01-07,North,Retail Store,Debit Card,441.09,Cancelled
3877,450,2024-08-03,North,Website,Net Banking,900.51,Shipped
3878,9,2026-05-10,South,Retail Store,Credit Card,698.09,Delivered
3879,193,2025-08-25,North,Website,Cash on Delivery,201.61,Cancelled
3880,149,2026-01-07,East,Mobile App,UPI,1083.55,Delivered
3881,394,2025-07-18,North,Website,Net Banking,960.2,Returned
3882,62,2025-09-11,West,Website,Debit Card,1448.99,Delivered
3883,215,2024-09-01,East,Website,Cash on Delivery,92.74,Cancelled
3884,446,2026-03-29,South,Mobile App,Cash on Delivery,693.46,Shipped
3885,291,2026-04-04,East,Website,Cash on Delivery,616.87,Delivered
3886,217,2024-11-14,East,Website,Credit Card,660.46,Delivered
3887,434,2025-02-10,East,Website,Credit Card,1452.68,Delivered
3888,302,2026-01-21,West,Website,Net Banking,1385.55,Delivered
3889,216,2025-10-29,North,Website,Cash on Delivery,251.63,Delivered
3890,1,2024-08-18,West,Retail Store,Net Banking,301.43,Shipped
3891,336,2025-02-14,South,Mobile App,Credit Card,169.24,Cancelled
3892,167,2026-04-24,South,Website,UPI,1253.51,Returned
3893,207,2025-03-22,South,Mobile App,Net Banking,307.67,Returned
3894,177,2024-10-24,West,Mobile App,UPI,1429.3,Shipped
3895,333,2026-02-09,South,Retail Store,Credit Card,350.86,Delivered
3896,263,2024-10-30,North,Retail Store,UPI,537.52,Delivered
3897,52,2024-11-22,North,Retail Store,Cash on Delivery,326.13,Returned
3898,462,2025-03-31,East,Retail Store,UPI,962.77,Shipped
3899,249,2024-09-26,South,Website,Debit Card,492.35,Delivered
3900,479,2024-10-04,South,Mobile App,Debit Card,237.14,Shipped
3901,117,2025-01-01,South,Retail Store,UPI,1378.36,Cancelled
3902,477,2026-04-21,South,Retail Store,Credit Card,661.43,Shipped
3903,314,2024-09-18,North,Retail Store,UPI,618.92,Delivered
3904,416,2025-07-08,East,Website,Credit Card,340.34,Cancelled
3905,464,2024-11-27,North,Website,UPI,1194.39,Delivered
3906,237,2025-09-20,West,Mobile App,UPI,359.34,Delivered
3907,298,2026-05-14,North,Website,Net Banking,99.39,Cancelled
3908,330,2026-05-24,East,Retail Store,UPI,969.81,Delivered
3909,399,2026-02-17,East,Mobile App,UPI,166.55,Delivered
3910,381,2026-01-14,North,Mobile App,Debit Card,600.18,Delivered
3911,340,2025-07-04,North,Website,Debit Card,1113.37,Delivered
3912,430,2024-06-03,West,Mobile App,Net Banking,975.89,Returned
3913,437,2026-02-09,South,Mobile App,Net Banking,861.0,Delivered
3914,496,2024-12-27,North,Retail Store,Credit Card,1153.11,Returned
3915,327,2025-04-18,East,Website,UPI,103.37,Cancelled
3916,136,2025-07-22,South,Mobile App,Cash on Delivery,533.82,Returned
3917,138,2025-05-30,West,Mobile App,Credit Card,1078.72,Delivered
3918,167,2025-03-10,East,Website,Credit Card,231.41,Delivered
3919,41,2024-10-02,North,Mobile App,Cash on Delivery,405.32,Cancelled
3920,469,2026-01-20,West,Website,Net Banking,1312.65,Delivered
3921,354,2025-03-20,West,Website,UPI,1015.31,Cancelled
3922,470,2024-12-03,North,Website,Debit Card,540.24,Delivered
3923,114,2025-09-12,North,Mobile App,Net Banking,970.29,Shipped
3924,318,2025-02-14,East,Retail Store,Net Banking,311.79,Delivered
3925,79,2025-06-24,East,Mobile App,Credit Card,561.33,Cancelled
3926,287,2025-10-20,East,Retail Store,Cash on Delivery,338.99,Cancelled
3927,16,2025-07-07,East,Retail Store,Debit Card,818.84,Delivered
3928,445,2024-08-29,West,Website,Net Banking,75.9,Returned
3929,448,2026-03-29,East,Website,Debit Card,992.26,Delivered
3930,315,2025-01-11,West,Mobile App,Cash on Delivery,793.27,Delivered
3931,190,2026-01-13,North,Mobile App,Cash on Delivery,85.86,Delivered
3932,158,2024-09-08,East,Mobile App,Credit Card,427.4,Returned
3933,234,2026-03-02,North,Retail Store,Credit Card,627.05,Cancelled
3934,355,2026-01-09,East,Mobile App,Cash on Delivery,195.09,Delivered
3935,252,2025-09-03,East,Website,Net Banking,537.38,Shipped
3936,52,2025-06-14,East,Website,Net Banking,148.69,Returned
3937,189,2026-01-15,East,Website,UPI,152.76,Shipped
3938,252,2025-12-05,South,Mobile App,Net Banking,975.24,Delivered
3939,14,2024-11-09,South,Retail Store,Credit Card,1188.17,Cancelled
3940,44,2024-08-23,South,Website,Credit Card,988.08,Delivered
3941,29,2024-11-30,North,Website,UPI,517.06,Returned
3942,138,2024-12-07,West,Retail Store,UPI,287.2,Delivered
3943,320,2024-09-11,East,Retail Store,UPI,627.8,Shipped
3944,261,2025-07-18,South,Website,UPI,1144.61,Delivered
3945,489,2025-10-31,East,Mobile App,Cash on Delivery,777.34,Delivered
3946,351,2026-04-18,East,Mobile App,Cash on Delivery,130.08,Delivered
3947,395,2024-10-03,South,Retail Store,Cash on Delivery,262.5,Returned
3948,242,2025-11-24,North,Mobile App,Net Banking,1109.58,Cancelled
3949,3,2026-02-07,South,Website,Debit Card,1431.26,Delivered
3950,407,2025-04-16,South,Website,Debit Card,380.09,Shipped
3951,461,2025-06-29,North,Retail Store,Debit Card,856.48,Returned
3952,481,2026-04-09,South,Retail Store,Debit Card,361.19,Delivered
3953,309,2026-01-11,West,Website,Credit Card,787.06,Delivered
3954,423,2025-03-29,East,Mobile App,Debit Card,273.78,Delivered
3955,465,2026-02-08,West,Mobile App,UPI,289.68,Delivered
3956,264,2025-06-01,North,Retail Store,Debit Card,1185.77,Shipped
3957,328,2025-09-01,West,Website,Net Banking,1132.66,Shipped
3958,171,2025-01-06,South,Mobile App,Cash on Delivery,1451.42,Delivered
3959,305,2025-03-16,West,Mobile App,Credit Card,1430.32,Delivered
3960,19,2026-01-02,East,Website,Debit Card,430.16,Delivered
3961,33,2024-09-16,West,Mobile App,UPI,532.77,Shipped
3962,134,2026-05-02,North,Retail Store,Net Banking,1426.33,Returned
3963,346,2026-04-16,North,Website,Cash on Delivery,360.89,Delivered
3964,400,2025-04-16,East,Retail Store,Credit Card,1489.25,Delivered
3965,377,2025-01-04,North,Website,Cash on Delivery,585.26,Returned
3966,461,2025-11-02,North,Retail Store,Cash on Delivery,773.03,Delivered
3967,433,2025-11-27,West,Website,Cash on Delivery,186.51,Delivered
3968,297,2024-08-01,East,Retail Store,Net Banking,745.53,Shipped
3969,22,2024-09-09,East,Mobile App,Debit Card,688.51,Delivered
3970,254,2024-10-09,East,Retail Store,UPI,304.35,Delivered
3971,475,2024-11-24,West,Retail Store,UPI,279.44,Returned
3972,148,2024-08-01,West,Mobile App,Debit Card,836.1,Shipped
3973,14,2025-05-19,South,Retail Store,UPI,1431.33,Returned
3974,354,2026-03-17,West,Retail Store,Cash on Delivery,780.75,Delivered
3975,200,2024-06-12,East,Website,Cash on Delivery,52.93,Cancelled
3976,17,2025-09-29,West,Retail Store,Debit Card,1460.41,Delivered
3977,29,2025-11-02,North,Retail Store,Debit Card,384.78,Returned
3978,338,2026-05-04,East,Retail Store,UPI,1164.65,Shipped
3979,145,2025-08-15,West,Website,Net Banking,502.13,Shipped
3980,312,2025-11-19,South,Website,Net Banking,594.96,Cancelled
3981,441,2025-10-11,North,Retail Store,Credit Card,306.34,Delivered
3982,58,2025-06-02,West,Mobile App,Credit Card,98.72,Shipped
3983,163,2025-07-27,South,Retail Store,UPI,471.38,Shipped
3984,371,2024-09-02,South,Mobile App,Debit Card,134.64,Delivered
3985,391,2026-03-20,North,Website,UPI,748.14,Cancelled
3986,306,2025-02-20,North,Retail Store,Cash on Delivery,363.27,Shipped
3987,378,2026-03-23,North,Retail Store,Cash on Delivery,1117.61,Shipped
3988,173,2024-08-25,East,Website,UPI,1407.39,Cancelled
3989,187,2024-11-18,West,Retail Store,Cash on Delivery,944.93,Delivered
3990,66,2024-11-18,East,Retail Store,Debit Card,1346.89,Delivered
3991,138,2025-03-12,East,Mobile App,Credit Card,408.55,Delivered
3992,193,2025-08-19,West,Retail Store,Debit Card,867.13,Shipped
3993,208,2025-09-30,East,Website,Cash on Delivery,1057.07,Delivered
3994,205,2024-08-02,East,Retail Store,UPI,490.37,Delivered
3995,341,2025-04-21,East,Retail Store,UPI,152.86,Returned
3996,364,2024-10-07,South,Retail Store,Debit Card,1464.55,Delivered
3997,450,2025-10-29,West,Website,Net Banking,951.39,Cancelled
3998,494,2024-06-27,West,Website,UPI,381.85,Returned
3999,99,2024-08-14,West,Website,Net Banking,1397.44,Delivered
4000,204,2024-12-15,North,Mobile App,Net Banking,1039.15,Shipped
4001,172,2024-07-14,West,Mobile App,UPI,783.17,Delivered
4002,365,2025-07-27,North,Retail Store,Net Banking,528.54,Delivered
4003,163,2025-09-08,East,Mobile App,Net Banking,83.85,Delivered
4004,362,2025-06-01,East,Website,Credit Card,1102.73,Delivered
4005,290,2025-11-25,North,Retail Store,Credit Card,1242.22,Delivered
4006,369,2025-03-04,West,Website,Net Banking,1464.4,Shipped
4007,108,2025-11-02,South,Retail Store,Debit Card,378.77,Delivered
4008,352,2024-11-08,South,Retail Store,Credit Card,1414.2,Shipped
4009,78,2025-11-24,North,Website,Credit Card,78.4,Delivered
4010,471,2026-05-15,North,Mobile App,Debit Card,1432.42,Returned
4011,69,2026-01-01,North,Mobile App,Debit Card,584.22,Shipped
4012,193,2024-11-11,East,Website,Cash on Delivery,1140.87,Delivered
4013,60,2025-08-16,West,Mobile App,UPI,624.55,Cancelled
4014,381,2025-04-20,North,Mobile App,Cash on Delivery,1150.62,Delivered
4015,114,2024-09-19,East,Retail Store,Debit Card,445.43,Shipped
4016,55,2025-06-16,East,Retail Store,Net Banking,1057.35,Cancelled
4017,481,2025-07-21,South,Mobile App,UPI,1386.14,Returned
4018,337,2026-01-28,North,Mobile App,Cash on Delivery,1086.59,Delivered
4019,484,2024-05-31,North,Retail Store,Net Banking,578.96,Cancelled
4020,395,2024-08-04,North,Website,Credit Card,977.85,Delivered
4021,412,2024-05-30,North,Mobile App,Net Banking,834.93,Cancelled
4022,178,2026-04-17,East,Retail Store,Net Banking,1414.46,Cancelled
4023,178,2025-06-19,West,Website,Cash on Delivery,1111.57,Cancelled
4024,5,2025-06-17,East,Retail Store,Cash on Delivery,986.88,Delivered
4025,237,2025-06-01,South,Website,UPI,723.74,Delivered
4026,352,2025-08-24,West,Website,Net Banking,1319.18,Delivered
4027,357,2025-07-02,South,Website,UPI,134.65,Delivered
4028,459,2025-07-18,East,Mobile App,Net Banking,577.03,Delivered
4029,162,2026-05-05,South,Website,Debit Card,897.99,Delivered
4030,142,2025-02-24,South,Website,Credit Card,577.17,Delivered
4031,258,2025-03-18,West,Mobile App,UPI,806.06,Delivered
4032,268,2025-05-19,West,Mobile App,UPI,1055.03,Delivered
4033,108,2024-10-20,East,Website,Net Banking,1245.85,Delivered
4034,406,2024-09-05,East,Retail Store,Cash on Delivery,702.61,Returned
4035,113,2024-09-24,South,Mobile App,Credit Card,470.35,Delivered
4036,468,2025-09-30,West,Retail Store,Net Banking,365.66,Returned
4037,347,2026-03-07,West,Website,Credit Card,978.36,Returned
4038,59,2026-02-22,North,Mobile App,UPI,84.2,Shipped
4039,187,2024-08-31,North,Mobile App,UPI,1219.57,Returned
4040,304,2025-09-03,North,Website,Debit Card,1329.2,Cancelled
4041,96,2024-07-24,West,Website,UPI,976.55,Delivered
4042,313,2024-06-03,East,Mobile App,Debit Card,533.86,Delivered
4043,342,2025-02-01,South,Mobile App,Credit Card,96.64,Returned
4044,441,2025-03-26,North,Mobile App,Net Banking,1083.6,Delivered
4045,378,2024-07-21,East,Mobile App,Debit Card,1167.75,Delivered
4046,447,2024-06-09,North,Retail Store,Cash on Delivery,767.66,Delivered
4047,281,2024-09-10,South,Website,Debit Card,570.57,Shipped
4048,132,2024-09-06,South,Mobile App,Credit Card,1401.98,Delivered
4049,385,2025-09-30,North,Retail Store,Cash on Delivery,1262.36,Shipped
4050,354,2024-09-14,South,Website,UPI,1322.64,Delivered
4051,91,2024-10-06,South,Mobile App,Net Banking,1470.18,Returned
4052,28,2025-07-31,West,Mobile App,Debit Card,536.84,Shipped
4053,34,2024-05-31,South,Website,Net Banking,352.46,Delivered
4054,170,2025-08-22,East,Mobile App,Debit Card,1226.32,Shipped
4055,160,2025-11-09,West,Retail Store,Cash on Delivery,1450.96,Returned
4056,95,2024-11-26,West,Mobile App,UPI,994.01,Returned
4057,84,2024-11-26,North,Retail Store,Debit Card,1469.38,Delivered
4058,325,2024-10-24,South,Retail Store,UPI,242.65,Delivered
4059,471,2024-12-25,East,Website,Credit Card,231.65,Delivered
4060,472,2025-03-31,North,Retail Store,Cash on Delivery,745.47,Returned
4061,357,2024-11-05,West,Mobile App,Net Banking,325.34,Delivered
4062,95,2025-10-30,North,Retail Store,Credit Card,191.23,Delivered
4063,311,2025-09-11,West,Website,UPI,1032.17,Delivered
4064,476,2025-08-01,West,Retail Store,UPI,1465.37,Delivered
4065,111,2025-01-05,East,Retail Store,Cash on Delivery,521.55,Delivered
4066,361,2024-12-28,North,Retail Store,UPI,756.06,Delivered
4067,290,2025-12-06,South,Website,UPI,424.45,Delivered
4068,52,2025-03-13,South,Mobile App,Debit Card,1142.63,Returned
4069,353,2026-03-30,West,Mobile App,UPI,1334.37,Delivered
4070,207,2026-02-14,East,Mobile App,Credit Card,1011.59,Delivered
4071,285,2026-04-13,West,Mobile App,Credit Card,558.57,Delivered
4072,413,2026-01-13,East,Retail Store,Cash on Delivery,824.6,Delivered
4073,148,2024-11-12,West,Website,UPI,240.0,Shipped
4074,290,2026-03-13,South,Retail Store,Net Banking,93.43,Delivered
4075,232,2026-04-23,East,Website,Credit Card,857.02,Delivered
4076,476,2024-11-23,East,Mobile App,Credit Card,1259.49,Delivered
4077,205,2025-01-12,North,Retail Store,UPI,126.25,Delivered
4078,227,2024-07-17,East,Retail Store,Debit Card,1119.11,Delivered
4079,437,2025-05-27,East,Retail Store,Cash on Delivery,1370.34,Shipped
4080,195,2024-06-28,East,Retail Store,Debit Card,1147.95,Delivered
4081,434,2025-11-05,West,Website,UPI,730.47,Shipped
4082,258,2025-10-10,North,Retail Store,Credit Card,874.64,Delivered
4083,223,2025-07-30,East,Retail Store,Net Banking,709.05,Shipped
4084,478,2024-08-09,South,Website,Net Banking,1110.71,Delivered
4085,232,2024-08-13,West,Website,Cash on Delivery,678.3,Cancelled
4086,223,2025-06-27,South,Retail Store,Net Banking,1136.35,Delivered
4087,496,2024-11-27,North,Website,Debit Card,763.53,Returned
4088,103,2025-05-02,West,Retail Store,Cash on Delivery,1227.19,Returned
4089,92,2026-01-28,South,Retail Store,Cash on Delivery,238.19,Delivered
4090,228,2024-06-07,East,Mobile App,Net Banking,1329.39,Returned
4091,474,2025-09-19,East,Retail Store,Credit Card,1391.55,Delivered
4092,217,2025-04-08,South,Retail Store,Debit Card,1171.06,Cancelled
4093,288,2024-12-12,South,Mobile App,Net Banking,1133.42,Delivered
4094,464,2026-04-09,East,Retail Store,Credit Card,782.43,Returned
4095,309,2025-03-15,South,Retail Store,Debit Card,287.99,Delivered
4096,297,2026-05-23,East,Retail Store,Cash on Delivery,1485.44,Delivered
4097,247,2024-11-02,South,Website,Debit Card,998.16,Returned
4098,261,2025-11-23,South,Mobile App,UPI,413.04,Delivered
4099,414,2025-10-13,East,Retail Store,UPI,739.54,Shipped
4100,67,2025-10-25,South,Website,Credit Card,924.34,Delivered
4101,497,2025-04-06,North,Website,Debit Card,1475.48,Delivered
4102,55,2024-07-20,West,Website,Net Banking,1267.35,Delivered
4103,354,2025-09-16,West,Retail Store,Cash on Delivery,684.99,Delivered
4104,370,2024-06-22,South,Mobile App,Cash on Delivery,971.42,Delivered
4105,60,2025-09-26,West,Retail Store,Debit Card,1275.2,Delivered
4106,264,2024-06-19,North,Mobile App,Cash on Delivery,1368.67,Delivered
4107,380,2025-05-01,North,Mobile App,Credit Card,1375.83,Delivered
4108,108,2024-06-15,West,Retail Store,Cash on Delivery,1241.75,Delivered
4109,60,2025-01-17,South,Retail Store,Debit Card,516.32,Returned
4110,31,2024-12-30,West,Retail Store,Net Banking,71.86,Delivered
4111,170,2024-06-17,West,Website,Net Banking,499.8,Delivered
4112,195,2024-09-03,East,Website,UPI,1266.88,Delivered
4113,334,2025-07-28,East,Retail Store,Debit Card,333.99,Delivered
4114,462,2024-07-08,East,Retail Store,Credit Card,776.28,Delivered
4115,336,2025-02-05,South,Mobile App,Debit Card,395.4,Delivered
4116,173,2025-07-10,East,Retail Store,Credit Card,1290.54,Delivered
4117,98,2025-12-02,East,Mobile App,Cash on Delivery,1319.81,Delivered
4118,450,2026-01-22,North,Mobile App,Net Banking,214.29,Delivered
4119,374,2025-08-31,South,Mobile App,Credit Card,58.03,Shipped
4120,52,2024-06-24,South,Website,Net Banking,1217.46,Delivered
4121,254,2025-04-24,South,Retail Store,Net Banking,195.07,Delivered
4122,294,2024-12-12,West,Retail Store,UPI,1292.03,Delivered
4123,370,2025-02-15,South,Website,UPI,167.55,Cancelled
4124,160,2024-11-25,North,Retail Store,UPI,898.85,Cancelled
4125,344,2024-10-25,North,Mobile App,UPI,1251.61,Delivered
4126,140,2025-12-13,North,Mobile App,Cash on Delivery,865.41,Cancelled
4127,123,2026-04-13,West,Website,Credit Card,1463.26,Returned
4128,11,2024-07-14,North,Retail Store,Credit Card,372.02,Delivered
4129,252,2025-05-11,East,Retail Store,Net Banking,829.5,Shipped
4130,157,2025-03-14,South,Website,UPI,359.25,Delivered
4131,486,2025-09-04,North,Retail Store,UPI,1041.99,Cancelled
4132,466,2025-10-02,North,Mobile App,Net Banking,373.73,Delivered
4133,27,2024-12-24,South,Website,Cash on Delivery,373.23,Delivered
4134,449,2024-10-14,West,Retail Store,UPI,91.2,Shipped
4135,121,2025-02-01,North,Website,Cash on Delivery,194.17,Delivered
4136,268,2026-05-21,South,Mobile App,Debit Card,757.71,Delivered
4137,77,2024-08-05,East,Mobile App,Credit Card,386.93,Delivered
4138,178,2026-04-30,West,Website,UPI,964.02,Delivered
4139,469,2025-02-05,South,Website,Debit Card,947.59,Shipped
4140,143,2025-04-13,West,Mobile App,UPI,646.66,Cancelled
4141,58,2024-11-25,North,Mobile App,Net Banking,403.75,Shipped
4142,169,2025-11-18,South,Website,UPI,298.99,Cancelled
4143,136,2026-04-23,East,Retail Store,Debit Card,623.92,Shipped
4144,127,2025-03-25,North,Website,Cash on Delivery,908.63,Delivered
4145,105,2025-02-20,West,Mobile App,Net Banking,1217.44,Cancelled
4146,380,2025-04-21,East,Website,Net Banking,243.62,Shipped
4147,299,2024-08-26,West,Mobile App,Net Banking,367.24,Delivered
4148,179,2026-01-17,East,Website,UPI,434.74,Shipped
4149,499,2025-08-20,West,Retail Store,Net Banking,917.4,Returned
4150,239,2026-01-17,South,Website,Debit Card,977.34,Returned
4151,487,2025-08-31,North,Retail Store,Net Banking,255.86,Returned
4152,176,2024-05-26,North,Retail Store,UPI,700.11,Returned
4153,438,2025-07-19,South,Retail Store,Cash on Delivery,1420.36,Cancelled
4154,119,2026-02-21,West,Mobile App,Debit Card,1302.22,Delivered
4155,364,2024-12-10,South,Retail Store,Cash on Delivery,123.78,Delivered
4156,337,2025-10-20,West,Website,Cash on Delivery,302.55,Shipped
4157,21,2024-11-15,North,Website,Cash on Delivery,87.89,Delivered
4158,498,2026-05-07,West,Mobile App,Credit Card,735.81,Delivered
4159,497,2026-04-13,East,Website,Cash on Delivery,887.97,Delivered
4160,295,2025-12-16,East,Mobile App,Net Banking,1464.45,Delivered
4161,348,2026-04-22,West,Website,UPI,484.95,Delivered
4162,138,2025-06-25,East,Website,Cash on Delivery,1428.16,Shipped
4163,474,2024-08-13,West,Retail Store,Net Banking,731.31,Shipped
4164,8,2024-06-18,South,Retail Store,Net Banking,496.54,Delivered
4165,93,2024-10-15,North,Retail Store,UPI,197.08,Delivered
4166,133,2026-03-17,North,Retail Store,UPI,203.57,Delivered
4167,156,2026-01-30,East,Website,Cash on Delivery,999.27,Delivered
4168,355,2024-12-11,North,Mobile App,Credit Card,484.13,Delivered
4169,404,2025-09-19,North,Website,UPI,489.79,Delivered
4170,161,2025-11-26,North,Website,Cash on Delivery,195.72,Returned
4171,356,2026-02-21,East,Website,UPI,1443.19,Cancelled
4172,132,2026-04-07,South,Website,Net Banking,1106.81,Returned
4173,280,2025-06-12,South,Retail Store,Debit Card,1411.15,Delivered
4174,440,2025-10-04,South,Website,UPI,172.65,Returned
4175,144,2025-01-10,South,Website,Cash on Delivery,714.37,Delivered
4176,168,2026-03-06,South,Retail Store,Credit Card,106.68,Delivered
4177,429,2025-10-08,East,Mobile App,Credit Card,379.41,Delivered
4178,303,2024-10-26,South,Website,Debit Card,349.97,Shipped
4179,111,2026-03-18,West,Website,Net Banking,288.33,Delivered
4180,396,2025-02-28,East,Website,Debit Card,881.54,Delivered
4181,263,2025-08-02,South,Retail Store,UPI,825.45,Shipped
4182,402,2024-11-01,North,Website,Credit Card,1060.07,Cancelled
4183,351,2025-05-04,West,Website,Debit Card,438.86,Delivered
4184,436,2024-12-27,East,Retail Store,Debit Card,417.58,Cancelled
4185,266,2025-05-02,North,Mobile App,Cash on Delivery,122.94,Delivered
4186,388,2024-06-28,East,Retail Store,UPI,120.28,Returned
4187,239,2025-10-16,South,Website,Cash on Delivery,1435.62,Cancelled
4188,84,2026-01-07,South,Website,Debit Card,1432.54,Shipped
4189,362,2024-10-18,West,Retail Store,Credit Card,1191.76,Delivered
4190,217,2024-11-16,West,Mobile App,Debit Card,248.84,Delivered
4191,334,2025-02-26,East,Retail Store,Cash on Delivery,1141.26,Delivered
4192,200,2025-11-21,North,Website,Net Banking,198.32,Shipped
4193,6,2025-08-24,South,Mobile App,Debit Card,132.68,Delivered
4194,474,2024-06-13,North,Website,Credit Card,695.19,Delivered
4195,422,2024-06-26,North,Website,Cash on Delivery,72.97,Delivered
4196,223,2025-11-24,West,Mobile App,Net Banking,686.01,Shipped
4197,292,2025-03-09,North,Mobile App,Cash on Delivery,1266.7,Delivered
4198,242,2024-06-27,North,Mobile App,Net Banking,213.89,Cancelled
4199,276,2025-01-15,North,Mobile App,Net Banking,456.27,Delivered
4200,73,2025-02-19,South,Retail Store,Net Banking,1259.67,Shipped
4201,131,2026-01-19,South,Retail Store,Debit Card,991.43,Delivered
4202,207,2026-04-25,East,Mobile App,Credit Card,568.49,Cancelled
4203,370,2026-05-13,West,Retail Store,UPI,1016.1,Delivered
4204,392,2025-05-06,North,Website,UPI,1303.83,Delivered
4205,244,2025-08-13,North,Mobile App,UPI,134.53,Delivered
4206,446,2025-07-02,North,Mobile App,Net Banking,480.5,Delivered
4207,238,2025-06-30,West,Retail Store,Credit Card,1444.51,Delivered
4208,108,2025-09-09,East,Mobile App,Net Banking,600.76,Returned
4209,91,2025-11-26,West,Retail Store,Net Banking,1167.06,Delivered
4210,144,2026-01-11,West,Mobile App,Cash on Delivery,872.5,Delivered
4211,468,2024-06-30,West,Mobile App,Debit Card,257.64,Cancelled
4212,469,2025-06-29,South,Retail Store,Cash on Delivery,1121.79,Delivered
4213,173,2025-02-17,North,Mobile App,Debit Card,778.37,Returned
4214,471,2024-06-09,South,Retail Store,Debit Card,330.0,Delivered
4215,354,2024-10-11,South,Mobile App,UPI,1300.88,Delivered
4216,185,2025-12-03,West,Website,Cash on Delivery,563.33,Cancelled
4217,404,2024-08-21,North,Retail Store,Net Banking,981.81,Shipped
4218,162,2025-12-27,South,Retail Store,UPI,356.16,Returned
4219,278,2025-06-27,West,Retail Store,Credit Card,283.03,Cancelled
4220,133,2026-04-15,South,Mobile App,Credit Card,1123.54,Delivered
4221,101,2025-03-09,West,Retail Store,UPI,381.63,Delivered
4222,375,2024-07-29,North,Mobile App,UPI,628.48,Returned
4223,306,2025-06-20,East,Retail Store,Credit Card,586.59,Cancelled
4224,117,2024-06-10,West,Mobile App,Cash on Delivery,1093.15,Delivered
4225,405,2026-01-12,East,Mobile App,UPI,1202.91,Delivered
4226,335,2025-06-28,East,Retail Store,Cash on Delivery,1370.56,Cancelled
4227,239,2026-01-03,East,Mobile App,Net Banking,335.66,Delivered
4228,477,2025-08-01,North,Website,Credit Card,231.42,Returned
4229,459,2024-08-24,West,Retail Store,Cash on Delivery,461.89,Cancelled
4230,440,2025-10-17,North,Retail Store,Credit Card,1027.65,Shipped
4231,412,2025-10-03,East,Mobile App,Debit Card,1241.54,Delivered
4232,417,2024-11-26,West,Retail Store,Net Banking,949.93,Shipped
4233,34,2025-12-23,West,Retail Store,Debit Card,491.64,Shipped
4234,495,2025-07-30,North,Retail Store,UPI,1100.33,Shipped
4235,424,2025-12-01,South,Retail Store,Cash on Delivery,1134.92,Delivered
4236,180,2024-07-06,North,Mobile App,Net Banking,553.52,Delivered
4237,78,2024-09-30,North,Website,Net Banking,1393.93,Delivered
4238,1,2025-06-15,West,Website,Credit Card,1390.39,Delivered
4239,313,2025-06-25,South,Website,Credit Card,1435.68,Shipped
4240,136,2025-06-26,East,Retail Store,Debit Card,1470.74,Shipped
4241,217,2025-07-15,South,Website,Debit Card,1441.13,Delivered
4242,282,2024-12-08,East,Retail Store,Cash on Delivery,154.14,Delivered
4243,160,2025-04-08,East,Website,Net Banking,1242.91,Shipped
4244,192,2024-06-03,North,Retail Store,Cash on Delivery,750.76,Shipped
4245,412,2024-09-05,West,Mobile App,Cash on Delivery,1074.28,Cancelled
4246,309,2024-06-11,East,Mobile App,Cash on Delivery,176.9,Returned
4247,491,2025-12-19,East,Retail Store,Credit Card,1169.16,Delivered
4248,56,2024-10-31,West,Mobile App,Credit Card,1064.24,Cancelled
4249,300,2024-11-22,East,Mobile App,UPI,89.7,Returned
4250,359,2026-04-15,East,Retail Store,Net Banking,145.5,Delivered
4251,194,2024-07-25,East,Website,Cash on Delivery,303.58,Cancelled
4252,414,2025-08-29,North,Retail Store,Net Banking,1381.78,Delivered
4253,464,2024-07-23,East,Mobile App,Credit Card,1132.86,Shipped
4254,405,2025-09-26,South,Retail Store,Credit Card,1064.59,Returned
4255,93,2026-05-13,West,Retail Store,Credit Card,605.23,Delivered
4256,214,2024-11-05,North,Website,Cash on Delivery,349.39,Cancelled
4257,364,2025-01-10,North,Retail Store,Debit Card,827.08,Delivered
4258,47,2026-04-17,North,Retail Store,Cash on Delivery,911.44,Delivered
4259,118,2026-01-16,West,Website,Cash on Delivery,834.4,Shipped
4260,155,2024-10-15,South,Retail Store,Net Banking,1022.34,Cancelled
4261,380,2025-10-01,West,Retail Store,Net Banking,458.5,Returned
4262,469,2025-11-11,East,Mobile App,Credit Card,377.39,Returned
4263,134,2025-02-09,North,Website,UPI,1090.64,Returned
4264,275,2025-04-21,South,Website,UPI,922.64,Returned
4265,121,2025-10-29,North,Retail Store,Net Banking,1201.15,Cancelled
4266,41,2024-09-15,North,Retail Store,Credit Card,1200.0,Delivered
4267,400,2025-03-11,West,Retail Store,Debit Card,180.52,Cancelled
4268,199,2025-03-14,North,Retail Store,Cash on Delivery,77.39,Delivered
4269,384,2024-06-18,West,Retail Store,Net Banking,144.54,Cancelled
4270,401,2025-11-05,East,Website,UPI,284.05,Shipped
4271,99,2025-05-07,South,Website,UPI,1447.35,Delivered
4272,126,2024-11-27,East,Mobile App,Cash on Delivery,368.11,Delivered
4273,265,2024-12-09,West,Mobile App,Net Banking,1205.19,Delivered
4274,378,2025-06-12,West,Mobile App,Net Banking,458.7,Delivered
4275,250,2025-08-09,West,Mobile App,UPI,1055.91,Delivered
4276,490,2026-01-22,East,Website,UPI,364.32,Cancelled
4277,51,2026-03-18,West,Website,Credit Card,993.66,Cancelled
4278,209,2024-07-11,North,Retail Store,Net Banking,151.31,Delivered
4279,304,2025-04-29,North,Mobile App,Credit Card,792.49,Delivered
4280,124,2025-05-21,North,Website,Credit Card,793.26,Cancelled
4281,270,2025-04-09,East,Mobile App,Debit Card,1241.2,Delivered
4282,337,2024-10-08,North,Website,Cash on Delivery,302.77,Cancelled
4283,236,2026-02-23,West,Retail Store,Credit Card,1076.84,Shipped
4284,296,2026-05-18,West,Mobile App,Cash on Delivery,813.67,Returned
4285,166,2025-02-12,West,Website,Net Banking,351.26,Delivered
4286,140,2025-09-03,North,Mobile App,Net Banking,1227.71,Delivered
4287,62,2024-09-29,North,Retail Store,UPI,67.32,Delivered
4288,177,2024-10-08,North,Mobile App,Cash on Delivery,198.06,Shipped
4289,253,2024-07-01,East,Retail Store,Debit Card,978.35,Shipped
4290,121,2025-06-10,South,Mobile App,UPI,1126.05,Shipped
4291,19,2024-07-20,West,Mobile App,Cash on Delivery,52.11,Delivered
4292,52,2025-03-24,North,Retail Store,UPI,952.15,Delivered
4293,310,2025-07-09,East,Mobile App,Credit Card,850.51,Shipped
4294,150,2024-06-10,North,Website,UPI,243.58,Cancelled
4295,323,2024-08-23,East,Website,Net Banking,674.16,Cancelled
4296,304,2025-03-27,South,Mobile App,Debit Card,321.77,Cancelled
4297,234,2025-10-30,West,Website,UPI,210.06,Returned
4298,162,2025-10-10,North,Retail Store,Debit Card,615.78,Delivered
4299,326,2026-02-16,East,Website,UPI,441.87,Delivered
4300,253,2024-10-01,East,Website,Credit Card,1477.84,Cancelled
4301,378,2024-10-28,East,Retail Store,Credit Card,873.28,Returned
4302,491,2024-06-10,North,Mobile App,Debit Card,880.58,Cancelled
4303,123,2025-09-30,North,Mobile App,Net Banking,645.82,Cancelled
4304,281,2025-01-20,East,Website,UPI,191.77,Cancelled
4305,186,2025-02-16,West,Retail Store,Credit Card,230.5,Delivered
4306,220,2026-01-03,South,Mobile App,Cash on Delivery,376.13,Delivered
4307,153,2025-12-29,North,Retail Store,UPI,613.99,Shipped
4308,159,2026-01-31,North,Mobile App,Net Banking,1305.68,Delivered
4309,214,2024-11-30,South,Website,Credit Card,920.79,Returned
4310,64,2024-09-21,North,Website,Cash on Delivery,759.19,Delivered
4311,483,2025-08-07,East,Website,Debit Card,1410.3,Shipped
4312,404,2025-03-20,North,Website,UPI,128.97,Delivered
4313,337,2025-01-30,East,Website,Cash on Delivery,509.01,Delivered
4314,212,2024-10-27,North,Website,Debit Card,314.61,Delivered
4315,468,2026-02-05,South,Mobile App,Cash on Delivery,1441.73,Shipped
4316,118,2025-10-25,East,Mobile App,UPI,577.03,Delivered
4317,198,2025-07-27,South,Mobile App,UPI,378.58,Shipped
4318,458,2025-03-02,North,Website,UPI,1001.75,Shipped
4319,252,2025-05-05,South,Website,Net Banking,758.09,Cancelled
4320,227,2024-11-19,East,Mobile App,UPI,608.11,Delivered
4321,87,2025-02-04,South,Website,Credit Card,1215.22,Shipped
4322,153,2024-09-14,North,Website,Cash on Delivery,500.43,Delivered
4323,40,2026-05-20,East,Website,UPI,1474.78,Shipped
4324,343,2025-10-21,North,Retail Store,Debit Card,606.56,Delivered
4325,457,2024-07-10,West,Website,Debit Card,1289.58,Cancelled
4326,255,2024-07-23,East,Retail Store,Net Banking,959.13,Delivered
4327,132,2025-12-27,West,Mobile App,Cash on Delivery,225.79,Delivered
4328,66,2024-11-09,North,Retail Store,Cash on Delivery,185.26,Cancelled
4329,17,2025-10-26,South,Website,Debit Card,393.9,Delivered
4330,169,2026-05-21,South,Website,UPI,1094.13,Cancelled
4331,420,2024-08-20,South,Website,UPI,731.24,Shipped
4332,93,2025-01-07,West,Mobile App,Net Banking,1427.49,Returned
4333,35,2025-07-14,East,Retail Store,UPI,1269.48,Shipped
4334,405,2025-08-16,South,Retail Store,Net Banking,413.3,Delivered
4335,481,2025-10-01,South,Website,Debit Card,930.63,Returned
4336,450,2024-09-01,North,Mobile App,UPI,1290.79,Delivered
4337,238,2026-01-19,West,Mobile App,Cash on Delivery,1058.37,Delivered
4338,500,2026-04-03,West,Retail Store,Credit Card,533.57,Delivered
4339,253,2025-12-04,East,Website,Net Banking,848.1,Delivered
4340,314,2025-03-26,North,Website,UPI,1424.47,Delivered
4341,205,2025-11-01,East,Website,Credit Card,837.66,Returned
4342,433,2025-11-22,West,Website,UPI,791.42,Delivered
4343,13,2024-10-14,South,Website,Debit Card,1153.1,Delivered
4344,317,2025-05-11,West,Website,Debit Card,1229.09,Returned
4345,114,2025-11-06,West,Retail Store,Cash on Delivery,1031.5,Delivered
4346,375,2025-09-12,West,Website,UPI,53.79,Shipped
4347,179,2025-12-26,East,Website,Net Banking,667.46,Delivered
4348,93,2025-08-22,South,Mobile App,Debit Card,1206.14,Delivered
4349,342,2025-01-26,West,Mobile App,UPI,1474.98,Returned
4350,368,2025-07-08,South,Retail Store,UPI,798.66,Shipped
4351,77,2026-01-11,East,Website,Net Banking,1094.18,Delivered
4352,480,2025-11-25,South,Website,Cash on Delivery,691.91,Shipped
4353,20,2024-08-02,East,Retail Store,Debit Card,1345.42,Delivered
4354,318,2026-01-01,South,Website,Credit Card,81.39,Delivered
4355,407,2026-01-17,South,Website,Cash on Delivery,1288.31,Cancelled
4356,16,2025-09-03,North,Mobile App,Cash on Delivery,1184.5,Returned
4357,405,2025-12-07,South,Mobile App,UPI,1044.04,Cancelled
4358,98,2024-11-15,West,Mobile App,Debit Card,1234.16,Delivered
4359,418,2025-12-02,East,Website,Net Banking,681.44,Delivered
4360,343,2024-07-01,North,Website,UPI,1070.59,Delivered
4361,376,2024-11-25,North,Mobile App,Cash on Delivery,443.31,Delivered
4362,100,2024-08-03,East,Website,Credit Card,1381.07,Delivered
4363,360,2025-06-27,East,Website,Cash on Delivery,1222.28,Returned
4364,393,2025-03-03,West,Website,Net Banking,1028.68,Delivered
4365,477,2025-03-14,East,Mobile App,Credit Card,886.31,Delivered
4366,238,2026-03-26,North,Website,Net Banking,1012.16,Delivered
4367,74,2025-03-24,West,Website,Net Banking,1017.79,Delivered
4368,135,2024-09-21,East,Website,UPI,1190.72,Returned
4369,72,2024-07-08,West,Website,Debit Card,563.11,Shipped
4370,459,2025-07-12,West,Mobile App,Net Banking,456.46,Returned
4371,470,2026-01-12,East,Website,Debit Card,290.75,Delivered
4372,447,2026-04-19,East,Retail Store,UPI,1052.21,Delivered
4373,7,2024-06-09,East,Retail Store,Cash on Delivery,327.89,Cancelled
4374,432,2025-10-20,North,Retail Store,Cash on Delivery,328.26,Delivered
4375,298,2024-07-21,East,Retail Store,Credit Card,828.55,Delivered
4376,47,2024-06-10,North,Mobile App,UPI,102.03,Cancelled
4377,467,2025-08-07,East,Website,Debit Card,1101.65,Cancelled
4378,483,2024-12-05,North,Website,Credit Card,571.82,Cancelled
4379,356,2025-08-16,North,Mobile App,Net Banking,540.2,Delivered
4380,78,2026-05-04,East,Website,Cash on Delivery,339.67,Delivered
4381,38,2025-04-08,North,Website,Credit Card,1303.36,Delivered
4382,192,2024-12-23,East,Mobile App,Credit Card,1304.0,Delivered
4383,78,2024-09-21,South,Website,Debit Card,499.95,Delivered
4384,142,2025-02-12,North,Mobile App,Credit Card,161.48,Delivered
4385,113,2026-02-16,South,Mobile App,Credit Card,90.37,Delivered
4386,57,2025-10-19,North,Retail Store,Credit Card,700.12,Delivered
4387,73,2024-12-13,East,Retail Store,Net Banking,934.18,Delivered
4388,360,2026-01-24,North,Mobile App,Debit Card,870.15,Returned
4389,105,2025-12-02,West,Mobile App,UPI,759.61,Delivered
4390,101,2026-05-21,East,Retail Store,Debit Card,1348.56,Delivered
4391,90,2025-12-13,West,Mobile App,UPI,717.44,Delivered
4392,443,2025-03-10,South,Website,UPI,1173.16,Shipped
4393,278,2026-05-14,South,Website,Cash on Delivery,208.99,Delivered
4394,211,2025-10-22,West,Mobile App,Cash on Delivery,315.31,Cancelled
4395,290,2025-05-14,North,Retail Store,Credit Card,954.4,Cancelled
4396,83,2026-01-06,North,Website,Cash on Delivery,778.59,Delivered
4397,46,2026-04-24,West,Website,Net Banking,991.35,Delivered
4398,314,2024-08-25,South,Retail Store,Cash on Delivery,869.86,Delivered
4399,477,2025-06-11,West,Retail Store,Debit Card,617.73,Delivered
4400,193,2025-10-27,South,Website,Debit Card,60.71,Delivered
4401,319,2026-04-22,West,Retail Store,Debit Card,1068.12,Delivered
4402,120,2025-05-30,North,Retail Store,Cash on Delivery,793.6,Cancelled
4403,403,2024-06-27,South,Mobile App,Cash on Delivery,1200.18,Delivered
4404,151,2025-10-20,West,Website,Cash on Delivery,210.42,Cancelled
4405,75,2024-12-21,North,Website,Credit Card,688.63,Cancelled
4406,202,2025-07-21,South,Website,UPI,1051.55,Returned
4407,109,2025-07-21,West,Website,Cash on Delivery,669.82,Returned
4408,233,2024-09-20,West,Mobile App,Cash on Delivery,423.87,Delivered
4409,264,2026-03-09,West,Mobile App,Credit Card,696.87,Shipped
4410,444,2025-12-19,South,Retail Store,Net Banking,90.68,Delivered
4411,433,2024-06-13,West,Website,Net Banking,437.66,Returned
4412,496,2025-07-26,North,Website,UPI,1276.34,Delivered
4413,59,2025-05-29,North,Website,Debit Card,1390.69,Cancelled
4414,327,2026-02-18,East,Retail Store,Credit Card,560.93,Delivered
4415,426,2025-12-08,West,Website,Net Banking,1187.85,Returned
4416,337,2025-12-19,North,Mobile App,Credit Card,670.59,Delivered
4417,15,2025-05-22,North,Website,Cash on Delivery,382.21,Cancelled
4418,11,2025-02-27,South,Retail Store,Cash on Delivery,1337.57,Delivered
4419,462,2026-04-09,East,Website,Debit Card,470.94,Returned
4420,41,2025-03-20,North,Website,Net Banking,1111.42,Cancelled
4421,485,2026-03-06,South,Mobile App,Debit Card,828.35,Returned
4422,27,2026-02-04,South,Website,Cash on Delivery,593.47,Cancelled
4423,159,2025-04-25,West,Retail Store,UPI,413.15,Returned
4424,30,2025-09-27,West,Website,UPI,1000.65,Delivered
4425,217,2024-06-06,North,Website,Cash on Delivery,412.4,Shipped
4426,2,2025-10-26,East,Mobile App,UPI,420.14,Delivered
4427,289,2026-04-20,East,Website,Credit Card,60.98,Delivered
4428,209,2025-05-08,East,Website,UPI,1218.02,Delivered
4429,273,2025-10-30,West,Retail Store,Net Banking,482.64,Delivered
4430,483,2025-08-06,South,Website,UPI,867.35,Delivered
4431,442,2026-05-22,North,Retail Store,Cash on Delivery,1097.28,Delivered
4432,113,2024-12-23,East,Retail Store,UPI,215.75,Delivered
4433,141,2024-07-03,North,Mobile App,UPI,1388.0,Shipped
4434,166,2026-04-06,East,Mobile App,Cash on Delivery,1004.51,Returned
4435,367,2025-02-03,South,Mobile App,UPI,901.98,Shipped
4436,91,2025-12-05,West,Website,Net Banking,1266.76,Delivered
4437,87,2025-11-11,North,Retail Store,UPI,296.69,Cancelled
4438,498,2026-02-02,South,Website,Credit Card,954.06,Returned
4439,49,2025-09-25,East,Website,UPI,1438.44,Cancelled
4440,133,2024-06-18,East,Retail Store,UPI,1495.56,Delivered
4441,113,2025-08-18,North,Mobile App,Net Banking,435.35,Delivered
4442,412,2026-04-13,West,Website,UPI,1314.59,Cancelled
4443,304,2024-05-30,South,Retail Store,Cash on Delivery,1016.64,Delivered
4444,10,2025-12-19,West,Mobile App,Debit Card,269.71,Cancelled
4445,46,2025-04-21,North,Website,Cash on Delivery,588.81,Cancelled
4446,460,2025-10-14,South,Website,Debit Card,689.66,Returned
4447,72,2024-06-20,North,Mobile App,UPI,834.85,Delivered
4448,361,2025-07-15,South,Mobile App,Cash on Delivery,1327.94,Delivered
4449,349,2025-01-26,West,Website,UPI,980.68,Shipped
4450,2,2025-03-07,West,Mobile App,Credit Card,90.19,Delivered
4451,178,2025-10-25,North,Mobile App,Credit Card,817.34,Delivered
4452,198,2024-09-16,East,Mobile App,Credit Card,1021.63,Cancelled
4453,186,2024-07-21,South,Mobile App,UPI,1140.81,Delivered
4454,160,2024-07-27,East,Retail Store,Debit Card,146.81,Delivered
4455,401,2026-05-04,East,Mobile App,Debit Card,728.66,Shipped
4456,71,2024-06-25,West,Website,UPI,933.09,Delivered
4457,135,2026-01-12,East,Retail Store,Credit Card,330.32,Delivered
4458,185,2024-10-30,South,Mobile App,UPI,471.01,Cancelled
4459,378,2024-12-17,South,Mobile App,UPI,815.47,Shipped
4460,475,2026-03-23,South,Website,UPI,669.97,Returned
4461,483,2024-12-21,West,Mobile App,Cash on Delivery,128.47,Delivered
4462,379,2024-10-26,North,Website,Credit Card,200.57,Cancelled
4463,260,2025-09-29,South,Website,Debit Card,117.73,Returned
4464,288,2025-07-30,North,Website,Credit Card,1294.71,Cancelled
4465,62,2025-02-20,South,Website,UPI,1388.13,Returned
4466,209,2025-12-14,West,Retail Store,Credit Card,308.66,Delivered
4467,15,2024-10-19,North,Mobile App,UPI,420.69,Delivered
4468,155,2025-09-10,West,Retail Store,Cash on Delivery,847.62,Delivered
4469,28,2025-01-31,East,Retail Store,UPI,1336.94,Delivered
4470,177,2026-04-22,West,Website,Cash on Delivery,1020.84,Delivered
4471,266,2026-04-07,East,Retail Store,Credit Card,810.7,Cancelled
4472,445,2024-06-07,South,Website,Debit Card,1248.07,Delivered
4473,10,2025-02-25,East,Retail Store,Net Banking,1093.86,Delivered
4474,467,2025-10-25,West,Website,Credit Card,370.09,Delivered
4475,362,2026-04-22,West,Website,UPI,540.05,Delivered
4476,100,2025-03-17,South,Retail Store,Credit Card,1473.49,Shipped
4477,50,2025-10-19,East,Website,UPI,79.36,Delivered
4478,463,2024-11-13,South,Website,Credit Card,695.16,Cancelled
4479,69,2024-06-11,North,Website,Cash on Delivery,658.29,Cancelled
4480,41,2025-10-27,North,Mobile App,Cash on Delivery,685.69,Returned
4481,385,2024-09-13,East,Retail Store,Debit Card,1123.12,Cancelled
4482,135,2025-08-09,South,Mobile App,Net Banking,1113.97,Cancelled
4483,428,2026-05-02,West,Website,Net Banking,432.98,Returned
4484,263,2024-09-06,South,Retail Store,Credit Card,530.75,Delivered
4485,340,2026-05-12,North,Mobile App,Credit Card,413.2,Returned
4486,78,2025-01-28,East,Retail Store,Credit Card,627.8,Delivered
4487,296,2025-10-03,East,Mobile App,Net Banking,1079.48,Delivered
4488,298,2025-11-06,North,Retail Store,Cash on Delivery,756.0,Returned
4489,144,2024-05-29,South,Website,Cash on Delivery,534.74,Returned
4490,147,2025-02-06,East,Mobile App,Debit Card,1104.69,Delivered
4491,333,2025-06-19,West,Retail Store,Cash on Delivery,1303.52,Returned
4492,93,2024-05-31,North,Website,Cash on Delivery,1492.34,Returned
4493,443,2024-11-19,East,Website,Cash on Delivery,1006.18,Delivered
4494,338,2025-02-27,South,Retail Store,Cash on Delivery,1306.46,Delivered
4495,249,2024-10-11,North,Mobile App,Cash on Delivery,1035.41,Returned
4496,91,2024-11-28,South,Mobile App,Net Banking,995.3,Delivered
4497,274,2024-06-10,North,Mobile App,Cash on Delivery,497.75,Cancelled
4498,97,2024-11-19,North,Website,Cash on Delivery,243.41,Delivered
4499,263,2025-06-07,East,Retail Store,Net Banking,129.37,Delivered
4500,58,2025-01-08,South,Retail Store,Cash on Delivery,590.42,Delivered
4501,100,2024-11-01,North,Website,Cash on Delivery,887.61,Returned
4502,96,2025-10-12,South,Mobile App,Credit Card,299.49,Delivered
4503,422,2026-01-08,East,Website,Debit Card,1447.68,Delivered
4504,431,2024-09-24,East,Retail Store,Credit Card,956.02,Cancelled
4505,179,2025-03-02,South,Retail Store,Credit Card,1230.1,Returned
4506,341,2025-05-15,West,Website,Credit Card,963.17,Cancelled
4507,27,2026-03-07,East,Mobile App,UPI,647.43,Returned
4508,362,2024-06-12,North,Website,Credit Card,554.83,Cancelled
4509,9,2025-07-03,West,Retail Store,Cash on Delivery,735.29,Cancelled
4510,8,2024-10-15,West,Website,Net Banking,1302.8,Cancelled
4511,409,2025-11-28,East,Retail Store,Credit Card,953.22,Delivered
4512,155,2026-02-10,West,Retail Store,Credit Card,1272.96,Delivered
4513,11,2026-02-09,South,Mobile App,Cash on Delivery,707.87,Cancelled
4514,175,2026-04-28,South,Website,UPI,630.14,Delivered
4515,358,2025-01-28,East,Website,UPI,1483.26,Delivered
4516,139,2026-01-31,North,Website,Cash on Delivery,355.6,Delivered
4517,320,2026-03-05,East,Retail Store,Cash on Delivery,1340.75,Delivered
4518,315,2025-04-17,East,Website,Cash on Delivery,1450.21,Delivered
4519,370,2025-05-03,South,Mobile App,Credit Card,288.02,Delivered
4520,457,2026-02-27,West,Website,Credit Card,120.13,Returned
4521,179,2025-07-03,East,Website,Net Banking,1016.14,Returned
4522,500,2025-08-20,South,Mobile App,Cash on Delivery,1434.73,Delivered
4523,472,2025-05-31,West,Retail Store,Net Banking,1139.32,Shipped
4524,44,2024-07-20,West,Retail Store,Net Banking,716.39,Shipped
4525,466,2025-04-12,North,Mobile App,Net Banking,319.17,Cancelled
4526,36,2025-10-17,South,Website,Debit Card,651.33,Delivered
4527,483,2025-08-02,West,Mobile App,Credit Card,583.16,Delivered
4528,56,2025-10-29,East,Mobile App,UPI,853.62,Shipped
4529,339,2024-11-13,East,Website,Cash on Delivery,1181.11,Shipped
4530,234,2025-01-08,West,Mobile App,UPI,1470.83,Shipped
4531,192,2026-05-23,West,Mobile App,Credit Card,1416.72,Shipped
4532,57,2026-05-24,South,Website,UPI,1298.51,Cancelled
4533,221,2025-02-25,South,Mobile App,Credit Card,486.82,Cancelled
4534,263,2024-08-04,South,Website,Cash on Delivery,974.82,Delivered
4535,423,2025-02-02,North,Retail Store,UPI,175.66,Cancelled
4536,207,2026-04-30,South,Mobile App,Cash on Delivery,843.9,Cancelled
4537,426,2026-01-16,West,Mobile App,Cash on Delivery,608.12,Cancelled
4538,414,2025-03-23,East,Website,Net Banking,157.85,Shipped
4539,103,2025-04-24,East,Retail Store,UPI,331.04,Shipped
4540,402,2025-11-02,North,Retail Store,Cash on Delivery,1380.95,Delivered
4541,236,2024-07-31,South,Retail Store,Cash on Delivery,917.64,Delivered
4542,334,2024-07-26,North,Retail Store,Cash on Delivery,517.46,Shipped
4543,407,2026-04-19,West,Retail Store,Cash on Delivery,297.13,Delivered
4544,57,2024-10-12,North,Mobile App,Debit Card,1254.6,Cancelled
4545,21,2026-03-02,North,Website,UPI,1031.16,Returned
4546,91,2024-12-15,East,Mobile App,Debit Card,229.46,Delivered
4547,250,2025-04-06,South,Website,Debit Card,977.9,Shipped
4548,314,2025-08-28,South,Retail Store,Cash on Delivery,701.12,Delivered
4549,328,2026-01-12,North,Mobile App,Credit Card,71.77,Returned
4550,472,2024-08-04,West,Retail Store,Credit Card,1413.33,Delivered
4551,93,2024-12-04,North,Website,Net Banking,770.65,Shipped
4552,205,2024-10-20,East,Retail Store,Cash on Delivery,1131.45,Delivered
4553,270,2025-12-16,South,Retail Store,Debit Card,155.79,Delivered
4554,100,2026-04-21,East,Mobile App,Net Banking,1408.13,Shipped
4555,8,2025-01-24,West,Mobile App,UPI,1278.44,Delivered
4556,345,2025-08-28,North,Mobile App,UPI,1354.56,Delivered
4557,25,2026-01-09,East,Website,Cash on Delivery,114.96,Delivered
4558,467,2025-11-23,North,Retail Store,Net Banking,583.04,Returned
4559,402,2024-06-02,North,Retail Store,UPI,313.0,Delivered
4560,119,2025-02-05,West,Retail Store,Credit Card,1406.93,Returned
4561,300,2024-11-15,East,Retail Store,Debit Card,1419.31,Cancelled
4562,230,2025-02-13,East,Retail Store,Debit Card,190.24,Cancelled
4563,478,2025-03-06,North,Mobile App,UPI,1113.16,Delivered
4564,211,2024-12-08,South,Mobile App,Debit Card,1273.62,Shipped
4565,278,2025-07-22,East,Website,UPI,746.8,Shipped
4566,165,2025-12-20,West,Website,UPI,1325.81,Shipped
4567,483,2024-10-15,North,Retail Store,Debit Card,1378.11,Shipped
4568,215,2024-06-04,South,Website,Debit Card,1050.79,Cancelled
4569,78,2025-10-08,South,Website,UPI,325.67,Shipped
4570,200,2026-02-12,West,Website,Cash on Delivery,584.06,Delivered
4571,353,2025-04-12,South,Retail Store,Credit Card,911.18,Shipped
4572,48,2025-11-05,North,Retail Store,Debit Card,859.9,Returned
4573,455,2025-01-09,East,Retail Store,Cash on Delivery,1351.47,Cancelled
4574,473,2026-02-14,South,Retail Store,Net Banking,613.52,Shipped
4575,497,2025-05-09,South,Retail Store,Debit Card,1025.05,Delivered
4576,412,2024-11-17,West,Retail Store,UPI,1267.14,Cancelled
4577,147,2025-12-20,North,Website,Credit Card,805.33,Delivered
4578,361,2025-03-02,South,Retail Store,Net Banking,164.97,Delivered
4579,346,2025-10-28,West,Website,Credit Card,224.3,Delivered
4580,130,2025-03-17,South,Mobile App,Net Banking,1209.99,Cancelled
4581,134,2025-06-03,West,Retail Store,Net Banking,1184.7,Delivered
4582,290,2025-06-11,East,Mobile App,UPI,388.78,Cancelled
4583,180,2026-05-07,West,Retail Store,Credit Card,1047.78,Returned
4584,121,2026-01-30,South,Mobile App,Cash on Delivery,437.62,Cancelled
4585,133,2025-10-04,North,Retail Store,UPI,114.61,Returned
4586,472,2024-05-28,West,Website,UPI,663.38,Delivered
4587,462,2025-01-21,North,Retail Store,UPI,733.98,Delivered
4588,320,2024-10-02,West,Mobile App,Cash on Delivery,285.44,Delivered
4589,76,2026-05-15,West,Website,Cash on Delivery,208.88,Cancelled
4590,201,2026-04-28,East,Website,UPI,905.33,Delivered
4591,471,2025-11-10,South,Mobile App,UPI,1044.03,Delivered
4592,317,2024-11-27,West,Mobile App,UPI,184.38,Delivered
4593,152,2024-09-16,South,Mobile App,Cash on Delivery,108.82,Shipped
4594,299,2026-02-11,North,Mobile App,Credit Card,68.27,Shipped
4595,290,2025-07-28,West,Mobile App,Debit Card,1048.27,Delivered
4596,176,2025-10-16,East,Website,Net Banking,1299.23,Delivered
4597,141,2025-12-28,West,Retail Store,Credit Card,286.97,Delivered
4598,50,2024-10-18,East,Retail Store,Cash on Delivery,591.93,Delivered
4599,261,2026-01-03,East,Website,Cash on Delivery,1493.33,Returned
4600,429,2025-01-06,West,Mobile App,Cash on Delivery,233.22,Shipped
4601,323,2026-01-28,South,Website,Cash on Delivery,1366.4,Delivered
4602,171,2026-01-13,East,Retail Store,Credit Card,643.26,Delivered
4603,457,2025-06-22,North,Website,UPI,107.41,Cancelled
4604,322,2025-05-31,South,Mobile App,Debit Card,856.3,Delivered
4605,378,2025-03-17,East,Retail Store,Credit Card,660.54,Delivered
4606,433,2025-09-08,North,Website,Cash on Delivery,709.92,Delivered
4607,356,2025-05-14,West,Retail Store,Net Banking,1248.6,Delivered
4608,209,2025-03-19,West,Website,Credit Card,659.07,Shipped
4609,207,2024-12-16,North,Website,Net Banking,502.43,Cancelled
4610,55,2026-02-26,South,Website,Net Banking,507.35,Cancelled
4611,90,2026-01-09,South,Mobile App,Net Banking,820.31,Shipped
4612,167,2026-05-01,South,Website,UPI,250.67,Delivered
4613,328,2024-09-10,South,Website,Credit Card,746.23,Cancelled
4614,487,2024-08-29,North,Website,Credit Card,692.25,Returned
4615,312,2026-02-26,West,Website,UPI,781.45,Cancelled
4616,424,2024-11-05,East,Website,Credit Card,214.62,Delivered
4617,249,2025-01-31,North,Mobile App,Cash on Delivery,904.62,Delivered
4618,257,2024-09-24,West,Mobile App,Net Banking,143.11,Cancelled
4619,240,2025-05-02,South,Mobile App,Debit Card,486.7,Shipped
4620,375,2025-07-29,South,Retail Store,Net Banking,1398.57,Delivered
4621,482,2025-04-27,North,Website,Cash on Delivery,588.1,Shipped
4622,30,2026-05-20,West,Website,Credit Card,463.34,Delivered
4623,200,2025-11-16,South,Retail Store,Credit Card,516.73,Shipped
4624,168,2025-04-11,North,Retail Store,Net Banking,481.45,Cancelled
4625,122,2026-01-18,East,Mobile App,Net Banking,1130.68,Delivered
4626,144,2026-05-11,East,Website,UPI,1378.19,Delivered
4627,30,2024-08-14,South,Website,Credit Card,401.63,Returned
4628,295,2024-07-21,West,Mobile App,Debit Card,1237.8,Cancelled
4629,14,2026-01-13,East,Mobile App,Net Banking,1016.65,Delivered
4630,376,2024-10-31,West,Website,Net Banking,975.4,Delivered
4631,453,2024-09-18,North,Website,UPI,1242.06,Shipped
4632,98,2025-10-16,West,Website,Credit Card,873.91,Delivered
4633,64,2025-11-14,West,Mobile App,Net Banking,78.36,Cancelled
4634,497,2025-03-20,East,Mobile App,Credit Card,1289.83,Shipped
4635,132,2025-12-13,South,Retail Store,Debit Card,682.48,Delivered
4636,74,2024-09-11,East,Website,Net Banking,1407.86,Delivered
4637,294,2025-06-01,West,Mobile App,Net Banking,200.77,Cancelled
4638,217,2025-05-09,West,Retail Store,Cash on Delivery,428.4,Returned
4639,57,2024-06-01,North,Mobile App,Cash on Delivery,337.04,Delivered
4640,248,2025-07-17,East,Retail Store,Cash on Delivery,174.37,Cancelled
4641,333,2026-05-13,West,Website,Debit Card,1430.49,Delivered
4642,277,2025-02-19,South,Retail Store,Credit Card,1214.04,Shipped
4643,454,2025-11-04,East,Retail Store,UPI,910.7,Delivered
4644,56,2025-10-06,East,Mobile App,Net Banking,1105.26,Delivered
4645,104,2024-11-05,North,Website,Net Banking,1444.39,Delivered
4646,312,2025-09-06,South,Website,UPI,879.54,Shipped
4647,53,2024-06-15,West,Website,UPI,577.19,Delivered
4648,55,2025-12-03,South,Mobile App,UPI,244.96,Shipped
4649,272,2025-02-14,West,Mobile App,Net Banking,568.14,Shipped
4650,137,2026-01-11,West,Website,Net Banking,484.13,Shipped
4651,243,2026-04-09,South,Website,Debit Card,1438.84,Delivered
4652,92,2024-06-09,West,Website,Credit Card,362.27,Delivered
4653,209,2025-07-20,East,Retail Store,UPI,926.92,Shipped
4654,139,2025-12-24,West,Retail Store,UPI,739.65,Shipped
4655,198,2026-01-13,East,Mobile App,UPI,318.66,Cancelled
4656,21,2024-06-04,East,Website,Cash on Delivery,1038.37,Delivered
4657,119,2024-08-22,West,Retail Store,Credit Card,828.32,Shipped
4658,52,2025-12-09,West,Retail Store,UPI,930.49,Delivered
4659,214,2025-03-22,North,Website,Cash on Delivery,806.75,Delivered
4660,407,2025-02-19,West,Website,Cash on Delivery,155.76,Returned
4661,202,2024-07-29,West,Website,UPI,116.73,Delivered
4662,37,2025-09-01,East,Mobile App,Credit Card,474.7,Returned
4663,491,2025-09-19,West,Website,Credit Card,1267.06,Returned
4664,87,2026-01-22,North,Website,Debit Card,778.21,Delivered
4665,457,2026-03-23,North,Website,Net Banking,415.44,Delivered
4666,164,2025-06-14,West,Website,Cash on Delivery,454.9,Delivered
4667,257,2025-02-01,South,Website,UPI,1132.61,Delivered
4668,256,2026-03-21,East,Retail Store,Debit Card,492.55,Delivered
4669,13,2026-02-21,North,Retail Store,Cash on Delivery,1139.75,Returned
4670,83,2024-10-11,South,Website,Credit Card,1153.14,Delivered
4671,142,2025-05-16,East,Mobile App,Cash on Delivery,501.94,Delivered
4672,97,2024-11-07,South,Website,UPI,822.83,Delivered
4673,101,2024-08-10,North,Mobile App,UPI,362.6,Delivered
4674,421,2025-09-26,North,Mobile App,Cash on Delivery,986.16,Returned
4675,172,2025-12-09,East,Website,Credit Card,1075.15,Delivered
4676,68,2024-06-25,North,Mobile App,Debit Card,1447.49,Cancelled
4677,202,2026-02-27,West,Mobile App,Debit Card,51.06,Shipped
4678,279,2025-11-27,West,Website,Cash on Delivery,1136.16,Cancelled
4679,317,2025-11-13,East,Retail Store,Debit Card,812.73,Delivered
4680,317,2025-06-25,East,Retail Store,Net Banking,327.12,Returned
4681,429,2025-04-19,South,Website,Debit Card,393.87,Returned
4682,48,2025-06-22,East,Retail Store,UPI,1390.34,Delivered
4683,145,2025-09-02,North,Website,Debit Card,282.38,Delivered
4684,468,2025-12-21,North,Website,UPI,948.47,Delivered
4685,109,2025-12-20,South,Website,Debit Card,953.58,Delivered
4686,221,2024-06-27,North,Website,Cash on Delivery,1364.49,Delivered
4687,498,2024-07-11,West,Retail Store,UPI,866.89,Returned
4688,298,2025-08-15,West,Retail Store,Net Banking,1273.59,Shipped
4689,103,2024-08-10,East,Website,Debit Card,1376.47,Shipped
4690,330,2026-04-18,East,Website,Net Banking,1418.41,Delivered
4691,298,2026-04-02,East,Mobile App,UPI,796.16,Delivered
4692,224,2025-10-30,West,Retail Store,Net Banking,374.07,Delivered
4693,107,2026-01-28,North,Mobile App,Credit Card,198.27,Delivered
4694,220,2024-10-10,South,Mobile App,Debit Card,1002.03,Delivered
4695,133,2026-03-06,East,Website,Debit Card,1346.39,Delivered
4696,64,2025-10-03,East,Website,UPI,300.09,Delivered
4697,485,2025-11-04,North,Website,Net Banking,1014.1,Returned
4698,472,2026-03-12,East,Retail Store,Cash on Delivery,711.41,Shipped
4699,282,2024-11-03,West,Mobile App,UPI,645.35,Delivered
4700,25,2024-09-12,South,Mobile App,Net Banking,791.99,Delivered
4701,346,2025-02-18,South,Website,UPI,658.32,Delivered
4702,173,2025-09-22,South,Mobile App,Net Banking,709.1,Cancelled
4703,20,2025-02-22,South,Website,Credit Card,1384.61,Shipped
4704,258,2025-12-01,East,Website,Cash on Delivery,937.28,Delivered
4705,197,2024-12-14,North,Retail Store,Cash on Delivery,581.09,Delivered
4706,44,2024-10-06,West,Mobile App,UPI,1375.48,Delivered
4707,483,2025-11-16,West,Website,Credit Card,59.04,Cancelled
4708,123,2026-04-08,South,Retail Store,Credit Card,319.97,Delivered
4709,106,2025-10-11,West,Website,Debit Card,975.04,Delivered
4710,428,2026-02-06,West,Mobile App,Credit Card,700.82,Cancelled
4711,12,2024-07-08,East,Mobile App,Cash on Delivery,1149.79,Returned
4712,97,2025-02-28,East,Retail Store,Cash on Delivery,147.9,Returned
4713,484,2025-04-21,East,Mobile App,Net Banking,1337.94,Delivered
4714,7,2026-01-10,North,Retail Store,Net Banking,1321.89,Delivered
4715,16,2025-02-23,South,Website,Debit Card,1124.0,Shipped
4716,499,2025-02-27,West,Website,UPI,1319.75,Returned
4717,49,2025-08-16,North,Mobile App,Credit Card,1020.36,Cancelled
4718,439,2024-07-26,West,Website,Debit Card,1059.31,Cancelled
4719,27,2025-07-17,West,Mobile App,Cash on Delivery,619.21,Delivered
4720,94,2024-09-16,West,Retail Store,Net Banking,1381.46,Returned
4721,36,2024-10-16,East,Mobile App,Net Banking,245.03,Shipped
4722,471,2024-10-26,East,Mobile App,UPI,607.57,Shipped
4723,352,2025-12-08,North,Website,Debit Card,1402.03,Shipped
4724,55,2024-10-08,North,Website,Cash on Delivery,108.98,Delivered
4725,15,2025-09-13,North,Retail Store,Cash on Delivery,282.15,Delivered
4726,69,2024-11-10,South,Website,Credit Card,501.1,Delivered
4727,132,2026-02-21,South,Website,Debit Card,75.09,Returned
4728,176,2025-04-06,South,Retail Store,Debit Card,1361.61,Delivered
4729,472,2025-10-28,East,Website,Credit Card,54.87,Delivered
4730,427,2024-09-04,West,Website,Net Banking,973.68,Cancelled
4731,408,2024-06-28,West,Website,Debit Card,1377.52,Delivered
4732,330,2024-07-20,East,Mobile App,UPI,1331.84,Delivered
4733,36,2025-09-01,South,Mobile App,Net Banking,510.39,Returned
4734,398,2024-11-16,North,Retail Store,UPI,885.98,Cancelled
4735,75,2024-10-31,East,Mobile App,Cash on Delivery,956.16,Shipped
4736,60,2025-11-23,East,Mobile App,Credit Card,1131.83,Delivered
4737,477,2025-09-22,South,Mobile App,Cash on Delivery,1375.53,Shipped
4738,136,2024-08-02,South,Retail Store,Net Banking,1227.41,Delivered
4739,483,2024-12-05,East,Retail Store,Debit Card,225.41,Delivered
4740,268,2025-08-09,North,Website,Credit Card,190.55,Delivered
4741,30,2026-04-26,East,Retail Store,UPI,1270.0,Cancelled
4742,268,2026-03-28,East,Mobile App,Debit Card,522.3,Delivered
4743,120,2025-06-28,South,Mobile App,UPI,743.68,Delivered
4744,33,2025-03-17,East,Mobile App,UPI,1357.23,Delivered
4745,444,2025-08-05,West,Mobile App,Debit Card,737.88,Shipped
4746,191,2025-05-17,South,Retail Store,Credit Card,1034.98,Delivered
4747,232,2025-02-05,North,Website,UPI,849.41,Shipped
4748,97,2024-10-23,East,Website,Debit Card,323.07,Cancelled
4749,293,2025-03-25,North,Mobile App,Debit Card,1025.52,Cancelled
4750,63,2025-08-19,West,Retail Store,UPI,954.62,Delivered
4751,455,2025-03-23,North,Website,Net Banking,887.74,Cancelled
4752,213,2024-10-17,West,Mobile App,Net Banking,689.37,Delivered
4753,61,2025-10-03,South,Website,Cash on Delivery,1066.08,Delivered
4754,155,2025-06-02,West,Mobile App,Debit Card,1030.08,Delivered
4755,141,2025-04-16,West,Mobile App,UPI,1499.59,Delivered
4756,104,2025-07-28,South,Website,Debit Card,1468.15,Returned
4757,438,2025-11-04,East,Mobile App,Net Banking,1463.5,Delivered
4758,471,2024-06-15,East,Retail Store,Credit Card,512.09,Returned
4759,253,2025-04-18,North,Mobile App,Debit Card,1454.56,Shipped
4760,19,2025-03-31,North,Mobile App,Debit Card,1173.36,Delivered
4761,319,2024-08-13,North,Website,Debit Card,88.2,Delivered
4762,225,2025-11-11,North,Mobile App,Debit Card,631.7,Shipped
4763,222,2025-12-03,South,Mobile App,UPI,891.84,Delivered
4764,467,2024-09-14,South,Mobile App,Credit Card,1018.28,Delivered
4765,396,2026-02-18,West,Retail Store,Credit Card,929.77,Shipped
4766,426,2025-02-06,South,Retail Store,UPI,259.56,Shipped
4767,65,2025-06-14,West,Website,Net Banking,68.32,Delivered
4768,285,2024-09-01,South,Retail Store,UPI,914.08,Delivered
4769,110,2025-07-27,West,Mobile App,Debit Card,220.5,Delivered
4770,35,2024-05-31,North,Retail Store,Debit Card,814.81,Delivered
4771,216,2025-04-03,South,Mobile App,Net Banking,1168.44,Shipped
4772,338,2024-10-11,West,Retail Store,Cash on Delivery,1027.18,Delivered
4773,133,2025-09-28,East,Retail Store,Net Banking,90.82,Delivered
4774,316,2025-03-30,East,Website,Debit Card,1473.39,Delivered
4775,444,2026-01-21,East,Retail Store,Credit Card,1443.68,Returned
4776,378,2026-03-01,East,Website,Debit Card,1434.4,Returned
4777,417,2025-05-02,East,Retail Store,UPI,811.73,Returned
4778,385,2024-06-11,West,Retail Store,Credit Card,112.46,Delivered
4779,313,2025-04-14,South,Mobile App,Credit Card,968.0,Shipped
4780,133,2025-04-02,West,Retail Store,Debit Card,1304.98,Cancelled
4781,86,2025-03-02,North,Mobile App,Debit Card,630.81,Delivered
4782,219,2026-04-21,East,Retail Store,Net Banking,764.81,Cancelled
4783,493,2026-03-20,West,Website,UPI,640.68,Delivered
4784,114,2026-04-20,West,Retail Store,Net Banking,1138.35,Shipped
4785,348,2025-02-04,East,Mobile App,Net Banking,1214.35,Cancelled
4786,469,2025-07-15,South,Retail Store,Cash on Delivery,1151.76,Returned
4787,95,2025-09-14,North,Retail Store,Debit Card,1389.75,Cancelled
4788,78,2025-05-02,East,Website,UPI,360.92,Delivered
4789,288,2025-04-23,West,Mobile App,Credit Card,1271.78,Cancelled
4790,281,2025-04-28,East,Website,Credit Card,1259.19,Returned
4791,47,2025-05-26,North,Website,Net Banking,1322.5,Delivered
4792,458,2024-07-16,East,Mobile App,Debit Card,1316.35,Cancelled
4793,172,2026-05-14,North,Retail Store,Cash on Delivery,1440.0,Delivered
4794,156,2025-02-16,West,Website,Net Banking,663.72,Delivered
4795,361,2026-03-03,West,Mobile App,Debit Card,1292.05,Delivered
4796,46,2026-05-17,North,Mobile App,Credit Card,1083.94,Cancelled
4797,5,2024-05-31,South,Mobile App,UPI,960.04,Cancelled
4798,474,2025-10-30,West,Website,Credit Card,1055.73,Shipped
4799,351,2025-03-10,West,Mobile App,UPI,1346.04,Returned
4800,161,2026-01-24,North,Mobile App,Net Banking,75.65,Delivered
4801,29,2025-01-17,North,Mobile App,Debit Card,86.55,Shipped
4802,435,2024-11-06,East,Mobile App,Net Banking,1390.98,Shipped
4803,241,2026-03-26,South,Retail Store,Cash on Delivery,1113.9,Shipped
4804,433,2026-03-01,West,Website,Debit Card,424.43,Delivered
4805,494,2026-03-18,East,Retail Store,UPI,404.27,Shipped
4806,289,2026-02-21,South,Retail Store,Net Banking,1096.36,Shipped
4807,182,2024-07-13,West,Mobile App,Debit Card,1073.61,Delivered
4808,262,2024-10-15,West,Retail Store,Debit Card,711.33,Delivered
4809,47,2025-09-21,West,Website,UPI,560.35,Delivered
4810,393,2026-05-05,South,Mobile App,Cash on Delivery,1333.81,Shipped
4811,241,2024-12-04,East,Mobile App,Credit Card,387.28,Delivered
4812,171,2026-01-23,East,Website,Debit Card,376.59,Returned
4813,203,2025-02-07,South,Website,UPI,649.69,Cancelled
4814,136,2024-10-06,South,Retail Store,Credit Card,501.9,Delivered
4815,366,2025-02-26,North,Mobile App,UPI,678.07,Delivered
4816,462,2026-02-21,South,Retail Store,Credit Card,731.95,Delivered
4817,346,2025-11-05,West,Website,Cash on Delivery,1245.83,Returned
4818,223,2024-07-21,East,Retail Store,Credit Card,1351.07,Delivered
4819,273,2025-02-18,West,Mobile App,UPI,1203.4,Delivered
4820,329,2024-08-24,South,Website,Debit Card,1083.38,Shipped
4821,448,2024-06-28,South,Retail Store,Cash on Delivery,1352.21,Delivered
4822,331,2025-03-23,South,Website,Net Banking,1150.19,Delivered
4823,21,2025-04-19,East,Website,Cash on Delivery,1427.73,Delivered
4824,236,2026-04-24,East,Mobile App,Cash on Delivery,887.01,Cancelled
4825,420,2024-12-22,South,Retail Store,Credit Card,1354.01,Delivered
4826,431,2026-04-19,North,Retail Store,Credit Card,264.61,Returned
4827,146,2026-02-08,West,Website,Credit Card,566.58,Cancelled
4828,211,2025-04-27,North,Mobile App,Debit Card,952.1,Shipped
4829,142,2025-08-06,East,Mobile App,Cash on Delivery,1035.87,Shipped
4830,240,2024-12-27,South,Mobile App,Net Banking,921.73,Shipped
4831,213,2026-02-03,South,Mobile App,Debit Card,354.52,Delivered
4832,75,2025-08-29,South,Mobile App,Credit Card,755.99,Delivered
4833,244,2025-06-02,South,Website,Debit Card,744.52,Returned
4834,242,2025-10-23,West,Website,UPI,127.02,Delivered
4835,466,2024-06-05,South,Mobile App,Debit Card,691.28,Shipped
4836,380,2025-06-06,North,Website,Debit Card,330.09,Delivered
4837,78,2025-06-13,South,Retail Store,UPI,1030.2,Shipped
4838,375,2025-12-24,East,Website,Cash on Delivery,827.55,Shipped
4839,392,2024-07-29,West,Mobile App,UPI,1442.91,Delivered
4840,469,2025-04-17,North,Website,Debit Card,123.64,Cancelled
4841,69,2024-09-17,East,Retail Store,Debit Card,962.62,Delivered
4842,423,2025-05-12,West,Mobile App,UPI,374.58,Returned
4843,222,2024-07-03,East,Retail Store,Net Banking,1466.37,Delivered
4844,209,2025-08-25,South,Website,Net Banking,416.69,Cancelled
4845,232,2025-09-03,East,Retail Store,Credit Card,733.22,Delivered
4846,18,2025-03-20,North,Mobile App,Credit Card,806.58,Delivered
4847,25,2024-06-28,South,Mobile App,Debit Card,1385.37,Returned
4848,101,2024-07-16,West,Mobile App,UPI,582.34,Cancelled
4849,180,2026-02-11,South,Retail Store,Credit Card,1436.71,Shipped
4850,350,2024-10-05,South,Mobile App,Debit Card,1206.35,Delivered
4851,403,2025-02-14,South,Retail Store,Cash on Delivery,449.38,Returned
4852,15,2024-12-13,North,Retail Store,Cash on Delivery,920.87,Returned
4853,180,2024-12-24,North,Retail Store,Credit Card,1221.92,Delivered
4854,280,2024-09-04,South,Retail Store,Cash on Delivery,904.6,Delivered
4855,389,2024-12-20,North,Retail Store,Net Banking,1036.57,Cancelled
4856,410,2024-09-15,East,Website,Net Banking,651.97,Returned
4857,443,2025-04-09,North,Retail Store,Debit Card,143.04,Delivered
4858,334,2024-09-24,North,Mobile App,Credit Card,1472.59,Returned
4859,130,2025-05-26,North,Mobile App,Credit Card,1481.5,Delivered
4860,321,2025-01-07,South,Retail Store,Debit Card,1082.11,Shipped
4861,63,2024-12-06,East,Retail Store,Cash on Delivery,1288.05,Returned
4862,287,2026-01-04,South,Website,Cash on Delivery,735.17,Delivered
4863,47,2025-12-14,North,Mobile App,Credit Card,200.21,Delivered
4864,63,2024-07-14,North,Mobile App,Credit Card,120.36,Delivered
4865,224,2025-01-17,South,Retail Store,UPI,838.51,Delivered
4866,43,2025-10-08,West,Website,UPI,534.82,Delivered
4867,472,2025-11-20,West,Website,Cash on Delivery,943.98,Returned
4868,77,2025-08-08,South,Website,UPI,792.99,Delivered
4869,36,2025-08-28,South,Retail Store,Credit Card,123.55,Returned
4870,451,2025-01-18,North,Website,Credit Card,1144.99,Cancelled
4871,406,2025-03-16,South,Website,Cash on Delivery,79.61,Returned
4872,367,2026-05-03,East,Website,Debit Card,1420.78,Returned
4873,356,2025-01-18,West,Retail Store,Cash on Delivery,1094.79,Cancelled
4874,113,2025-04-09,South,Retail Store,Debit Card,96.11,Cancelled
4875,324,2024-05-26,North,Website,Net Banking,1101.33,Shipped
4876,331,2024-10-25,West,Website,UPI,1438.23,Delivered
4877,75,2025-01-17,South,Mobile App,Debit Card,680.75,Delivered
4878,84,2024-05-31,North,Mobile App,Net Banking,1267.65,Returned
4879,322,2026-01-23,South,Retail Store,Net Banking,278.91,Returned
4880,86,2024-12-09,East,Mobile App,Cash on Delivery,1357.72,Delivered
4881,19,2025-07-04,South,Mobile App,Cash on Delivery,1413.39,Returned
4882,415,2026-01-15,South,Retail Store,Debit Card,897.03,Returned
4883,146,2024-07-19,South,Retail Store,UPI,1143.58,Delivered
4884,379,2024-12-06,East,Website,Cash on Delivery,1378.94,Delivered
4885,229,2026-04-19,West,Website,Debit Card,523.38,Cancelled
4886,323,2026-01-13,East,Retail Store,Cash on Delivery,148.34,Cancelled
4887,102,2024-07-16,North,Mobile App,Debit Card,617.64,Shipped
4888,151,2024-10-14,North,Mobile App,Cash on Delivery,1351.68,Cancelled
4889,150,2026-02-27,East,Mobile App,Net Banking,361.0,Returned
4890,431,2024-06-02,South,Mobile App,Net Banking,1298.38,Delivered
4891,259,2024-07-16,South,Mobile App,Credit Card,1468.08,Shipped
4892,267,2025-03-09,North,Retail Store,Credit Card,411.35,Delivered
4893,329,2024-08-01,West,Mobile App,Credit Card,1326.94,Delivered
4894,358,2024-12-23,West,Retail Store,Cash on Delivery,1467.58,Delivered
4895,5,2025-05-31,South,Mobile App,Net Banking,1270.44,Cancelled
4896,242,2026-02-20,South,Mobile App,UPI,638.9,Delivered
4897,233,2025-03-27,East,Website,Debit Card,941.53,Delivered
4898,163,2024-11-30,South,Mobile App,Debit Card,748.54,Returned
4899,479,2025-09-15,North,Mobile App,Cash on Delivery,141.74,Cancelled
4900,399,2025-05-26,South,Mobile App,UPI,68.04,Delivered
4901,406,2025-07-02,North,Mobile App,UPI,480.3,Delivered
4902,88,2024-11-06,West,Retail Store,Cash on Delivery,172.25,Delivered
4903,217,2025-11-25,West,Mobile App,Debit Card,323.62,Delivered
4904,134,2024-10-31,East,Retail Store,UPI,120.44,Delivered
4905,288,2026-02-13,South,Website,Credit Card,1276.75,Cancelled
4906,197,2026-02-03,East,Mobile App,Net Banking,494.29,Delivered
4907,14,2025-12-22,West,Mobile App,UPI,1381.77,Delivered
4908,380,2026-01-23,South,Mobile App,Cash on Delivery,886.47,Cancelled
4909,9,2025-10-10,East,Website,Net Banking,779.05,Delivered
4910,49,2025-09-13,West,Mobile App,UPI,704.58,Delivered
4911,453,2026-03-02,North,Mobile App,Net Banking,327.35,Shipped
4912,10,2024-12-25,North,Retail Store,Credit Card,1067.95,Shipped
4913,208,2025-05-05,East,Mobile App,UPI,1348.4,Cancelled
4914,335,2025-03-25,South,Retail Store,Net Banking,74.84,Returned
4915,52,2025-06-03,West,Website,UPI,1345.78,Cancelled
4916,158,2024-12-24,South,Retail Store,Cash on Delivery,919.16,Delivered
4917,406,2026-01-02,North,Mobile App,UPI,1313.97,Delivered
4918,480,2024-11-30,North,Website,Debit Card,1033.49,Shipped
4919,325,2026-03-21,South,Retail Store,Cash on Delivery,1461.92,Cancelled
4920,16,2025-11-11,East,Website,Credit Card,1223.77,Shipped
4921,106,2025-07-10,East,Website,Credit Card,691.25,Delivered
4922,378,2024-12-27,North,Retail Store,Cash on Delivery,681.93,Delivered
4923,441,2024-06-02,North,Mobile App,Credit Card,1379.43,Delivered
4924,481,2024-08-12,North,Mobile App,Cash on Delivery,232.56,Shipped
4925,344,2025-01-08,West,Retail Store,UPI,893.79,Delivered
4926,20,2024-08-17,East,Mobile App,UPI,66.36,Shipped
4927,418,2025-02-22,West,Mobile App,Cash on Delivery,1329.86,Delivered
4928,13,2026-05-03,East,Mobile App,Net Banking,268.86,Returned
4929,198,2025-07-14,South,Website,Cash on Delivery,1089.55,Cancelled
4930,308,2025-05-25,West,Website,Cash on Delivery,432.58,Returned
4931,114,2025-04-03,East,Mobile App,Cash on Delivery,354.93,Delivered
4932,158,2025-05-04,West,Website,Credit Card,913.62,Returned
4933,100,2025-04-06,East,Retail Store,Net Banking,1256.35,Delivered
4934,69,2024-10-07,South,Website,UPI,1335.15,Returned
4935,294,2025-08-07,West,Mobile App,UPI,807.18,Returned
4936,428,2025-06-17,South,Website,Net Banking,1073.87,Cancelled
4937,397,2025-07-17,West,Retail Store,UPI,132.68,Cancelled
4938,481,2026-04-06,North,Website,UPI,1007.41,Shipped
4939,133,2026-04-21,North,Retail Store,UPI,678.52,Shipped
4940,468,2024-08-23,South,Mobile App,Credit Card,329.82,Cancelled
4941,253,2025-10-04,South,Mobile App,Cash on Delivery,512.95,Returned
4942,60,2025-05-01,East,Retail Store,UPI,896.98,Returned
4943,435,2024-10-15,North,Website,UPI,80.23,Shipped
4944,265,2024-12-14,West,Website,Debit Card,228.08,Shipped
4945,98,2026-03-15,East,Website,Debit Card,887.96,Delivered
4946,85,2025-09-28,East,Mobile App,Cash on Delivery,827.05,Delivered
4947,84,2025-06-01,North,Website,Credit Card,1433.78,Cancelled
4948,236,2024-07-07,North,Website,Cash on Delivery,78.02,Cancelled
4949,5,2025-11-17,South,Website,Credit Card,588.65,Delivered
4950,413,2025-04-23,West,Website,Cash on Delivery,822.53,Delivered
4951,15,2025-05-27,West,Retail Store,Debit Card,410.55,Returned
4952,166,2025-09-28,West,Retail Store,Cash on Delivery,1337.95,Delivered
4953,65,2026-05-10,East,Website,Cash on Delivery,552.93,Shipped
4954,360,2024-12-17,West,Retail Store,Cash on Delivery,1106.17,Cancelled
4955,179,2024-10-17,North,Mobile App,Debit Card,1479.91,Returned
4956,475,2024-09-20,North,Retail Store,UPI,1210.14,Delivered
4957,297,2025-04-19,West,Retail Store,Cash on Delivery,81.09,Cancelled
4958,489,2026-04-04,South,Mobile App,Net Banking,1458.31,Delivered
4959,498,2024-09-01,North,Retail Store,Cash on Delivery,1077.34,Delivered
4960,205,2026-05-06,East,Retail Store,UPI,1096.03,Delivered
4961,62,2024-08-03,North,Website,Credit Card,1274.8,Delivered
4962,292,2024-10-02,West,Website,Debit Card,1480.26,Delivered
4963,132,2024-10-26,West,Mobile App,Debit Card,906.85,Shipped
4964,76,2025-11-15,North,Website,Debit Card,1245.03,Returned
4965,354,2025-02-02,West,Website,Debit Card,389.63,Delivered
4966,477,2025-08-19,East,Website,UPI,278.76,Cancelled
4967,116,2024-10-16,South,Retail Store,Debit Card,703.16,Returned
4968,54,2025-01-24,East,Mobile App,UPI,472.82,Delivered
4969,422,2026-02-11,North,Website,Debit Card,1499.49,Delivered
4970,476,2026-01-03,North,Retail Store,Debit Card,461.82,Cancelled
4971,178,2025-07-03,North,Website,Credit Card,1025.36,Shipped
4972,277,2025-12-04,West,Mobile App,Debit Card,748.04,Delivered
4973,228,2024-12-23,East,Retail Store,Debit Card,198.21,Delivered
4974,349,2026-03-05,North,Mobile App,Net Banking,638.95,Delivered
4975,462,2026-04-18,North,Mobile App,Debit Card,992.59,Delivered
4976,481,2026-03-02,North,Retail Store,UPI,208.06,Delivered
4977,24,2026-02-22,West,Website,Net Banking,443.62,Shipped
4978,435,2024-06-02,East,Retail Store,Debit Card,1387.36,Returned
4979,95,2025-02-05,West,Mobile App,Debit Card,992.6,Cancelled
4980,349,2025-06-11,West,Website,Credit Card,1190.51,Delivered
4981,425,2026-02-09,East,Website,Net Banking,233.27,Delivered
4982,50,2025-04-08,South,Retail Store,Credit Card,1011.24,Delivered
4983,294,2026-05-05,North,Retail Store,Net Banking,837.87,Delivered
4984,384,2025-04-26,North,Mobile App,Credit Card,605.53,Delivered
4985,236,2025-11-15,North,Mobile App,Debit Card,618.87,Shipped
4986,236,2025-12-26,East,Mobile App,Cash on Delivery,1104.11,Returned
4987,478,2024-12-07,West,Website,UPI,535.62,Delivered
4988,54,2025-05-27,West,Website,Credit Card,1484.52,Shipped
4989,216,2025-03-18,North,Retail Store,Net Banking,467.52,Delivered
4990,449,2024-11-15,West,Website,Cash on Delivery,429.28,Delivered
4991,162,2026-01-29,East,Mobile App,UPI,1063.85,Delivered
4992,251,2024-09-15,West,Retail Store,UPI,605.69,Shipped
4993,266,2024-06-25,West,Website,UPI,729.79,Cancelled
4994,336,2025-07-30,South,Website,Debit Card,1044.26,Delivered
4995,166,2026-04-06,West,Mobile App,Cash on Delivery,901.59,Cancelled
4996,290,2025-08-08,North,Website,UPI,1415.57,Shipped
4997,338,2024-08-09,East,Retail Store,UPI,526.04,Delivered
4998,167,2025-01-31,East,Website,Cash on Delivery,370.5,Delivered
4999,403,2025-09-01,South,Website,Cash on Delivery,674.61,Delivered
5000,40,2025-09-15,East,Retail Store,Cash on Delivery,371.93,Returned
