order_item_id,order_id,product_id,quantity,unit_price,discount_percent,total_price
1,1,102,2,8740.33,15,14858.56
2,1,3,2,110255.0,10,198459.0
3,1,12,3,69880.47,15,178195.2
4,1,38,3,80899.08,15,206292.65
5,2,16,2,46530.85,10,83755.53
6,2,93,1,93446.13,20,74756.9
7,3,98,2,12677.21,10,22818.98
8,3,68,2,36184.21,10,65131.58
9,3,77,2,67944.84,10,122300.71
10,3,37,1,11659.77,20,9327.82
11,3,13,2,13454.1,10,24217.38
12,4,112,1,33831.93,20,27065.54
13,5,111,1,39015.4,15,33163.09
14,5,62,4,84917.09,0,339668.36
15,5,15,1,72941.96,5,69294.86
16,6,77,4,67944.84,15,231012.46
17,6,102,4,8740.33,10,31465.19
18,6,80,4,39618.64,10,142627.1
19,6,29,1,74054.03,20,59243.22
20,6,100,1,95649.15,5,90866.69
21,7,10,4,40072.41,10,144260.68
22,7,21,1,52040.04,5,49438.04
23,7,1,3,46213.74,10,124777.1
24,7,53,4,51495.52,0,205982.08
25,7,58,2,53064.77,10,95516.59
26,8,117,2,41170.49,0,82340.98
27,8,35,1,79232.66,5,75271.03
28,9,35,4,79232.66,0,316930.64
29,9,65,1,47042.48,15,39986.11
30,9,70,3,96084.25,20,230602.2
31,9,64,3,50185.02,0,150555.06
32,10,67,3,45955.53,5,130973.26
33,10,84,4,2816.3,15,9575.42
34,10,57,1,58409.34,15,49647.94
35,10,118,3,84291.46,15,214943.22
36,11,85,1,119988.99,15,101990.64
37,11,52,1,73711.95,10,66340.76
38,11,105,3,76452.42,10,206421.53
39,12,67,4,45955.53,15,156248.8
40,12,47,1,56013.71,5,53213.02
41,13,4,2,98554.1,5,187252.79
42,14,16,4,46530.85,10,167511.06
43,14,83,3,30646.45,15,78148.45
44,14,107,4,88188.54,15,299841.04
45,14,20,2,88576.0,15,150579.2
46,15,36,4,79830.53,10,287389.91
47,16,85,4,119988.99,10,431960.36
48,16,63,3,49208.12,20,118099.49
49,16,111,4,39015.4,15,132652.36
50,16,20,3,88576.0,5,252441.6
51,16,58,2,53064.77,20,84903.63
52,17,50,2,118553.15,15,201540.35
53,17,85,1,119988.99,5,113989.54
54,17,102,3,8740.33,0,26220.99
55,17,106,4,85023.38,0,340093.52
56,18,10,3,40072.41,10,108195.51
57,18,61,4,18524.26,0,74097.04
58,19,9,3,81702.42,5,232851.9
59,19,31,1,34786.19,15,29568.26
60,19,81,1,40831.32,0,40831.32
61,19,88,4,24323.6,5,92429.68
62,19,118,3,84291.46,0,252874.38
63,20,68,2,36184.21,5,68750.0
64,20,53,2,51495.52,0,102991.04
65,21,59,1,28521.98,15,24243.68
66,21,33,3,53293.43,20,127904.23
67,21,86,2,78192.22,0,156384.44
68,22,26,4,83816.41,0,335265.64
69,22,50,2,118553.15,15,201540.35
70,22,110,3,99175.28,20,238020.67
71,23,117,4,41170.49,10,148213.76
72,24,81,1,40831.32,10,36748.19
73,24,13,4,13454.1,0,53816.4
74,25,26,3,83816.41,20,201159.38
75,25,17,3,30939.34,5,88177.12
76,26,19,2,64845.01,15,110236.52
77,27,59,3,28521.98,10,77009.35
78,28,42,1,23735.01,15,20174.76
79,28,118,3,84291.46,15,214943.22
80,28,79,1,22216.62,5,21105.79
81,28,29,1,74054.03,0,74054.03
82,28,83,3,30646.45,15,78148.45
83,29,54,4,53786.68,0,215146.72
84,29,76,4,3722.49,20,11911.97
85,29,96,4,47900.21,10,172440.76
86,29,94,1,13417.8,10,12076.02
87,29,20,2,88576.0,15,150579.2
88,30,8,2,42461.96,0,84923.92
89,30,51,4,114029.73,0,456118.92
90,30,36,2,79830.53,20,127728.85
91,31,9,2,81702.42,20,130723.87
92,31,107,2,88188.54,5,167558.23
93,32,103,1,2011.93,5,1911.33
94,32,23,1,79774.8,10,71797.32
95,32,15,2,72941.96,20,116707.14
96,33,15,3,72941.96,20,175060.7
97,33,96,1,47900.21,15,40715.18
98,33,9,2,81702.42,20,130723.87
99,33,61,1,18524.26,20,14819.41
100,33,58,3,53064.77,15,135315.16
101,34,92,1,20550.8,10,18495.72
102,34,117,2,41170.49,0,82340.98
103,34,57,2,58409.34,10,105136.81
104,34,10,3,40072.41,15,102184.65
105,35,110,2,99175.28,15,168597.98
106,36,41,4,54922.23,10,197720.03
107,37,56,1,100863.62,10,90777.26
108,38,53,3,51495.52,15,131313.58
109,39,28,1,81439.49,10,73295.54
110,39,20,3,88576.0,0,265728.0
111,39,85,3,119988.99,20,287973.58
112,39,62,2,84917.09,15,144359.05
113,39,29,1,74054.03,20,59243.22
114,40,45,2,93521.24,20,149633.98
115,40,1,4,46213.74,0,184854.96
116,40,24,2,108055.6,0,216111.2
117,41,40,1,118080.35,0,118080.35
118,41,93,2,93446.13,5,177547.65
119,41,42,1,23735.01,0,23735.01
120,42,97,1,9581.58,10,8623.42
121,42,66,4,113554.41,0,454217.64
122,43,8,2,42461.96,10,76431.53
123,43,1,3,46213.74,10,124777.1
124,43,27,1,23424.89,0,23424.89
125,43,39,4,18108.8,15,61569.92
126,43,28,2,81439.49,5,154735.03
127,44,51,1,114029.73,15,96925.27
128,45,38,3,80899.08,5,230562.38
129,45,15,4,72941.96,10,262591.06
130,45,52,1,73711.95,15,62655.16
131,45,3,1,110255.0,5,104742.25
132,46,29,2,74054.03,0,148108.06
133,46,43,1,59578.07,20,47662.46
134,46,100,2,95649.15,10,172168.47
135,47,78,1,77308.58,5,73443.15
136,47,20,4,88576.0,15,301158.4
137,48,111,2,39015.4,15,66326.18
138,48,81,1,40831.32,15,34706.62
139,48,41,4,54922.23,10,197720.03
140,49,5,3,27139.36,0,81418.08
141,49,8,1,42461.96,20,33969.57
142,49,48,4,110137.67,15,374468.08
143,49,107,1,88188.54,15,74960.26
144,50,58,1,53064.77,10,47758.29
145,51,67,3,45955.53,15,117186.6
146,51,79,4,22216.62,10,79979.83
147,51,21,1,52040.04,10,46836.04
148,51,47,1,56013.71,10,50412.34
149,51,48,1,110137.67,20,88110.14
150,52,75,2,110385.22,10,198693.4
151,53,72,3,58534.22,5,166822.53
152,53,49,1,16434.02,15,13968.92
153,53,83,3,30646.45,0,91939.35
154,54,29,2,74054.03,0,148108.06
155,54,18,3,702.11,0,2106.33
156,55,77,2,67944.84,5,129095.2
157,55,49,2,16434.02,20,26294.43
158,56,57,3,58409.34,15,148943.82
159,56,79,2,22216.62,20,35546.59
160,57,60,4,107216.71,20,343093.47
161,57,99,4,102110.04,5,388018.15
162,57,37,2,11659.77,20,18655.63
163,57,100,2,95649.15,10,172168.47
164,58,109,2,93069.65,10,167525.37
165,58,16,4,46530.85,20,148898.72
166,58,37,2,11659.77,15,19821.61
167,58,11,1,105306.09,5,100040.79
168,58,98,4,12677.21,10,45637.96
169,59,11,3,105306.09,0,315918.27
170,59,48,3,110137.67,5,313892.36
171,59,29,2,74054.03,0,148108.06
172,59,4,3,98554.1,15,251312.96
173,60,33,2,53293.43,5,101257.52
174,61,31,4,34786.19,20,111315.81
175,62,74,4,87039.67,0,348158.68
176,62,31,3,34786.19,5,99140.64
177,62,92,4,20550.8,5,78093.04
178,62,19,1,64845.01,20,51876.01
179,62,38,3,80899.08,0,242697.24
180,63,33,3,53293.43,0,159880.29
181,63,96,3,47900.21,5,136515.6
182,63,3,1,110255.0,20,88204.0
183,64,107,4,88188.54,15,299841.04
184,64,100,2,95649.15,5,181733.38
185,65,41,3,54922.23,20,131813.35
186,66,46,1,96591.13,10,86932.02
187,66,111,3,39015.4,0,117046.2
188,66,100,3,95649.15,15,243905.33
189,67,48,3,110137.67,0,330413.01
190,67,119,4,1713.06,0,6852.24
191,67,103,4,2011.93,20,6438.18
192,67,67,2,45955.53,20,73528.85
193,68,78,4,77308.58,10,278310.89
194,68,92,4,20550.8,0,82203.2
195,68,55,3,54283.34,20,130280.02
196,68,22,4,110532.12,10,397915.63
197,69,4,4,98554.1,0,394216.4
198,69,19,2,64845.01,0,129690.02
199,70,20,1,88576.0,20,70860.8
200,70,87,2,90630.87,20,145009.39
201,70,58,3,53064.77,15,135315.16
202,70,48,3,110137.67,10,297371.71
203,70,57,2,58409.34,0,116818.68
204,71,100,4,95649.15,5,363466.77
205,71,34,3,61585.29,15,157042.49
206,71,91,2,56071.56,0,112143.12
207,72,86,1,78192.22,20,62553.78
208,72,45,3,93521.24,10,252507.35
209,72,91,2,56071.56,5,106535.96
210,73,4,3,98554.1,15,251312.96
211,73,47,2,56013.71,20,89621.94
212,73,71,1,58843.42,0,58843.42
213,73,74,3,87039.67,15,221951.16
214,74,58,4,53064.77,20,169807.26
215,75,67,2,45955.53,10,82719.95
216,76,109,2,93069.65,20,148911.44
217,76,11,3,105306.09,5,300122.36
218,76,33,3,53293.43,20,127904.23
219,77,93,1,93446.13,0,93446.13
220,77,116,1,58762.22,0,58762.22
221,77,78,3,77308.58,5,220329.45
222,77,44,4,78898.93,20,252476.58
223,77,108,1,74101.53,15,62986.3
224,78,39,1,18108.8,5,17203.36
225,78,59,4,28521.98,15,96974.73
226,78,10,4,40072.41,15,136246.19
227,78,89,2,18709.69,10,33677.44
228,79,17,1,30939.34,10,27845.41
229,79,98,2,12677.21,15,21551.26
230,79,48,1,110137.67,10,99123.9
231,79,66,4,113554.41,5,431506.76
232,80,111,2,39015.4,10,70227.72
233,80,116,3,58762.22,5,167472.33
234,81,3,4,110255.0,5,418969.0
235,81,12,2,69880.47,20,111808.75
236,81,51,3,114029.73,0,342089.19
237,81,65,1,47042.48,10,42338.23
238,82,18,3,702.11,15,1790.38
239,82,113,3,90181.92,0,270545.76
240,82,34,4,61585.29,0,246341.16
241,82,94,2,13417.8,10,24152.04
242,83,106,1,85023.38,5,80772.21
243,83,80,1,39618.64,15,33675.84
244,83,88,3,24323.6,10,65673.72
245,84,6,1,48116.68,5,45710.85
246,85,42,3,23735.01,5,67644.78
247,85,120,4,10730.75,20,34338.4
248,86,39,3,18108.8,0,54326.4
249,86,61,4,18524.26,20,59277.63
250,86,105,3,76452.42,0,229357.26
251,86,3,4,110255.0,10,396918.0
252,86,48,2,110137.67,0,220275.34
253,87,106,2,85023.38,0,170046.76
254,87,88,1,24323.6,5,23107.42
255,88,65,4,47042.48,0,188169.92
256,88,100,2,95649.15,20,153038.64
257,88,79,2,22216.62,20,35546.59
258,88,118,3,84291.46,15,214943.22
259,89,46,3,96591.13,20,231818.71
260,89,87,4,90630.87,5,344397.31
261,89,99,2,102110.04,10,183798.07
262,89,112,3,33831.93,5,96421.0
263,89,93,3,93446.13,10,252304.55
264,90,37,4,11659.77,15,39643.22
265,90,16,3,46530.85,5,132612.92
266,90,74,3,87039.67,0,261119.01
267,91,106,3,85023.38,20,204056.11
268,91,69,3,64817.36,5,184729.48
269,92,82,1,33751.67,0,33751.67
270,92,30,4,65978.5,10,237522.6
271,93,53,4,51495.52,15,175084.77
272,93,84,2,2816.3,10,5069.34
273,94,117,2,41170.49,15,69989.83
274,95,113,3,90181.92,20,216436.61
275,95,5,1,27139.36,10,24425.42
276,95,2,3,56747.46,15,144706.02
277,96,43,2,59578.07,15,101282.72
278,97,23,4,79774.8,15,271234.32
279,97,79,3,22216.62,0,66649.86
280,98,34,4,61585.29,5,234024.1
281,99,84,2,2816.3,0,5632.6
282,99,47,1,56013.71,15,47611.65
283,99,89,3,18709.69,5,53322.62
284,100,79,4,22216.62,5,84423.16
285,100,29,4,74054.03,20,236972.9
286,100,18,3,702.11,15,1790.38
287,101,112,3,33831.93,0,101495.79
288,101,101,1,41990.85,0,41990.85
289,101,11,2,105306.09,20,168489.74
290,101,68,2,36184.21,5,68750.0
291,101,58,3,53064.77,20,127355.45
292,102,104,4,13111.9,15,44580.46
293,102,8,1,42461.96,20,33969.57
294,102,59,4,28521.98,10,102679.13
295,102,17,1,30939.34,15,26298.44
296,103,70,1,96084.25,0,96084.25
297,104,48,4,110137.67,15,374468.08
298,104,115,1,59569.63,20,47655.7
299,104,49,2,16434.02,10,29581.24
300,104,58,1,53064.77,5,50411.53
301,105,60,4,107216.71,20,343093.47
302,105,87,4,90630.87,5,344397.31
303,105,93,2,93446.13,15,158858.42
304,106,79,1,22216.62,5,21105.79
305,106,99,2,102110.04,0,204220.08
306,106,120,1,10730.75,20,8584.6
307,106,114,1,80348.52,15,68296.24
308,107,28,2,81439.49,20,130303.18
309,107,97,3,9581.58,5,27307.5
310,107,111,3,39015.4,20,93636.96
311,107,100,3,95649.15,5,272600.08
312,107,8,3,42461.96,5,121016.59
313,108,113,4,90181.92,20,288582.14
314,108,95,4,69307.71,0,277230.84
315,108,117,3,41170.49,15,104984.75
316,108,23,3,79774.8,15,203425.74
317,108,81,4,40831.32,5,155159.02
318,109,110,4,99175.28,0,396701.12
319,109,91,4,56071.56,15,190643.3
320,109,19,2,64845.01,15,110236.52
321,110,69,2,64817.36,0,129634.72
322,111,28,3,81439.49,10,219886.62
323,111,62,1,84917.09,5,80671.24
324,111,27,2,23424.89,0,46849.78
325,111,112,4,33831.93,5,128561.33
326,111,117,2,41170.49,15,69989.83
327,112,40,4,118080.35,15,401473.19
328,112,34,1,61585.29,15,52347.5
329,112,47,3,56013.71,5,159639.07
330,113,3,4,110255.0,10,396918.0
331,113,34,2,61585.29,5,117012.05
332,114,33,4,53293.43,15,181197.66
333,114,98,4,12677.21,5,48173.4
334,114,106,3,85023.38,5,242316.63
335,115,5,1,27139.36,0,27139.36
336,115,108,4,74101.53,5,281585.81
337,115,109,2,93069.65,0,186139.3
338,115,10,2,40072.41,0,80144.82
339,115,105,2,76452.42,20,122323.87
340,116,3,4,110255.0,0,441020.0
341,116,1,1,46213.74,20,36970.99
342,116,69,3,64817.36,20,155561.66
343,116,71,3,58843.42,0,176530.26
344,117,31,3,34786.19,10,93922.71
345,117,25,3,80193.7,15,204493.93
346,118,39,1,18108.8,0,18108.8
347,118,88,1,24323.6,15,20675.06
348,119,109,3,93069.65,20,223367.16
349,119,56,1,100863.62,20,80690.9
350,119,83,1,30646.45,5,29114.13
351,119,101,2,41990.85,20,67185.36
352,120,23,3,79774.8,0,239324.4
353,121,73,4,80430.4,20,257377.28
354,121,31,3,34786.19,15,88704.78
355,122,108,3,74101.53,20,177843.67
356,122,10,4,40072.41,10,144260.68
357,123,56,4,100863.62,0,403454.48
358,123,24,3,108055.6,5,307958.46
359,123,88,1,24323.6,0,24323.6
360,123,75,3,110385.22,5,314597.88
361,124,1,3,46213.74,15,117845.04
362,125,72,1,58534.22,10,52680.8
363,125,66,1,113554.41,20,90843.53
364,125,53,3,51495.52,15,131313.58
365,125,14,1,87561.13,10,78805.02
366,125,4,4,98554.1,15,335083.94
367,126,18,3,702.11,10,1895.7
368,126,35,4,79232.66,5,301084.11
369,127,33,4,53293.43,20,170538.98
370,127,32,2,72996.06,15,124093.3
371,127,93,1,93446.13,5,88773.82
372,128,43,2,59578.07,10,107240.53
373,128,56,3,100863.62,20,242072.69
374,128,105,2,76452.42,15,129969.11
375,128,106,3,85023.38,5,242316.63
376,129,49,4,16434.02,10,59162.47
377,129,36,1,79830.53,20,63864.42
378,129,105,2,76452.42,20,122323.87
379,130,103,1,2011.93,15,1710.14
380,130,38,4,80899.08,5,307416.5
381,130,107,3,88188.54,5,251337.34
382,130,89,3,18709.69,5,53322.62
383,131,52,4,73711.95,20,235878.24
384,131,69,1,64817.36,10,58335.62
385,131,65,1,47042.48,0,47042.48
386,131,119,2,1713.06,10,3083.51
387,131,118,2,84291.46,20,134866.34
388,132,29,2,74054.03,15,125891.85
389,132,66,3,113554.41,15,289563.75
390,132,96,4,47900.21,20,153280.67
391,133,118,2,84291.46,10,151724.63
392,133,11,3,105306.09,10,284326.44
393,133,15,4,72941.96,5,277179.45
394,133,107,4,88188.54,10,317478.74
395,134,104,1,13111.9,0,13111.9
396,135,67,2,45955.53,10,82719.95
397,135,23,4,79774.8,15,271234.32
398,136,114,4,80348.52,0,321394.08
399,136,26,2,83816.41,5,159251.18
400,136,58,3,53064.77,0,159194.31
401,136,76,1,3722.49,20,2977.99
402,136,55,2,54283.34,10,97710.01
403,137,82,4,33751.67,20,108005.34
404,137,41,1,54922.23,10,49430.01
405,137,77,3,67944.84,15,173259.34
406,137,50,2,118553.15,10,213395.67
407,137,79,1,22216.62,5,21105.79
408,138,66,4,113554.41,20,363374.11
409,138,50,2,118553.15,20,189685.04
410,139,72,4,58534.22,10,210723.19
411,139,22,2,110532.12,5,210011.03
412,140,72,4,58534.22,15,199016.35
413,140,65,4,47042.48,15,159944.43
414,140,84,4,2816.3,5,10701.94
415,140,64,1,50185.02,20,40148.02
416,141,100,4,95649.15,20,306077.28
417,141,59,1,28521.98,20,22817.58
418,142,28,2,81439.49,10,146591.08
419,142,55,1,54283.34,15,46140.84
420,142,14,3,87561.13,10,236415.05
421,142,95,1,69307.71,15,58911.55
422,142,107,1,88188.54,5,83779.11
423,143,18,1,702.11,20,561.69
424,143,101,3,41990.85,20,100778.04
425,143,27,3,23424.89,20,56219.74
426,143,105,2,76452.42,10,137614.36
427,143,104,3,13111.9,10,35402.13
428,144,90,2,80500.33,5,152950.63
429,144,111,2,39015.4,10,70227.72
430,145,49,1,16434.02,15,13968.92
431,145,58,3,53064.77,10,143274.88
432,145,10,4,40072.41,15,136246.19
433,145,82,3,33751.67,20,81004.01
434,146,28,3,81439.49,10,219886.62
435,146,55,3,54283.34,10,146565.02
436,146,106,2,85023.38,20,136037.41
437,146,64,4,50185.02,10,180666.07
438,147,16,2,46530.85,15,79102.44
439,148,112,3,33831.93,0,101495.79
440,148,120,3,10730.75,10,28973.03
441,149,55,1,54283.34,0,54283.34
442,149,84,1,2816.3,5,2675.49
443,150,2,3,56747.46,0,170242.38
444,151,14,3,87561.13,10,236415.05
445,152,9,1,81702.42,20,65361.94
446,152,68,2,36184.21,15,61513.16
447,153,115,1,59569.63,5,56591.15
448,154,36,1,79830.53,5,75839.0
449,154,83,3,30646.45,0,91939.35
450,155,38,2,80899.08,15,137528.44
451,155,83,4,30646.45,0,122585.8
452,155,7,2,8795.78,15,14952.83
453,155,101,1,41990.85,20,33592.68
454,156,47,4,56013.71,0,224054.84
455,156,70,1,96084.25,20,76867.4
456,156,88,1,24323.6,0,24323.6
457,156,23,3,79774.8,5,227358.18
458,157,55,2,54283.34,10,97710.01
459,157,90,1,80500.33,10,72450.3
460,157,52,1,73711.95,20,58969.56
461,157,11,2,105306.09,5,200081.57
462,158,8,1,42461.96,15,36092.67
463,158,32,1,72996.06,15,62046.65
464,159,90,2,80500.33,15,136850.56
465,159,2,3,56747.46,20,136193.9
466,160,99,1,102110.04,10,91899.04
467,161,64,4,50185.02,20,160592.06
468,162,115,1,59569.63,5,56591.15
469,163,50,2,118553.15,0,237106.3
470,163,118,4,84291.46,5,320307.55
471,163,20,3,88576.0,5,252441.6
472,164,23,2,79774.8,20,127639.68
473,165,12,1,69880.47,10,62892.42
474,165,71,2,58843.42,10,105918.16
475,165,59,3,28521.98,20,68452.75
476,166,98,4,12677.21,0,50708.84
477,166,102,2,8740.33,20,13984.53
478,166,32,3,72996.06,0,218988.18
479,166,20,3,88576.0,0,265728.0
480,166,1,4,46213.74,10,166369.46
481,167,12,2,69880.47,20,111808.75
482,167,6,4,48116.68,10,173220.05
483,167,118,4,84291.46,0,337165.84
484,168,56,2,100863.62,5,191640.88
485,169,10,2,40072.41,20,64115.86
486,169,26,1,83816.41,5,79625.59
487,170,99,3,102110.04,15,260380.6
488,170,27,3,23424.89,0,70274.67
489,170,58,1,53064.77,5,50411.53
490,171,12,2,69880.47,10,125784.85
491,171,92,4,20550.8,20,65762.56
492,172,72,1,58534.22,15,49754.09
493,172,96,1,47900.21,5,45505.2
494,172,71,1,58843.42,0,58843.42
495,172,32,1,72996.06,5,69346.26
496,173,3,1,110255.0,5,104742.25
497,174,6,4,48116.68,0,192466.72
498,175,23,2,79774.8,10,143594.64
499,175,46,3,96591.13,15,246307.38
500,175,28,2,81439.49,0,162878.98
501,175,117,2,41170.49,10,74106.88
502,176,26,2,83816.41,20,134106.26
503,176,83,1,30646.45,15,26049.48
504,176,114,3,80348.52,15,204888.73
505,176,103,4,2011.93,10,7242.95
506,177,29,3,74054.03,0,222162.09
507,177,4,4,98554.1,20,315373.12
508,177,115,3,59569.63,20,142967.11
509,177,104,2,13111.9,5,24912.61
510,177,100,1,95649.15,5,90866.69
511,178,109,2,93069.65,5,176832.33
512,178,103,2,2011.93,20,3219.09
513,178,50,3,118553.15,10,320093.5
514,178,46,1,96591.13,10,86932.02
515,178,120,2,10730.75,20,17169.2
516,179,8,2,42461.96,20,67939.14
517,180,44,2,78898.93,10,142018.07
518,180,92,1,20550.8,0,20550.8
519,181,91,1,56071.56,10,50464.4
520,181,85,3,119988.99,10,323970.27
521,181,51,2,114029.73,5,216656.49
522,182,101,2,41990.85,15,71384.44
523,182,46,3,96591.13,10,260796.05
524,182,29,2,74054.03,5,140702.66
525,182,86,1,78192.22,20,62553.78
526,182,76,4,3722.49,20,11911.97
527,183,19,2,64845.01,10,116721.02
528,183,43,3,59578.07,5,169797.5
529,183,96,1,47900.21,10,43110.19
530,183,10,4,40072.41,0,160289.64
531,184,7,4,8795.78,15,29905.65
532,185,49,2,16434.02,5,31224.64
533,185,13,4,13454.1,0,53816.4
534,185,107,1,88188.54,10,79369.69
535,185,62,1,84917.09,10,76425.38
536,185,101,3,41990.85,0,125972.55
537,186,44,4,78898.93,0,315595.72
538,187,27,3,23424.89,10,63247.2
539,187,25,3,80193.7,5,228552.04
540,187,53,1,51495.52,0,51495.52
541,188,38,4,80899.08,5,307416.5
542,189,40,4,118080.35,15,401473.19
543,190,48,3,110137.67,15,280851.06
544,190,24,4,108055.6,10,389000.16
545,190,58,2,53064.77,10,95516.59
546,190,6,1,48116.68,5,45710.85
547,191,30,4,65978.5,20,211131.2
548,191,71,4,58843.42,20,188298.94
549,191,8,2,42461.96,15,72185.33
550,191,108,3,74101.53,0,222304.59
551,191,50,4,118553.15,0,474212.6
552,192,104,2,13111.9,0,26223.8
553,192,25,4,80193.7,0,320774.8
554,193,117,1,41170.49,0,41170.49
555,193,94,4,13417.8,20,42936.96
556,193,118,4,84291.46,20,269732.67
557,194,54,2,53786.68,5,102194.69
558,195,113,4,90181.92,20,288582.14
559,195,45,4,93521.24,0,374084.96
560,195,53,2,51495.52,10,92691.94
561,195,34,4,61585.29,5,234024.1
562,195,50,4,118553.15,0,474212.6
563,196,44,3,78898.93,10,213027.11
564,197,100,4,95649.15,20,306077.28
565,197,106,1,85023.38,5,80772.21
566,197,42,4,23735.01,5,90193.04
567,197,35,4,79232.66,15,269391.04
568,198,91,2,56071.56,20,89714.5
569,198,65,1,47042.48,5,44690.36
570,198,52,2,73711.95,5,140052.7
571,199,36,4,79830.53,20,255457.7
572,199,48,4,110137.67,0,440550.68
573,200,76,3,3722.49,0,11167.47
574,200,71,3,58843.42,0,176530.26
575,200,45,4,93521.24,0,374084.96
576,200,21,2,52040.04,20,83264.06
577,201,66,1,113554.41,15,96521.25
578,201,3,2,110255.0,5,209484.5
579,201,111,1,39015.4,5,37064.63
580,201,100,3,95649.15,20,229557.96
581,202,28,4,81439.49,20,260606.37
582,202,60,1,107216.71,0,107216.71
583,202,39,3,18108.8,20,43461.12
584,203,82,3,33751.67,10,91129.51
585,203,42,3,23735.01,5,67644.78
586,203,111,2,39015.4,20,62424.64
587,204,93,4,93446.13,10,336406.07
588,204,4,3,98554.1,15,251312.96
589,205,88,4,24323.6,10,87564.96
590,205,69,3,64817.36,5,184729.48
591,206,93,2,93446.13,10,168203.03
592,206,104,1,13111.9,5,12456.3
593,206,72,3,58534.22,5,166822.53
594,207,109,1,93069.65,15,79109.2
595,207,16,2,46530.85,20,74449.36
596,207,61,1,18524.26,15,15745.62
597,207,7,3,8795.78,15,22429.24
598,208,19,2,64845.01,0,129690.02
599,208,41,4,54922.23,10,197720.03
600,208,111,2,39015.4,10,70227.72
601,208,92,1,20550.8,0,20550.8
602,209,17,4,30939.34,15,105193.76
603,210,2,2,56747.46,0,113494.92
604,210,115,1,59569.63,5,56591.15
605,210,42,2,23735.01,10,42723.02
606,211,106,1,85023.38,10,76521.04
607,212,114,4,80348.52,10,289254.67
608,212,88,2,24323.6,5,46214.84
609,212,18,4,702.11,0,2808.44
610,212,44,2,78898.93,5,149907.97
611,213,47,1,56013.71,15,47611.65
612,214,84,1,2816.3,0,2816.3
613,215,90,1,80500.33,10,72450.3
614,215,20,4,88576.0,0,354304.0
615,215,27,3,23424.89,20,56219.74
616,215,89,2,18709.69,15,31806.47
617,216,78,3,77308.58,20,185540.59
618,216,26,2,83816.41,10,150869.54
619,217,43,1,59578.07,0,59578.07
620,217,31,4,34786.19,5,132187.52
621,217,1,1,46213.74,20,36970.99
622,217,2,1,56747.46,0,56747.46
623,218,105,2,76452.42,0,152904.84
624,219,109,1,93069.65,0,93069.65
625,220,113,3,90181.92,10,243491.18
626,220,94,2,13417.8,0,26835.6
627,220,12,4,69880.47,15,237593.6
628,221,15,1,72941.96,5,69294.86
629,221,17,1,30939.34,15,26298.44
630,222,79,2,22216.62,15,37768.25
631,222,4,4,98554.1,0,394216.4
632,222,111,4,39015.4,15,132652.36
633,223,99,2,102110.04,10,183798.07
634,223,96,1,47900.21,15,40715.18
635,223,74,2,87039.67,15,147967.44
636,223,93,3,93446.13,15,238287.63
637,223,73,2,80430.4,20,128688.64
638,224,112,4,33831.93,10,121794.95
639,224,22,2,110532.12,10,198957.82
640,224,10,3,40072.41,0,120217.23
641,224,97,2,9581.58,20,15330.53
642,225,12,3,69880.47,0,209641.41
643,225,110,4,99175.28,0,396701.12
644,225,64,1,50185.02,15,42657.27
645,225,58,4,53064.77,0,212259.08
646,226,114,2,80348.52,15,136592.48
647,226,66,3,113554.41,10,306596.91
648,226,72,1,58534.22,5,55607.51
649,227,92,1,20550.8,5,19523.26
650,227,58,1,53064.77,10,47758.29
651,227,15,3,72941.96,10,196943.29
652,228,18,4,702.11,0,2808.44
653,228,106,3,85023.38,20,204056.11
654,228,92,2,20550.8,5,39046.52
655,228,96,1,47900.21,15,40715.18
656,229,119,1,1713.06,15,1456.1
657,230,120,2,10730.75,20,17169.2
658,230,56,2,100863.62,5,191640.88
659,230,108,1,74101.53,15,62986.3
660,230,75,3,110385.22,20,264924.53
661,230,62,4,84917.09,15,288718.11
662,231,104,3,13111.9,20,31468.56
663,231,18,3,702.11,20,1685.06
664,231,53,2,51495.52,5,97841.49
665,231,78,2,77308.58,20,123693.73
666,232,65,3,47042.48,0,141127.44
667,232,70,3,96084.25,20,230602.2
668,233,67,1,45955.53,0,45955.53
669,234,88,1,24323.6,10,21891.24
670,234,33,2,53293.43,20,85269.49
671,234,19,1,64845.01,10,58360.51
672,235,50,3,118553.15,0,355659.45
673,235,31,4,34786.19,15,118273.05
674,235,66,4,113554.41,10,408795.88
675,235,101,1,41990.85,0,41990.85
676,235,102,3,8740.33,5,24909.94
677,236,26,4,83816.41,5,318502.36
678,236,100,1,95649.15,5,90866.69
679,236,93,2,93446.13,20,149513.81
680,236,25,1,80193.7,15,68164.64
681,236,38,1,80899.08,15,68764.22
682,237,43,4,59578.07,5,226396.67
683,238,108,3,74101.53,0,222304.59
684,238,85,3,119988.99,20,287973.58
685,238,39,2,18108.8,5,34406.72
686,238,63,1,49208.12,20,39366.5
687,238,102,2,8740.33,15,14858.56
688,239,43,2,59578.07,20,95324.91
689,239,47,4,56013.71,20,179243.87
690,239,38,1,80899.08,0,80899.08
691,240,88,3,24323.6,15,62025.18
692,241,106,4,85023.38,15,289079.49
693,241,99,1,102110.04,10,91899.04
694,241,48,2,110137.67,10,198247.81
695,241,66,1,113554.41,0,113554.41
696,241,103,2,2011.93,20,3219.09
697,242,27,4,23424.89,0,93699.56
698,243,10,1,40072.41,5,38068.79
699,244,58,3,53064.77,0,159194.31
700,244,81,4,40831.32,0,163325.28
701,244,52,1,73711.95,20,58969.56
702,244,56,1,100863.62,20,80690.9
703,245,78,4,77308.58,15,262849.17
704,245,12,4,69880.47,0,279521.88
705,245,37,4,11659.77,5,44307.13
706,246,82,3,33751.67,0,101255.01
707,246,19,2,64845.01,0,129690.02
708,246,39,1,18108.8,0,18108.8
709,247,96,3,47900.21,5,136515.6
710,247,95,4,69307.71,20,221784.67
711,248,24,1,108055.6,20,86444.48
712,249,63,2,49208.12,0,98416.24
713,249,43,3,59578.07,20,142987.37
714,249,46,1,96591.13,5,91761.57
715,249,17,3,30939.34,15,78895.32
716,249,86,4,78192.22,10,281491.99
717,250,104,2,13111.9,0,26223.8
718,250,41,3,54922.23,5,156528.36
719,250,55,2,54283.34,15,92281.68
720,251,46,1,96591.13,5,91761.57
721,251,100,1,95649.15,10,86084.24
722,251,40,2,118080.35,20,188928.56
723,251,63,2,49208.12,10,88574.62
724,252,105,4,76452.42,20,244647.74
725,253,51,3,114029.73,5,324984.73
726,253,29,4,74054.03,20,236972.9
727,253,115,1,59569.63,15,50634.19
728,254,97,2,9581.58,15,16288.69
729,254,66,2,113554.41,5,215753.38
730,255,98,2,12677.21,0,25354.42
731,255,63,3,49208.12,10,132861.92
732,256,6,3,48116.68,0,144350.04
733,257,49,4,16434.02,10,59162.47
734,257,84,1,2816.3,20,2253.04
735,258,102,1,8740.33,20,6992.26
736,258,62,2,84917.09,15,144359.05
737,258,114,2,80348.52,5,152662.19
738,258,78,1,77308.58,20,61846.86
739,259,85,2,119988.99,15,203981.28
740,260,83,4,30646.45,0,122585.8
741,260,107,2,88188.54,0,176377.08
742,261,8,3,42461.96,5,121016.59
743,261,22,4,110532.12,20,353702.78
744,262,78,2,77308.58,5,146886.3
745,262,61,4,18524.26,20,59277.63
746,262,112,2,33831.93,20,54131.09
747,262,62,2,84917.09,20,135867.34
748,263,9,1,81702.42,0,81702.42
749,263,30,2,65978.5,20,105565.6
750,263,49,4,16434.02,5,62449.28
751,263,50,1,118553.15,5,112625.49
752,263,17,4,30939.34,20,99005.89
753,264,106,4,85023.38,20,272074.82
754,264,1,4,46213.74,10,166369.46
755,264,115,1,59569.63,20,47655.7
756,264,100,4,95649.15,5,363466.77
757,264,87,4,90630.87,15,308144.96
758,265,37,4,11659.77,10,41975.17
759,266,84,3,2816.3,15,7181.57
760,266,27,3,23424.89,0,70274.67
761,266,89,2,18709.69,15,31806.47
762,266,103,3,2011.93,10,5432.21
763,267,97,4,9581.58,5,36410.0
764,267,27,3,23424.89,20,56219.74
765,267,53,4,51495.52,10,185383.87
766,267,71,3,58843.42,20,141224.21
767,268,96,2,47900.21,15,81430.36
768,269,79,2,22216.62,15,37768.25
769,269,90,1,80500.33,0,80500.33
770,269,88,2,24323.6,15,41350.12
771,269,91,4,56071.56,0,224286.24
772,269,7,1,8795.78,10,7916.2
773,270,84,1,2816.3,5,2675.49
774,270,67,4,45955.53,15,156248.8
775,270,37,1,11659.77,5,11076.78
776,270,92,3,20550.8,5,58569.78
777,270,77,1,67944.84,20,54355.87
778,271,84,2,2816.3,0,5632.6
779,271,1,3,46213.74,15,117845.04
780,272,118,1,84291.46,20,67433.17
781,273,120,3,10730.75,5,30582.64
782,273,52,4,73711.95,20,235878.24
783,273,74,1,87039.67,20,69631.74
784,273,1,1,46213.74,20,36970.99
785,274,89,4,18709.69,5,71096.82
786,274,57,3,58409.34,15,148943.82
787,274,49,4,16434.02,20,52588.86
788,275,87,2,90630.87,10,163135.57
789,275,90,4,80500.33,10,289801.19
790,276,87,1,90630.87,20,72504.7
791,276,96,2,47900.21,15,81430.36
792,276,106,3,85023.38,10,229563.13
793,276,44,2,78898.93,20,126238.29
794,277,27,2,23424.89,20,37479.82
795,277,30,3,65978.5,5,188038.72
796,277,26,1,83816.41,0,83816.41
797,278,109,4,93069.65,10,335050.74
798,279,51,2,114029.73,0,228059.46
799,279,29,4,74054.03,15,251783.7
800,279,97,1,9581.58,20,7665.26
801,280,89,2,18709.69,15,31806.47
802,280,2,1,56747.46,10,51072.71
803,280,87,3,90630.87,20,217514.09
804,281,44,2,78898.93,15,134128.18
805,281,47,3,56013.71,10,151237.02
806,281,24,4,108055.6,10,389000.16
807,281,64,4,50185.02,5,190703.08
808,281,55,2,54283.34,20,86853.34
809,282,110,2,99175.28,15,168597.98
810,282,49,1,16434.02,5,15612.32
811,282,26,4,83816.41,15,284975.79
812,282,19,2,64845.01,20,103752.02
813,283,51,1,114029.73,5,108328.24
814,284,47,3,56013.71,10,151237.02
815,284,72,1,58534.22,15,49754.09
816,284,120,1,10730.75,10,9657.68
817,285,100,3,95649.15,10,258252.7
818,285,37,4,11659.77,15,39643.22
819,286,82,3,33751.67,15,86066.76
820,286,104,4,13111.9,0,52447.6
821,287,78,3,77308.58,15,197136.88
822,287,83,3,30646.45,20,73551.48
823,287,51,4,114029.73,15,387701.08
824,288,27,2,23424.89,15,39822.31
825,289,98,2,12677.21,0,25354.42
826,289,11,4,105306.09,10,379101.92
827,289,14,2,87561.13,5,166366.15
828,289,34,3,61585.29,15,157042.49
829,289,80,2,39618.64,5,75275.42
830,290,60,3,107216.71,20,257320.1
831,290,112,4,33831.93,5,128561.33
832,290,70,2,96084.25,20,153734.8
833,290,120,4,10730.75,20,34338.4
834,291,40,2,118080.35,10,212544.63
835,291,47,1,56013.71,0,56013.71
836,291,53,2,51495.52,10,92691.94
837,291,34,3,61585.29,15,157042.49
838,292,77,1,67944.84,20,54355.87
839,292,30,3,65978.5,5,188038.72
840,292,102,4,8740.33,20,27969.06
841,293,11,2,105306.09,20,168489.74
842,293,55,3,54283.34,10,146565.02
843,293,81,3,40831.32,15,104119.87
844,294,58,2,53064.77,10,95516.59
845,294,35,1,79232.66,5,75271.03
846,294,90,1,80500.33,20,64400.26
847,294,80,1,39618.64,5,37637.71
848,294,63,1,49208.12,10,44287.31
849,295,64,2,50185.02,10,90333.04
850,296,11,2,105306.09,0,210612.18
851,296,108,3,74101.53,15,188958.9
852,296,97,1,9581.58,20,7665.26
853,297,50,4,118553.15,5,450501.97
854,297,99,1,102110.04,5,97004.54
855,298,21,1,52040.04,20,41632.03
856,298,81,1,40831.32,10,36748.19
857,298,94,4,13417.8,10,48304.08
858,299,42,3,23735.01,20,56964.02
859,299,2,1,56747.46,15,48235.34
860,299,22,2,110532.12,0,221064.24
861,299,102,1,8740.33,20,6992.26
862,300,21,1,52040.04,20,41632.03
863,300,64,3,50185.02,0,150555.06
864,301,30,3,65978.5,15,168245.17
865,301,41,2,54922.23,0,109844.46
866,301,72,4,58534.22,10,210723.19
867,301,101,2,41990.85,10,75583.53
868,302,25,3,80193.7,10,216522.99
869,302,73,4,80430.4,10,289549.44
870,302,24,2,108055.6,0,216111.2
871,302,70,2,96084.25,15,163343.23
872,303,94,3,13417.8,20,32202.72
873,303,24,2,108055.6,10,194500.08
874,303,114,1,80348.52,20,64278.82
875,303,3,4,110255.0,5,418969.0
876,304,83,1,30646.45,0,30646.45
877,304,42,2,23735.01,5,45096.52
878,304,15,1,72941.96,5,69294.86
879,304,13,1,13454.1,15,11435.99
880,305,90,2,80500.33,20,128800.53
881,305,76,1,3722.49,0,3722.49
882,305,33,2,53293.43,15,90598.83
883,305,7,1,8795.78,15,7476.41
884,305,47,1,56013.71,10,50412.34
885,306,6,1,48116.68,5,45710.85
886,306,94,1,13417.8,0,13417.8
887,306,10,2,40072.41,20,64115.86
888,306,107,4,88188.54,5,335116.45
889,306,39,2,18108.8,20,28974.08
890,307,46,4,96591.13,0,386364.52
891,307,87,2,90630.87,5,172198.65
892,307,59,4,28521.98,20,91270.34
893,307,90,3,80500.33,5,229425.94
894,307,86,4,78192.22,10,281491.99
895,308,78,2,77308.58,15,131424.59
896,308,31,3,34786.19,10,93922.71
897,308,73,4,80430.4,15,273463.36
898,309,67,2,45955.53,10,82719.95
899,310,118,2,84291.46,0,168582.92
900,310,71,1,58843.42,15,50016.91
901,310,66,3,113554.41,5,323630.07
902,311,74,4,87039.67,20,278526.94
903,312,106,1,85023.38,20,68018.7
904,312,116,3,58762.22,0,176286.66
905,312,89,4,18709.69,0,74838.76
906,312,90,1,80500.33,10,72450.3
907,313,82,4,33751.67,0,135006.68
908,314,90,4,80500.33,15,273701.12
909,314,29,1,74054.03,5,70351.33
910,314,20,4,88576.0,10,318873.6
911,314,7,4,8795.78,5,33423.96
912,314,87,2,90630.87,10,163135.57
913,315,56,2,100863.62,15,171468.15
914,315,100,2,95649.15,15,162603.55
915,315,90,4,80500.33,20,257601.06
916,315,17,2,30939.34,20,49502.94
917,315,98,2,12677.21,5,24086.7
918,316,55,3,54283.34,10,146565.02
919,316,47,1,56013.71,10,50412.34
920,316,45,2,93521.24,10,168338.23
921,316,25,4,80193.7,20,256619.84
922,317,15,1,72941.96,5,69294.86
923,318,58,3,53064.77,5,151234.59
924,318,61,2,18524.26,5,35196.09
925,318,3,3,110255.0,20,264612.0
926,319,6,2,48116.68,20,76986.69
927,319,33,3,53293.43,0,159880.29
928,319,22,4,110532.12,0,442128.48
929,319,8,1,42461.96,15,36092.67
930,319,37,3,11659.77,10,31481.38
931,320,91,1,56071.56,5,53267.98
932,320,13,2,13454.1,20,21526.56
933,320,116,4,58762.22,20,188039.1
934,320,41,1,54922.23,0,54922.23
935,320,63,2,49208.12,20,78732.99
936,321,46,2,96591.13,20,154545.81
937,321,81,3,40831.32,0,122493.96
938,321,39,3,18108.8,15,46177.44
939,322,12,4,69880.47,20,223617.5
940,322,94,2,13417.8,15,22810.26
941,323,70,2,96084.25,20,153734.8
942,323,17,2,30939.34,5,58784.75
943,323,27,3,23424.89,20,56219.74
944,323,84,2,2816.3,15,4787.71
945,324,24,3,108055.6,5,307958.46
946,325,20,1,88576.0,5,84147.2
947,325,100,2,95649.15,0,191298.3
948,325,25,3,80193.7,20,192464.88
949,326,11,4,105306.09,5,400163.14
950,326,89,4,18709.69,10,67354.88
951,326,100,2,95649.15,15,162603.55
952,327,119,3,1713.06,15,4368.3
953,328,63,2,49208.12,15,83653.8
954,328,89,4,18709.69,0,74838.76
955,328,42,4,23735.01,10,85446.04
956,328,111,4,39015.4,20,124849.28
957,328,59,1,28521.98,20,22817.58
958,329,72,4,58534.22,20,187309.5
959,330,60,3,107216.71,20,257320.1
960,330,22,1,110532.12,20,88425.7
961,330,55,2,54283.34,15,92281.68
962,331,18,1,702.11,5,667.0
963,331,51,4,114029.73,20,364895.14
964,331,53,2,51495.52,15,87542.38
965,331,42,1,23735.01,10,21361.51
966,331,58,3,53064.77,5,151234.59
967,332,91,2,56071.56,15,95321.65
968,332,50,4,118553.15,0,474212.6
969,332,94,2,13417.8,10,24152.04
970,332,102,2,8740.33,5,16606.63
971,332,66,2,113554.41,5,215753.38
972,333,81,2,40831.32,5,77579.51
973,333,24,1,108055.6,20,86444.48
974,333,16,3,46530.85,0,139592.55
975,334,28,4,81439.49,15,276894.27
976,334,76,4,3722.49,15,12656.47
977,335,105,2,76452.42,0,152904.84
978,335,106,3,85023.38,0,255070.14
979,335,27,2,23424.89,0,46849.78
980,335,7,3,8795.78,10,23748.61
981,335,24,1,108055.6,0,108055.6
982,336,74,3,87039.67,0,261119.01
983,336,101,1,41990.85,10,37791.76
984,336,72,3,58534.22,10,158042.39
985,336,23,4,79774.8,0,319099.2
986,336,59,4,28521.98,20,91270.34
987,337,68,2,36184.21,20,57894.74
988,337,53,1,51495.52,0,51495.52
989,337,27,1,23424.89,15,19911.16
990,338,74,4,87039.67,20,278526.94
991,338,80,4,39618.64,15,134703.38
992,338,46,2,96591.13,20,154545.81
993,338,119,2,1713.06,10,3083.51
994,338,17,2,30939.34,0,61878.68
995,339,54,2,53786.68,0,107573.36
996,339,53,2,51495.52,10,92691.94
997,339,6,3,48116.68,0,144350.04
998,339,43,3,59578.07,10,160860.79
999,339,45,3,93521.24,0,280563.72
1000,340,107,2,88188.54,5,167558.23
1001,341,81,3,40831.32,15,104119.87
1002,341,59,4,28521.98,0,114087.92
1003,342,74,3,87039.67,10,235007.11
1004,342,88,1,24323.6,5,23107.42
1005,343,50,3,118553.15,10,320093.5
1006,343,24,1,108055.6,10,97250.04
1007,343,77,4,67944.84,0,271779.36
1008,343,15,4,72941.96,5,277179.45
1009,343,111,3,39015.4,15,99489.27
1010,344,100,2,95649.15,0,191298.3
1011,345,94,3,13417.8,5,38240.73
1012,345,112,1,33831.93,20,27065.54
1013,345,68,2,36184.21,5,68750.0
1014,345,40,1,118080.35,15,100368.3
1015,346,112,1,33831.93,0,33831.93
1016,346,12,3,69880.47,0,209641.41
1017,346,43,3,59578.07,5,169797.5
1018,346,60,3,107216.71,5,305567.62
1019,346,114,2,80348.52,10,144627.34
1020,347,15,1,72941.96,5,69294.86
1021,347,2,3,56747.46,20,136193.9
1022,347,80,3,39618.64,10,106970.33
1023,348,115,2,59569.63,0,119139.26
1024,348,44,4,78898.93,0,315595.72
1025,348,70,1,96084.25,15,81671.61
1026,348,57,1,58409.34,0,58409.34
1027,348,7,4,8795.78,15,29905.65
1028,349,11,2,105306.09,0,210612.18
1029,349,119,4,1713.06,0,6852.24
1030,349,97,4,9581.58,10,34493.69
1031,349,98,4,12677.21,15,43102.51
1032,349,60,2,107216.71,5,203711.75
1033,350,101,3,41990.85,15,107076.67
1034,350,111,4,39015.4,0,156061.6
1035,350,113,1,90181.92,15,76654.63
1036,351,74,1,87039.67,10,78335.7
1037,351,17,1,30939.34,10,27845.41
1038,351,66,4,113554.41,15,386084.99
1039,351,14,4,87561.13,5,332732.29
1040,351,52,2,73711.95,20,117939.12
1041,352,56,2,100863.62,5,191640.88
1042,352,101,1,41990.85,20,33592.68
1043,352,73,4,80430.4,0,321721.6
1044,352,44,4,78898.93,10,284036.15
1045,352,70,1,96084.25,15,81671.61
1046,353,42,1,23735.01,0,23735.01
1047,353,64,2,50185.02,5,95351.54
1048,353,83,1,30646.45,5,29114.13
1049,353,85,2,119988.99,15,203981.28
1050,354,39,3,18108.8,15,46177.44
1051,354,73,3,80430.4,0,241291.2
1052,354,102,1,8740.33,20,6992.26
1053,355,1,3,46213.74,0,138641.22
1054,356,92,4,20550.8,15,69872.72
1055,356,49,2,16434.02,5,31224.64
1056,356,52,4,73711.95,5,280105.41
1057,357,18,1,702.11,0,702.11
1058,357,2,2,56747.46,15,96470.68
1059,358,115,4,59569.63,20,190622.82
1060,358,101,2,41990.85,15,71384.44
1061,358,90,4,80500.33,20,257601.06
1062,358,78,4,77308.58,15,262849.17
1063,359,92,3,20550.8,15,52404.54
1064,359,65,3,47042.48,0,141127.44
1065,360,19,3,64845.01,15,165354.78
1066,361,88,3,24323.6,20,58376.64
1067,362,94,3,13417.8,10,36228.06
1068,362,43,2,59578.07,0,119156.14
1069,362,54,3,53786.68,20,129088.03
1070,362,46,3,96591.13,0,289773.39
1071,362,103,4,2011.93,20,6438.18
1072,363,37,4,11659.77,0,46639.08
1073,364,110,1,99175.28,20,79340.22
1074,364,33,2,53293.43,20,85269.49
1075,364,2,2,56747.46,15,96470.68
1076,365,44,1,78898.93,5,74953.98
1077,366,27,3,23424.89,0,70274.67
1078,366,74,3,87039.67,0,261119.01
1079,367,30,4,65978.5,10,237522.6
1080,367,49,2,16434.02,20,26294.43
1081,367,88,4,24323.6,0,97294.4
1082,367,91,3,56071.56,15,142982.48
1083,367,50,4,118553.15,10,426791.34
1084,368,118,3,84291.46,10,227586.94
1085,368,84,1,2816.3,10,2534.67
1086,368,110,4,99175.28,15,337195.95
1087,368,35,2,79232.66,20,126772.26
1088,368,43,2,59578.07,20,95324.91
1089,369,2,4,56747.46,0,226989.84
1090,370,5,1,27139.36,0,27139.36
1091,370,4,2,98554.1,20,157686.56
1092,371,103,2,2011.93,10,3621.47
1093,371,24,3,108055.6,15,275541.78
1094,371,115,1,59569.63,15,50634.19
1095,371,15,3,72941.96,15,186002.0
1096,371,90,3,80500.33,10,217350.89
1097,372,105,4,76452.42,0,305809.68
1098,372,34,4,61585.29,5,234024.1
1099,372,23,4,79774.8,5,303144.24
1100,373,83,3,30646.45,0,91939.35
1101,373,14,1,87561.13,0,87561.13
1102,373,117,1,41170.49,20,32936.39
1103,373,57,3,58409.34,15,148943.82
1104,373,92,1,20550.8,15,17468.18
1105,374,116,1,58762.22,20,47009.78
1106,374,51,4,114029.73,15,387701.08
1107,374,74,4,87039.67,15,295934.88
1108,375,73,3,80430.4,10,217162.08
1109,376,108,4,74101.53,10,266765.51
1110,377,39,4,18108.8,0,72435.2
1111,377,90,3,80500.33,15,205275.84
1112,378,93,2,93446.13,15,158858.42
1113,379,5,3,27139.36,0,81418.08
1114,380,59,2,28521.98,0,57043.96
1115,380,87,1,90630.87,5,86099.33
1116,380,112,4,33831.93,0,135327.72
1117,380,69,4,64817.36,20,207415.55
1118,380,20,1,88576.0,5,84147.2
1119,381,59,2,28521.98,20,45635.17
1120,382,103,2,2011.93,15,3420.28
1121,383,18,1,702.11,20,561.69
1122,383,42,2,23735.01,10,42723.02
1123,383,108,1,74101.53,0,74101.53
1124,383,102,3,8740.33,5,24909.94
1125,383,28,4,81439.49,5,309470.06
1126,384,13,4,13454.1,5,51125.58
1127,384,102,1,8740.33,15,7429.28
1128,385,54,4,53786.68,5,204389.38
1129,385,89,2,18709.69,5,35548.41
1130,385,104,3,13111.9,20,31468.56
1131,386,92,1,20550.8,10,18495.72
1132,386,64,3,50185.02,15,127971.8
1133,387,47,2,56013.71,15,95223.31
1134,387,111,2,39015.4,10,70227.72
1135,387,98,1,12677.21,5,12043.35
1136,387,70,1,96084.25,5,91280.04
1137,387,65,4,47042.48,15,159944.43
1138,388,43,4,59578.07,0,238312.28
1139,388,79,1,22216.62,0,22216.62
1140,388,104,2,13111.9,5,24912.61
1141,389,76,2,3722.49,10,6700.48
1142,389,75,2,110385.22,0,220770.44
1143,389,42,3,23735.01,5,67644.78
1144,389,54,1,53786.68,5,51097.35
1145,390,7,2,8795.78,20,14073.25
1146,390,114,4,80348.52,5,305324.38
1147,390,56,4,100863.62,10,363109.03
1148,390,19,2,64845.01,15,110236.52
1149,391,8,4,42461.96,15,144370.66
1150,391,36,4,79830.53,5,303356.01
1151,391,18,3,702.11,5,2001.01
1152,391,15,3,72941.96,20,175060.7
1153,391,110,2,99175.28,20,158680.45
1154,392,76,4,3722.49,10,13400.96
1155,392,61,1,18524.26,15,15745.62
1156,393,117,1,41170.49,15,34994.92
1157,393,74,1,87039.67,0,87039.67
1158,394,58,4,53064.77,5,201646.13
1159,395,38,1,80899.08,0,80899.08
1160,395,31,4,34786.19,10,125230.28
1161,395,83,2,30646.45,15,52098.96
1162,396,24,4,108055.6,0,432222.4
1163,396,102,1,8740.33,15,7429.28
1164,396,112,3,33831.93,20,81196.63
1165,396,48,1,110137.67,10,99123.9
1166,397,66,3,113554.41,0,340663.23
1167,398,83,1,30646.45,20,24517.16
1168,398,72,2,58534.22,5,111215.02
1169,399,97,2,9581.58,10,17246.84
1170,399,96,3,47900.21,10,129330.57
1171,400,63,1,49208.12,15,41826.9
1172,400,65,3,47042.48,15,119958.32
1173,400,68,3,36184.21,0,108552.63
1174,400,107,2,88188.54,15,149920.52
1175,401,22,3,110532.12,0,331596.36
1176,402,38,4,80899.08,20,258877.06
1177,403,38,2,80899.08,0,161798.16
1178,404,63,4,49208.12,15,167307.61
1179,404,76,3,3722.49,20,8933.98
1180,404,86,2,78192.22,10,140746.0
1181,405,46,4,96591.13,5,367046.29
1182,405,37,2,11659.77,20,18655.63
1183,406,41,2,54922.23,15,93367.79
1184,407,45,4,93521.24,20,299267.97
1185,407,19,2,64845.01,20,103752.02
1186,407,48,3,110137.67,0,330413.01
1187,408,1,3,46213.74,10,124777.1
1188,408,95,4,69307.71,10,249507.76
1189,409,116,1,58762.22,10,52886.0
1190,409,6,1,48116.68,15,40899.18
1191,409,18,2,702.11,15,1193.59
1192,409,87,3,90630.87,0,271892.61
1193,410,3,4,110255.0,0,441020.0
1194,410,11,4,105306.09,5,400163.14
1195,411,48,3,110137.67,10,297371.71
1196,411,50,3,118553.15,15,302310.53
1197,411,2,1,56747.46,5,53910.09
1198,411,37,4,11659.77,15,39643.22
1199,412,107,1,88188.54,5,83779.11
1200,412,76,2,3722.49,10,6700.48
1201,413,53,3,51495.52,15,131313.58
1202,414,24,4,108055.6,10,389000.16
1203,414,107,4,88188.54,0,352754.16
1204,415,102,1,8740.33,5,8303.31
1205,416,4,3,98554.1,15,251312.96
1206,416,16,1,46530.85,20,37224.68
1207,417,89,1,18709.69,10,16838.72
1208,417,105,2,76452.42,20,122323.87
1209,417,16,1,46530.85,5,44204.31
1210,417,48,3,110137.67,15,280851.06
1211,418,82,3,33751.67,10,91129.51
1212,418,117,1,41170.49,20,32936.39
1213,418,46,2,96591.13,5,183523.15
1214,418,7,1,8795.78,20,7036.62
1215,419,13,3,13454.1,5,38344.18
1216,419,69,1,64817.36,5,61576.49
1217,419,75,3,110385.22,10,298040.09
1218,420,29,1,74054.03,15,62945.93
1219,420,107,4,88188.54,0,352754.16
1220,420,25,1,80193.7,5,76184.01
1221,420,102,1,8740.33,15,7429.28
1222,420,115,3,59569.63,10,160838.0
1223,421,91,1,56071.56,0,56071.56
1224,421,39,2,18108.8,5,34406.72
1225,422,11,1,105306.09,0,105306.09
1226,422,55,1,54283.34,15,46140.84
1227,423,76,3,3722.49,0,11167.47
1228,423,8,1,42461.96,10,38215.76
1229,423,61,1,18524.26,0,18524.26
1230,423,16,1,46530.85,20,37224.68
1231,423,117,2,41170.49,20,65872.78
1232,424,75,2,110385.22,20,176616.35
1233,424,45,2,93521.24,20,149633.98
1234,424,46,1,96591.13,0,96591.13
1235,425,116,1,58762.22,0,58762.22
1236,425,97,2,9581.58,20,15330.53
1237,426,24,3,108055.6,15,275541.78
1238,427,60,1,107216.71,20,85773.37
1239,428,42,4,23735.01,0,94940.04
1240,429,71,3,58843.42,15,150050.72
1241,429,53,2,51495.52,0,102991.04
1242,430,51,4,114029.73,20,364895.14
1243,431,14,1,87561.13,10,78805.02
1244,431,95,2,69307.71,10,124753.88
1245,431,119,2,1713.06,20,2740.9
1246,431,115,4,59569.63,0,238278.52
1247,431,22,2,110532.12,15,187904.6
1248,432,46,4,96591.13,15,328409.84
1249,432,61,3,18524.26,5,52794.14
1250,432,86,4,78192.22,0,312768.88
1251,432,78,1,77308.58,10,69577.72
1252,433,107,1,88188.54,15,74960.26
1253,434,80,1,39618.64,20,31694.91
1254,434,13,4,13454.1,15,45743.94
1255,434,98,2,12677.21,10,22818.98
1256,435,3,1,110255.0,15,93716.75
1257,435,98,4,12677.21,10,45637.96
1258,435,5,4,27139.36,15,92273.82
1259,435,56,4,100863.62,0,403454.48
1260,435,113,1,90181.92,5,85672.82
1261,436,92,1,20550.8,20,16440.64
1262,436,50,4,118553.15,20,379370.08
1263,436,63,4,49208.12,15,167307.61
1264,437,87,1,90630.87,0,90630.87
1265,437,46,1,96591.13,5,91761.57
1266,437,99,3,102110.04,10,275697.11
1267,437,37,1,11659.77,10,10493.79
1268,437,42,4,23735.01,0,94940.04
1269,438,31,3,34786.19,20,83486.86
1270,438,83,1,30646.45,0,30646.45
1271,439,59,4,28521.98,20,91270.34
1272,440,74,4,87039.67,0,348158.68
1273,440,50,2,118553.15,10,213395.67
1274,440,42,4,23735.01,20,75952.03
1275,440,13,3,13454.1,5,38344.18
1276,441,28,4,81439.49,5,309470.06
1277,441,37,1,11659.77,20,9327.82
1278,441,34,1,61585.29,20,49268.23
1279,441,7,3,8795.78,10,23748.61
1280,441,39,1,18108.8,20,14487.04
1281,442,65,4,47042.48,20,150535.94
1282,442,103,3,2011.93,5,5734.0
1283,442,39,4,18108.8,15,61569.92
1284,443,111,4,39015.4,10,140455.44
1285,443,24,4,108055.6,20,345777.92
1286,443,74,1,87039.67,20,69631.74
1287,443,64,2,50185.02,10,90333.04
1288,443,28,4,81439.49,5,309470.06
1289,444,109,3,93069.65,10,251288.05
1290,444,53,2,51495.52,10,92691.94
1291,445,32,3,72996.06,15,186139.95
1292,446,4,3,98554.1,20,236529.84
1293,446,34,2,61585.29,0,123170.58
1294,447,116,4,58762.22,10,211543.99
1295,448,120,3,10730.75,15,27363.41
1296,448,16,1,46530.85,5,44204.31
1297,448,67,1,45955.53,10,41359.98
1298,448,86,3,78192.22,20,187661.33
1299,448,107,4,88188.54,5,335116.45
1300,449,53,1,51495.52,15,43771.19
1301,449,33,3,53293.43,0,159880.29
1302,449,111,3,39015.4,20,93636.96
1303,449,76,4,3722.49,15,12656.47
1304,450,3,1,110255.0,0,110255.0
1305,450,83,2,30646.45,10,55163.61
1306,450,116,4,58762.22,10,211543.99
1307,451,50,3,118553.15,10,320093.5
1308,451,2,1,56747.46,5,53910.09
1309,451,117,3,41170.49,5,117335.9
1310,451,51,2,114029.73,15,193850.54
1311,452,95,3,69307.71,15,176734.66
1312,452,53,1,51495.52,5,48920.74
1313,452,119,3,1713.06,20,4111.34
1314,452,108,1,74101.53,10,66691.38
1315,453,81,2,40831.32,0,81662.64
1316,453,57,4,58409.34,5,221955.49
1317,454,92,2,20550.8,20,32881.28
1318,454,99,4,102110.04,10,367596.14
1319,454,107,4,88188.54,15,299841.04
1320,454,84,2,2816.3,10,5069.34
1321,454,98,2,12677.21,20,20283.54
1322,455,113,2,90181.92,0,180363.84
1323,455,49,1,16434.02,20,13147.22
1324,455,107,2,88188.54,0,176377.08
1325,455,114,4,80348.52,5,305324.38
1326,456,20,2,88576.0,20,141721.6
1327,456,12,1,69880.47,0,69880.47
1328,456,48,4,110137.67,15,374468.08
1329,457,37,4,11659.77,5,44307.13
1330,457,96,4,47900.21,5,182020.8
1331,457,64,2,50185.02,10,90333.04
1332,458,38,3,80899.08,5,230562.38
1333,459,2,4,56747.46,5,215640.35
1334,460,95,1,69307.71,20,55446.17
1335,460,77,1,67944.84,0,67944.84
1336,460,33,3,53293.43,5,151886.28
1337,460,10,4,40072.41,10,144260.68
1338,461,51,2,114029.73,20,182447.57
1339,461,86,1,78192.22,20,62553.78
1340,461,48,2,110137.67,10,198247.81
1341,462,56,1,100863.62,5,95820.44
1342,462,19,4,64845.01,10,233442.04
1343,462,34,3,61585.29,15,157042.49
1344,462,15,3,72941.96,10,196943.29
1345,462,41,3,54922.23,20,131813.35
1346,463,110,4,99175.28,0,396701.12
1347,463,119,2,1713.06,5,3254.81
1348,463,85,1,119988.99,5,113989.54
1349,463,82,2,33751.67,0,67503.34
1350,463,103,4,2011.93,10,7242.95
1351,464,57,3,58409.34,20,140182.42
1352,465,112,2,33831.93,5,64280.67
1353,465,37,3,11659.77,20,27983.45
1354,466,54,1,53786.68,5,51097.35
1355,466,118,4,84291.46,0,337165.84
1356,467,108,3,74101.53,5,211189.36
1357,468,85,4,119988.99,10,431960.36
1358,468,1,2,46213.74,5,87806.11
1359,468,43,1,59578.07,10,53620.26
1360,468,6,3,48116.68,0,144350.04
1361,468,84,1,2816.3,20,2253.04
1362,469,12,2,69880.47,15,118796.8
1363,469,3,4,110255.0,10,396918.0
1364,469,110,2,99175.28,0,198350.56
1365,469,27,3,23424.89,15,59733.47
1366,470,107,3,88188.54,20,211652.5
1367,471,12,3,69880.47,20,167713.13
1368,471,97,2,9581.58,15,16288.69
1369,471,55,4,54283.34,0,217133.36
1370,471,104,1,13111.9,20,10489.52
1371,472,11,4,105306.09,10,379101.92
1372,472,38,2,80899.08,5,153708.25
1373,472,60,3,107216.71,5,305567.62
1374,472,56,4,100863.62,10,363109.03
1375,472,117,1,41170.49,20,32936.39
1376,473,105,1,76452.42,0,76452.42
1377,473,33,4,53293.43,5,202515.03
1378,473,46,2,96591.13,15,164204.92
1379,473,75,1,110385.22,0,110385.22
1380,473,11,4,105306.09,10,379101.92
1381,474,118,2,84291.46,5,160153.77
1382,474,112,2,33831.93,0,67663.86
1383,474,104,3,13111.9,0,39335.7
1384,475,59,4,28521.98,10,102679.13
1385,475,89,3,18709.69,15,47709.71
1386,475,52,3,73711.95,0,221135.85
1387,475,112,2,33831.93,5,64280.67
1388,476,84,2,2816.3,0,5632.6
1389,476,19,3,64845.01,15,165354.78
1390,476,31,2,34786.19,15,59136.52
1391,476,56,4,100863.62,0,403454.48
1392,477,111,4,39015.4,20,124849.28
1393,478,81,4,40831.32,15,138826.49
1394,479,93,4,93446.13,5,355095.29
1395,479,79,1,22216.62,20,17773.3
1396,479,120,1,10730.75,15,9121.14
1397,479,87,3,90630.87,20,217514.09
1398,479,116,1,58762.22,10,52886.0
1399,480,58,1,53064.77,5,50411.53
1400,480,90,3,80500.33,5,229425.94
1401,480,56,4,100863.62,10,363109.03
1402,481,17,4,30939.34,15,105193.76
1403,481,114,3,80348.52,15,204888.73
1404,481,38,2,80899.08,20,129438.53
1405,481,93,2,93446.13,10,168203.03
1406,482,13,3,13454.1,5,38344.18
1407,482,102,2,8740.33,20,13984.53
1408,482,54,1,53786.68,0,53786.68
1409,482,64,3,50185.02,10,135499.55
1410,483,56,2,100863.62,0,201727.24
1411,483,15,2,72941.96,15,124001.33
1412,483,80,3,39618.64,10,106970.33
1413,484,78,4,77308.58,15,262849.17
1414,484,86,1,78192.22,0,78192.22
1415,484,14,1,87561.13,20,70048.9
1416,484,91,1,56071.56,20,44857.25
1417,484,7,1,8795.78,5,8355.99
1418,485,98,1,12677.21,5,12043.35
1419,485,65,3,47042.48,10,127014.7
1420,485,64,2,50185.02,0,100370.04
1421,485,94,2,13417.8,15,22810.26
1422,486,11,3,105306.09,15,268530.53
1423,486,35,3,79232.66,5,225813.08
1424,487,115,3,59569.63,0,178708.89
1425,487,59,4,28521.98,5,108383.52
1426,487,110,1,99175.28,20,79340.22
1427,487,67,1,45955.53,0,45955.53
1428,488,116,1,58762.22,20,47009.78
1429,488,74,3,87039.67,15,221951.16
1430,489,116,2,58762.22,15,99895.77
1431,489,68,4,36184.21,5,137500.0
1432,489,79,4,22216.62,10,79979.83
1433,490,50,2,118553.15,20,189685.04
1434,490,93,3,93446.13,5,266321.47
1435,490,95,1,69307.71,20,55446.17
1436,491,34,4,61585.29,20,197072.93
1437,491,31,1,34786.19,0,34786.19
1438,491,107,3,88188.54,10,238109.06
1439,491,100,3,95649.15,0,286947.45
1440,491,39,1,18108.8,0,18108.8
1441,492,73,2,80430.4,10,144774.72
1442,492,92,3,20550.8,10,55487.16
1443,492,115,2,59569.63,15,101268.37
1444,492,81,2,40831.32,0,81662.64
1445,492,86,3,78192.22,20,187661.33
1446,493,11,2,105306.09,15,179020.35
1447,493,12,2,69880.47,15,118796.8
1448,493,8,1,42461.96,10,38215.76
1449,493,55,4,54283.34,20,173706.69
1450,494,89,4,18709.69,5,71096.82
1451,494,120,2,10730.75,20,17169.2
1452,494,63,2,49208.12,15,83653.8
1453,494,94,4,13417.8,5,50987.64
1454,495,72,1,58534.22,20,46827.38
1455,495,48,4,110137.67,0,440550.68
1456,496,48,4,110137.67,0,440550.68
1457,496,39,2,18108.8,5,34406.72
1458,496,38,4,80899.08,0,323596.32
1459,497,16,3,46530.85,0,139592.55
1460,498,101,2,41990.85,5,79782.61
1461,498,49,4,16434.02,15,55875.67
1462,498,61,4,18524.26,5,70392.19
1463,499,44,4,78898.93,10,284036.15
1464,499,70,1,96084.25,5,91280.04
1465,499,6,1,48116.68,20,38493.34
1466,499,86,3,78192.22,20,187661.33
1467,500,67,1,45955.53,0,45955.53
1468,500,25,2,80193.7,0,160387.4
1469,500,97,3,9581.58,5,27307.5
1470,500,61,2,18524.26,20,29638.82
1471,500,65,4,47042.48,0,188169.92
1472,501,56,1,100863.62,20,80690.9
1473,501,24,3,108055.6,15,275541.78
1474,501,54,3,53786.68,0,161360.04
1475,502,40,2,118080.35,0,236160.7
1476,502,53,3,51495.52,5,146762.23
1477,503,115,1,59569.63,0,59569.63
1478,503,42,2,23735.01,5,45096.52
1479,503,34,2,61585.29,15,104694.99
1480,503,49,4,16434.02,0,65736.08
1481,504,53,2,51495.52,0,102991.04
1482,505,73,1,80430.4,20,64344.32
1483,505,53,2,51495.52,5,97841.49
1484,505,58,3,53064.77,20,127355.45
1485,506,38,4,80899.08,10,291236.69
1486,506,84,3,2816.3,15,7181.57
1487,506,22,3,110532.12,5,315016.54
1488,506,1,3,46213.74,0,138641.22
1489,506,8,2,42461.96,20,67939.14
1490,507,36,3,79830.53,10,215542.43
1491,507,113,3,90181.92,15,229963.9
1492,507,56,3,100863.62,5,287461.32
1493,507,27,3,23424.89,10,63247.2
1494,507,79,2,22216.62,15,37768.25
1495,508,61,2,18524.26,15,31491.24
1496,508,1,4,46213.74,15,157126.72
1497,508,116,1,58762.22,0,58762.22
1498,508,2,1,56747.46,15,48235.34
1499,508,87,1,90630.87,10,81567.78
1500,509,16,4,46530.85,10,167511.06
1501,510,25,3,80193.7,5,228552.04
1502,510,12,2,69880.47,15,118796.8
1503,510,105,3,76452.42,0,229357.26
1504,511,15,4,72941.96,5,277179.45
1505,511,112,2,33831.93,20,54131.09
1506,511,36,2,79830.53,0,159661.06
1507,511,73,2,80430.4,0,160860.8
1508,512,89,3,18709.69,20,44903.26
1509,513,109,4,93069.65,15,316436.81
1510,513,53,3,51495.52,20,123589.25
1511,513,36,1,79830.53,5,75839.0
1512,513,16,1,46530.85,10,41877.76
1513,514,113,1,90181.92,5,85672.82
1514,515,81,1,40831.32,0,40831.32
1515,516,61,2,18524.26,10,33343.67
1516,517,57,1,58409.34,0,58409.34
1517,517,98,1,12677.21,0,12677.21
1518,517,13,4,13454.1,10,48434.76
1519,517,81,1,40831.32,5,38789.75
1520,517,58,1,53064.77,15,45105.05
1521,518,38,4,80899.08,15,275056.87
1522,519,59,4,28521.98,15,96974.73
1523,520,25,1,80193.7,20,64154.96
1524,520,14,2,87561.13,20,140097.81
1525,520,2,2,56747.46,20,90795.94
1526,520,77,3,67944.84,10,183451.07
1527,520,92,4,20550.8,15,69872.72
1528,521,17,3,30939.34,20,74254.42
1529,522,61,3,18524.26,10,50015.5
1530,522,40,3,118080.35,0,354241.05
1531,523,55,3,54283.34,5,154707.52
1532,524,77,3,67944.84,20,163067.62
1533,524,89,3,18709.69,15,47709.71
1534,524,43,3,59578.07,5,169797.5
1535,524,110,1,99175.28,15,84298.99
1536,525,60,2,107216.71,5,203711.75
1537,525,80,4,39618.64,10,142627.1
1538,526,2,1,56747.46,20,45397.97
1539,526,10,1,40072.41,5,38068.79
1540,526,46,3,96591.13,15,246307.38
1541,527,29,3,74054.03,5,211053.99
1542,527,114,3,80348.52,20,192836.45
1543,528,107,2,88188.54,15,149920.52
1544,529,85,4,119988.99,0,479955.96
1545,529,22,1,110532.12,5,105005.51
1546,529,68,2,36184.21,5,68750.0
1547,530,118,2,84291.46,20,134866.34
1548,530,6,3,48116.68,5,137132.54
1549,531,114,4,80348.52,20,257115.26
1550,531,63,1,49208.12,5,46747.71
1551,531,27,4,23424.89,20,74959.65
1552,531,94,3,13417.8,15,34215.39
1553,531,11,4,105306.09,5,400163.14
1554,532,35,1,79232.66,5,75271.03
1555,532,75,2,110385.22,5,209731.92
1556,532,52,4,73711.95,5,280105.41
1557,532,82,4,33751.67,5,128256.35
1558,533,71,1,58843.42,10,52959.08
1559,533,11,4,105306.09,20,336979.49
1560,533,18,3,702.11,5,2001.01
1561,534,56,4,100863.62,10,363109.03
1562,534,53,3,51495.52,15,131313.58
1563,534,48,1,110137.67,5,104630.79
1564,534,103,4,2011.93,5,7645.33
1565,535,70,2,96084.25,0,192168.5
1566,535,83,1,30646.45,0,30646.45
1567,535,11,3,105306.09,0,315918.27
1568,535,101,2,41990.85,10,75583.53
1569,535,36,2,79830.53,10,143694.95
1570,536,117,3,41170.49,10,111160.32
1571,536,34,4,61585.29,15,209389.99
1572,536,2,1,56747.46,15,48235.34
1573,536,99,2,102110.04,15,173587.07
1574,536,39,2,18108.8,5,34406.72
1575,537,93,1,93446.13,10,84101.52
1576,537,105,2,76452.42,15,129969.11
1577,537,60,4,107216.71,5,407423.5
1578,537,44,4,78898.93,15,268256.36
1579,538,95,3,69307.71,10,187130.82
1580,538,2,2,56747.46,15,96470.68
1581,538,64,4,50185.02,15,170629.07
1582,539,20,4,88576.0,15,301158.4
1583,539,43,2,59578.07,15,101282.72
1584,540,82,2,33751.67,0,67503.34
1585,540,115,2,59569.63,0,119139.26
1586,540,39,4,18108.8,0,72435.2
1587,540,12,2,69880.47,5,132772.89
1588,541,59,1,28521.98,10,25669.78
1589,542,69,4,64817.36,0,259269.44
1590,542,54,4,53786.68,5,204389.38
1591,543,76,4,3722.49,10,13400.96
1592,543,26,2,83816.41,0,167632.82
1593,543,65,2,47042.48,15,79972.22
1594,544,60,1,107216.71,10,96495.04
1595,544,74,4,87039.67,10,313342.81
1596,544,6,3,48116.68,15,122697.53
1597,544,95,2,69307.71,15,117823.11
1598,545,13,2,13454.1,10,24217.38
1599,545,51,3,114029.73,0,342089.19
1600,545,90,2,80500.33,15,136850.56
1601,545,6,4,48116.68,20,153973.38
1602,545,31,1,34786.19,10,31307.57
1603,546,6,4,48116.68,15,163596.71
1604,546,60,3,107216.71,15,273402.61
1605,546,4,2,98554.1,15,167541.97
1606,546,10,1,40072.41,0,40072.41
1607,546,82,3,33751.67,0,101255.01
1608,547,71,2,58843.42,15,100033.81
1609,548,23,3,79774.8,0,239324.4
1610,549,46,1,96591.13,20,77272.9
1611,549,23,2,79774.8,15,135617.16
1612,549,28,1,81439.49,20,65151.59
1613,549,92,1,20550.8,15,17468.18
1614,550,119,3,1713.06,5,4882.22
1615,550,32,2,72996.06,0,145992.12
1616,551,29,1,74054.03,5,70351.33
1617,552,72,2,58534.22,20,93654.75
1618,552,81,4,40831.32,15,138826.49
1619,552,25,1,80193.7,5,76184.01
1620,553,2,4,56747.46,5,215640.35
1621,553,50,1,118553.15,10,106697.83
1622,553,28,3,81439.49,0,244318.47
1623,554,102,3,8740.33,0,26220.99
1624,554,119,3,1713.06,15,4368.3
1625,554,109,2,93069.65,10,167525.37
1626,554,73,2,80430.4,10,144774.72
1627,554,22,4,110532.12,0,442128.48
1628,555,76,1,3722.49,10,3350.24
1629,555,91,2,56071.56,15,95321.65
1630,555,2,2,56747.46,20,90795.94
1631,555,30,1,65978.5,0,65978.5
1632,555,3,2,110255.0,10,198459.0
1633,556,119,4,1713.06,10,6167.02
1634,556,93,2,93446.13,10,168203.03
1635,557,30,3,65978.5,10,178141.95
1636,558,78,4,77308.58,20,247387.46
1637,558,112,3,33831.93,5,96421.0
1638,559,82,2,33751.67,5,64128.17
1639,560,65,4,47042.48,15,159944.43
1640,560,11,3,105306.09,5,300122.36
1641,561,74,2,87039.67,10,156671.41
1642,561,58,4,53064.77,0,212259.08
1643,561,82,3,33751.67,15,86066.76
1644,562,98,4,12677.21,0,50708.84
1645,562,20,4,88576.0,15,301158.4
1646,562,105,1,76452.42,10,68807.18
1647,562,102,2,8740.33,20,13984.53
1648,563,72,3,58534.22,5,166822.53
1649,563,78,4,77308.58,5,293772.6
1650,563,62,2,84917.09,5,161342.47
1651,563,10,1,40072.41,0,40072.41
1652,564,50,1,118553.15,15,100770.18
1653,564,63,1,49208.12,0,49208.12
1654,564,40,4,118080.35,20,377857.12
1655,565,90,4,80500.33,15,273701.12
1656,565,8,2,42461.96,5,80677.72
1657,565,84,4,2816.3,0,11265.2
1658,566,33,2,53293.43,0,106586.86
1659,566,32,1,72996.06,0,72996.06
1660,567,117,4,41170.49,10,148213.76
1661,567,25,3,80193.7,20,192464.88
1662,567,113,4,90181.92,20,288582.14
1663,567,55,3,54283.34,15,138422.52
1664,567,22,1,110532.12,0,110532.12
1665,568,90,4,80500.33,0,322001.32
1666,568,40,1,118080.35,0,118080.35
1667,568,1,4,46213.74,20,147883.97
1668,568,22,4,110532.12,10,397915.63
1669,569,63,1,49208.12,15,41826.9
1670,569,24,2,108055.6,5,205305.64
1671,570,81,2,40831.32,0,81662.64
1672,570,117,3,41170.49,0,123511.47
1673,570,80,4,39618.64,0,158474.56
1674,570,14,3,87561.13,0,262683.39
1675,571,8,3,42461.96,0,127385.88
1676,572,78,4,77308.58,15,262849.17
1677,572,67,3,45955.53,20,110293.27
1678,572,98,4,12677.21,10,45637.96
1679,572,35,3,79232.66,10,213928.18
1680,573,112,1,33831.93,0,33831.93
1681,573,43,4,59578.07,15,202565.44
1682,573,104,2,13111.9,0,26223.8
1683,574,66,1,113554.41,10,102198.97
1684,574,53,1,51495.52,10,46345.97
1685,574,85,1,119988.99,10,107990.09
1686,574,25,4,80193.7,5,304736.06
1687,575,120,1,10730.75,15,9121.14
1688,575,61,3,18524.26,20,44458.22
1689,575,85,2,119988.99,5,227979.08
1690,575,110,1,99175.28,5,94216.52
1691,576,115,1,59569.63,15,50634.19
1692,576,58,2,53064.77,5,100823.06
1693,577,119,4,1713.06,10,6167.02
1694,577,42,2,23735.01,10,42723.02
1695,578,12,2,69880.47,20,111808.75
1696,578,102,1,8740.33,10,7866.3
1697,578,89,4,18709.69,15,63612.95
1698,578,43,4,59578.07,5,226396.67
1699,579,120,3,10730.75,5,30582.64
1700,579,25,3,80193.7,15,204493.93
1701,579,96,1,47900.21,10,43110.19
1702,579,15,1,72941.96,20,58353.57
1703,579,74,2,87039.67,15,147967.44
1704,580,29,4,74054.03,10,266594.51
1705,580,14,2,87561.13,10,157610.03
1706,580,51,2,114029.73,15,193850.54
1707,580,2,4,56747.46,5,215640.35
1708,580,69,3,64817.36,5,184729.48
1709,581,36,4,79830.53,5,303356.01
1710,582,109,2,93069.65,0,186139.3
1711,582,94,2,13417.8,15,22810.26
1712,583,44,3,78898.93,15,201192.27
1713,583,55,4,54283.34,0,217133.36
1714,583,87,3,90630.87,10,244703.35
1715,583,61,2,18524.26,20,29638.82
1716,584,59,2,28521.98,15,48487.37
1717,584,84,4,2816.3,10,10138.68
1718,584,21,2,52040.04,5,98876.08
1719,585,55,1,54283.34,0,54283.34
1720,585,87,3,90630.87,15,231108.72
1721,585,108,2,74101.53,0,148203.06
1722,585,22,1,110532.12,20,88425.7
1723,586,51,3,114029.73,20,273671.35
1724,586,63,2,49208.12,15,83653.8
1725,587,48,1,110137.67,0,110137.67
1726,587,2,4,56747.46,20,181591.87
1727,587,16,2,46530.85,0,93061.7
1728,587,15,4,72941.96,10,262591.06
1729,588,39,3,18108.8,0,54326.4
1730,588,74,2,87039.67,15,147967.44
1731,588,17,1,30939.34,15,26298.44
1732,588,13,4,13454.1,0,53816.4
1733,589,1,4,46213.74,10,166369.46
1734,589,72,1,58534.22,0,58534.22
1735,590,11,1,105306.09,20,84244.87
1736,591,116,4,58762.22,5,223296.44
1737,591,101,4,41990.85,10,151167.06
1738,591,38,3,80899.08,20,194157.79
1739,591,85,2,119988.99,0,239977.98
1740,591,69,1,64817.36,5,61576.49
1741,592,28,4,81439.49,0,325757.96
1742,592,76,3,3722.49,10,10050.72
1743,592,46,4,96591.13,5,367046.29
1744,592,36,4,79830.53,15,271423.8
1745,592,17,1,30939.34,10,27845.41
1746,593,82,2,33751.67,10,60753.01
1747,593,90,2,80500.33,15,136850.56
1748,593,83,2,30646.45,10,55163.61
1749,594,69,1,64817.36,20,51853.89
1750,595,19,2,64845.01,10,116721.02
1751,595,112,1,33831.93,0,33831.93
1752,595,103,4,2011.93,5,7645.33
1753,596,106,3,85023.38,20,204056.11
1754,596,104,3,13111.9,20,31468.56
1755,596,63,3,49208.12,20,118099.49
1756,596,13,1,13454.1,0,13454.1
1757,596,68,2,36184.21,10,65131.58
1758,597,76,2,3722.49,5,7072.73
1759,597,17,2,30939.34,15,52596.88
1760,597,34,3,61585.29,0,184755.87
1761,597,2,3,56747.46,5,161730.26
1762,598,65,2,47042.48,10,84676.46
1763,598,37,1,11659.77,10,10493.79
1764,598,36,4,79830.53,10,287389.91
1765,598,55,1,54283.34,0,54283.34
1766,599,71,1,58843.42,15,50016.91
1767,599,119,2,1713.06,15,2912.2
1768,599,64,4,50185.02,20,160592.06
1769,600,92,4,20550.8,20,65762.56
1770,601,58,2,53064.77,5,100823.06
1771,601,22,1,110532.12,10,99478.91
1772,601,87,2,90630.87,20,145009.39
1773,601,120,3,10730.75,0,32192.25
1774,601,113,4,90181.92,15,306618.53
1775,602,109,3,93069.65,15,237327.61
1776,602,99,3,102110.04,10,275697.11
1777,602,110,2,99175.28,0,198350.56
1778,602,16,4,46530.85,5,176817.23
1779,602,38,3,80899.08,20,194157.79
1780,603,59,1,28521.98,10,25669.78
1781,603,43,2,59578.07,15,101282.72
1782,603,39,3,18108.8,0,54326.4
1783,603,46,1,96591.13,15,82102.46
1784,603,14,4,87561.13,5,332732.29
1785,604,99,3,102110.04,5,291013.61
1786,604,85,4,119988.99,15,407962.57
1787,605,57,4,58409.34,5,221955.49
1788,606,15,3,72941.96,0,218825.88
1789,606,25,2,80193.7,15,136329.29
1790,607,16,4,46530.85,5,176817.23
1791,607,54,3,53786.68,15,137156.03
1792,607,63,4,49208.12,5,186990.86
1793,608,7,3,8795.78,15,22429.24
1794,608,87,1,90630.87,15,77036.24
1795,609,20,3,88576.0,0,265728.0
1796,609,94,3,13417.8,5,38240.73
1797,609,66,4,113554.41,5,431506.76
1798,609,24,4,108055.6,0,432222.4
1799,609,32,2,72996.06,5,138692.51
1800,610,25,4,80193.7,0,320774.8
1801,610,119,2,1713.06,0,3426.12
1802,610,19,1,64845.01,15,55118.26
1803,611,8,1,42461.96,10,38215.76
1804,611,66,1,113554.41,10,102198.97
1805,611,55,3,54283.34,10,146565.02
1806,611,83,3,30646.45,15,78148.45
1807,612,28,3,81439.49,20,195454.78
1808,612,37,1,11659.77,15,9910.8
1809,612,61,2,18524.26,10,33343.67
1810,613,88,2,24323.6,10,43782.48
1811,614,114,1,80348.52,5,76331.09
1812,615,25,4,80193.7,0,320774.8
1813,615,91,1,56071.56,20,44857.25
1814,616,93,4,93446.13,20,299027.62
1815,616,20,3,88576.0,20,212582.4
1816,616,6,3,48116.68,10,129915.04
1817,616,17,4,30939.34,0,123757.36
1818,616,25,4,80193.7,0,320774.8
1819,617,6,2,48116.68,15,81798.36
1820,617,73,4,80430.4,20,257377.28
1821,617,8,1,42461.96,5,40338.86
1822,618,24,2,108055.6,20,172888.96
1823,618,1,2,46213.74,20,73941.98
1824,619,91,1,56071.56,5,53267.98
1825,619,35,2,79232.66,0,158465.32
1826,619,71,2,58843.42,10,105918.16
1827,620,106,1,85023.38,0,85023.38
1828,620,27,3,23424.89,20,56219.74
1829,621,115,1,59569.63,0,59569.63
1830,621,79,3,22216.62,5,63317.37
1831,621,38,3,80899.08,5,230562.38
1832,621,42,3,23735.01,0,71205.03
1833,622,71,3,58843.42,10,158877.23
1834,622,27,2,23424.89,20,37479.82
1835,622,105,4,76452.42,5,290519.2
1836,622,57,4,58409.34,5,221955.49
1837,622,29,4,74054.03,10,266594.51
1838,623,73,2,80430.4,10,144774.72
1839,623,63,1,49208.12,10,44287.31
1840,624,55,2,54283.34,15,92281.68
1841,625,13,1,13454.1,0,13454.1
1842,625,49,2,16434.02,5,31224.64
1843,625,50,1,118553.15,10,106697.83
1844,625,3,2,110255.0,20,176408.0
1845,625,15,1,72941.96,0,72941.96
1846,626,115,3,59569.63,15,151902.56
1847,626,57,2,58409.34,5,110977.75
1848,626,105,1,76452.42,20,61161.94
1849,626,21,3,52040.04,20,124896.1
1850,626,40,1,118080.35,0,118080.35
1851,627,1,2,46213.74,0,92427.48
1852,627,117,2,41170.49,15,69989.83
1853,628,88,1,24323.6,15,20675.06
1854,628,114,2,80348.52,0,160697.04
1855,628,92,2,20550.8,0,41101.6
1856,628,106,3,85023.38,10,229563.13
1857,629,78,2,77308.58,5,146886.3
1858,630,80,3,39618.64,0,118855.92
1859,630,105,3,76452.42,15,194953.67
1860,630,37,3,11659.77,10,31481.38
1861,631,19,4,64845.01,0,259380.04
1862,631,50,1,118553.15,20,94842.52
1863,631,58,4,53064.77,10,191033.17
1864,632,64,4,50185.02,20,160592.06
1865,632,55,3,54283.34,5,154707.52
1866,632,62,2,84917.09,15,144359.05
1867,633,50,4,118553.15,20,379370.08
1868,633,11,2,105306.09,0,210612.18
1869,634,118,1,84291.46,10,75862.31
1870,634,15,3,72941.96,5,207884.59
1871,635,96,2,47900.21,0,95800.42
1872,636,7,1,8795.78,15,7476.41
1873,636,90,2,80500.33,0,161000.66
1874,636,14,2,87561.13,10,157610.03
1875,637,98,4,12677.21,5,48173.4
1876,637,24,3,108055.6,15,275541.78
1877,638,113,1,90181.92,20,72145.54
1878,639,71,3,58843.42,5,167703.75
1879,639,92,4,20550.8,5,78093.04
1880,639,107,3,88188.54,0,264565.62
1881,639,34,4,61585.29,5,234024.1
1882,640,78,4,77308.58,15,262849.17
1883,640,108,3,74101.53,15,188958.9
1884,640,10,4,40072.41,5,152275.16
1885,640,105,1,76452.42,10,68807.18
1886,640,89,4,18709.69,5,71096.82
1887,641,31,3,34786.19,5,99140.64
1888,642,71,1,58843.42,5,55901.25
1889,642,26,3,83816.41,0,251449.23
1890,643,40,1,118080.35,10,106272.32
1891,644,17,1,30939.34,10,27845.41
1892,644,90,4,80500.33,20,257601.06
1893,644,87,1,90630.87,20,72504.7
1894,645,21,4,52040.04,0,208160.16
1895,645,20,1,88576.0,5,84147.2
1896,645,88,2,24323.6,5,46214.84
1897,646,110,4,99175.28,5,376866.06
1898,646,56,2,100863.62,20,161381.79
1899,646,6,1,48116.68,5,45710.85
1900,646,115,4,59569.63,0,238278.52
1901,646,92,1,20550.8,5,19523.26
1902,647,21,3,52040.04,10,140508.11
1903,647,9,1,81702.42,0,81702.42
1904,647,36,2,79830.53,15,135711.9
1905,648,6,4,48116.68,15,163596.71
1906,648,47,2,56013.71,15,95223.31
1907,648,110,3,99175.28,20,238020.67
1908,648,37,3,11659.77,10,31481.38
1909,649,80,1,39618.64,5,37637.71
1910,650,52,4,73711.95,0,294847.8
1911,650,110,3,99175.28,15,252896.96
1912,650,10,4,40072.41,20,128231.71
1913,650,29,4,74054.03,0,296216.12
1914,650,50,1,118553.15,5,112625.49
1915,651,44,2,78898.93,15,134128.18
1916,651,78,1,77308.58,10,69577.72
1917,651,63,4,49208.12,0,196832.48
1918,652,100,3,95649.15,15,243905.33
1919,652,49,4,16434.02,5,62449.28
1920,652,8,1,42461.96,5,40338.86
1921,652,120,1,10730.75,15,9121.14
1922,652,104,3,13111.9,10,35402.13
1923,653,112,4,33831.93,20,108262.18
1924,653,92,2,20550.8,10,36991.44
1925,653,58,2,53064.77,0,106129.54
1926,654,61,2,18524.26,15,31491.24
1927,654,69,3,64817.36,20,155561.66
1928,654,89,4,18709.69,0,74838.76
1929,654,101,2,41990.85,0,83981.7
1930,655,64,3,50185.02,0,150555.06
1931,655,111,4,39015.4,10,140455.44
1932,656,5,2,27139.36,5,51564.78
1933,657,87,1,90630.87,10,81567.78
1934,657,74,3,87039.67,0,261119.01
1935,658,53,4,51495.52,20,164785.66
1936,658,46,3,96591.13,0,289773.39
1937,658,107,2,88188.54,15,149920.52
1938,658,70,4,96084.25,10,345903.3
1939,659,82,1,33751.67,0,33751.67
1940,659,37,1,11659.77,0,11659.77
1941,659,90,1,80500.33,20,64400.26
1942,659,80,4,39618.64,0,158474.56
1943,660,110,2,99175.28,15,168597.98
1944,660,54,4,53786.68,0,215146.72
1945,660,28,2,81439.49,15,138447.13
1946,661,1,3,46213.74,10,124777.1
1947,661,48,3,110137.67,10,297371.71
1948,661,101,4,41990.85,5,159565.23
1949,661,29,1,74054.03,15,62945.93
1950,662,41,2,54922.23,20,87875.57
1951,662,43,4,59578.07,5,226396.67
1952,662,22,4,110532.12,0,442128.48
1953,662,74,4,87039.67,5,330750.75
1954,662,56,4,100863.62,5,383281.76
1955,663,16,3,46530.85,20,111674.04
1956,663,81,2,40831.32,10,73496.38
1957,663,74,2,87039.67,0,174079.34
1958,663,101,1,41990.85,0,41990.85
1959,663,51,4,114029.73,0,456118.92
1960,664,49,4,16434.02,10,59162.47
1961,664,4,2,98554.1,5,187252.79
1962,664,96,2,47900.21,10,86220.38
1963,664,94,2,13417.8,20,21468.48
1964,664,17,2,30939.34,15,52596.88
1965,665,82,1,33751.67,0,33751.67
1966,666,10,4,40072.41,10,144260.68
1967,667,63,1,49208.12,5,46747.71
1968,668,2,1,56747.46,0,56747.46
1969,668,116,3,58762.22,10,158657.99
1970,668,23,4,79774.8,20,255279.36
1971,669,78,1,77308.58,20,61846.86
1972,669,4,2,98554.1,5,187252.79
1973,670,94,2,13417.8,10,24152.04
1974,671,60,4,107216.71,15,364536.81
1975,671,96,4,47900.21,5,182020.8
1976,671,104,3,13111.9,5,37368.91
1977,672,22,4,110532.12,15,375809.21
1978,672,102,4,8740.33,15,29717.12
1979,672,27,3,23424.89,10,63247.2
1980,673,58,2,53064.77,0,106129.54
1981,674,46,3,96591.13,15,246307.38
1982,674,51,2,114029.73,10,205253.51
1983,674,4,2,98554.1,0,197108.2
1984,674,15,2,72941.96,10,131295.53
1985,674,24,3,108055.6,5,307958.46
1986,675,28,3,81439.49,5,232102.55
1987,675,60,1,107216.71,15,91134.2
1988,675,73,3,80430.4,20,193032.96
1989,676,74,4,87039.67,15,295934.88
1990,677,36,4,79830.53,0,319322.12
1991,678,3,1,110255.0,15,93716.75
1992,678,37,3,11659.77,5,33230.34
1993,678,83,4,30646.45,0,122585.8
1994,678,101,1,41990.85,10,37791.76
1995,678,110,1,99175.28,0,99175.28
1996,679,11,4,105306.09,20,336979.49
1997,679,72,1,58534.22,15,49754.09
1998,679,100,3,95649.15,15,243905.33
1999,679,41,4,54922.23,0,219688.92
2000,680,14,4,87561.13,5,332732.29
2001,680,42,2,23735.01,0,47470.02
2002,681,7,3,8795.78,0,26387.34
2003,682,16,2,46530.85,20,74449.36
2004,682,17,4,30939.34,15,105193.76
2005,682,41,1,54922.23,20,43937.78
2006,682,111,2,39015.4,20,62424.64
2007,683,12,3,69880.47,0,209641.41
2008,683,34,3,61585.29,20,147804.7
2009,684,28,1,81439.49,5,77367.52
2010,685,66,4,113554.41,5,431506.76
2011,685,110,1,99175.28,5,94216.52
2012,685,41,2,54922.23,10,98860.01
2013,685,98,4,12677.21,15,43102.51
2014,685,40,2,118080.35,15,200736.6
2015,686,19,4,64845.01,0,259380.04
2016,687,85,3,119988.99,0,359966.97
2017,687,68,1,36184.21,10,32565.79
2018,687,58,4,53064.77,5,201646.13
2019,687,46,2,96591.13,15,164204.92
2020,688,84,4,2816.3,15,9575.42
2021,689,64,1,50185.02,5,47675.77
2022,689,67,1,45955.53,5,43657.75
2023,689,56,1,100863.62,0,100863.62
2024,689,14,1,87561.13,20,70048.9
2025,689,88,3,24323.6,5,69322.26
2026,690,51,3,114029.73,15,290775.81
2027,690,13,2,13454.1,5,25562.79
2028,690,29,2,74054.03,10,133297.25
2029,690,94,3,13417.8,20,32202.72
2030,691,95,2,69307.71,5,131684.65
2031,691,40,3,118080.35,0,354241.05
2032,691,110,2,99175.28,5,188433.03
2033,691,117,3,41170.49,15,104984.75
2034,692,22,1,110532.12,20,88425.7
2035,693,73,3,80430.4,5,229226.64
2036,694,58,3,53064.77,20,127355.45
2037,694,63,3,49208.12,15,125480.71
2038,694,95,3,69307.71,10,187130.82
2039,695,62,1,84917.09,5,80671.24
2040,695,15,4,72941.96,5,277179.45
2041,695,35,2,79232.66,10,142618.79
2042,695,88,4,24323.6,0,97294.4
2043,695,67,2,45955.53,20,73528.85
2044,696,82,4,33751.67,20,108005.34
2045,696,14,2,87561.13,10,157610.03
2046,696,36,3,79830.53,10,215542.43
2047,696,113,4,90181.92,20,288582.14
2048,697,107,4,88188.54,15,299841.04
2049,697,79,3,22216.62,10,59984.87
2050,697,16,1,46530.85,0,46530.85
2051,698,72,3,58534.22,0,175602.66
2052,698,86,3,78192.22,0,234576.66
2053,698,21,4,52040.04,0,208160.16
2054,698,39,2,18108.8,10,32595.84
2055,698,63,1,49208.12,0,49208.12
2056,699,33,2,53293.43,10,95928.17
2057,700,56,1,100863.62,10,90777.26
2058,700,75,2,110385.22,0,220770.44
2059,701,118,3,84291.46,5,240230.66
2060,701,39,4,18108.8,10,65191.68
2061,701,77,2,67944.84,5,129095.2
2062,702,73,4,80430.4,20,257377.28
2063,702,119,2,1713.06,15,2912.2
2064,702,81,4,40831.32,0,163325.28
2065,703,60,4,107216.71,15,364536.81
2066,703,46,4,96591.13,15,328409.84
2067,703,55,1,54283.34,20,43426.67
2068,704,66,3,113554.41,0,340663.23
2069,704,48,4,110137.67,5,418523.15
2070,704,17,4,30939.34,0,123757.36
2071,704,80,4,39618.64,20,126779.65
2072,704,70,4,96084.25,0,384337.0
2073,705,73,3,80430.4,0,241291.2
2074,705,62,1,84917.09,20,67933.67
2075,705,89,1,18709.69,5,17774.21
2076,706,39,3,18108.8,0,54326.4
2077,706,81,4,40831.32,20,130660.22
2078,707,13,1,13454.1,20,10763.28
2079,707,32,4,72996.06,15,248186.6
2080,707,27,1,23424.89,0,23424.89
2081,707,14,3,87561.13,15,223280.88
2082,707,61,4,18524.26,5,70392.19
2083,708,56,2,100863.62,0,201727.24
2084,709,61,3,18524.26,10,50015.5
2085,709,62,1,84917.09,20,67933.67
2086,710,54,1,53786.68,10,48408.01
2087,710,105,4,76452.42,0,305809.68
2088,710,55,4,54283.34,0,217133.36
2089,710,19,3,64845.01,0,194535.03
2090,711,36,2,79830.53,10,143694.95
2091,711,2,4,56747.46,20,181591.87
2092,711,21,1,52040.04,5,49438.04
2093,711,46,2,96591.13,10,173864.03
2094,712,119,4,1713.06,15,5824.4
2095,712,51,4,114029.73,20,364895.14
2096,712,9,2,81702.42,20,130723.87
2097,713,75,4,110385.22,0,441540.88
2098,713,80,1,39618.64,0,39618.64
2099,713,107,2,88188.54,5,167558.23
2100,714,14,2,87561.13,15,148853.92
2101,714,116,4,58762.22,0,235048.88
2102,715,98,1,12677.21,5,12043.35
2103,715,48,3,110137.67,0,330413.01
2104,715,78,4,77308.58,15,262849.17
2105,715,81,2,40831.32,20,65330.11
2106,716,26,2,83816.41,15,142487.9
2107,716,95,2,69307.71,0,138615.42
2108,717,100,1,95649.15,10,86084.24
2109,717,53,2,51495.52,20,82392.83
2110,717,73,4,80430.4,5,305635.52
2111,718,103,4,2011.93,15,6840.56
2112,718,9,4,81702.42,0,326809.68
2113,719,7,3,8795.78,0,26387.34
2114,719,77,2,67944.84,10,122300.71
2115,720,10,2,40072.41,20,64115.86
2116,720,69,3,64817.36,15,165284.27
2117,720,74,1,87039.67,20,69631.74
2118,721,26,1,83816.41,5,79625.59
2119,721,43,2,59578.07,20,95324.91
2120,721,114,3,80348.52,0,241045.56
2121,722,10,1,40072.41,20,32057.93
2122,722,54,4,53786.68,5,204389.38
2123,722,77,3,67944.84,0,203834.52
2124,723,39,2,18108.8,0,36217.6
2125,723,101,1,41990.85,0,41990.85
2126,723,109,2,93069.65,20,148911.44
2127,723,113,4,90181.92,0,360727.68
2128,724,71,1,58843.42,20,47074.74
2129,724,18,3,702.11,10,1895.7
2130,724,15,2,72941.96,10,131295.53
2131,724,57,4,58409.34,0,233637.36
2132,725,73,2,80430.4,0,160860.8
2133,725,6,1,48116.68,0,48116.68
2134,725,103,2,2011.93,15,3420.28
2135,725,2,2,56747.46,10,102145.43
2136,725,112,1,33831.93,10,30448.74
2137,726,85,1,119988.99,0,119988.99
2138,727,92,3,20550.8,5,58569.78
2139,727,39,3,18108.8,10,48893.76
2140,727,47,1,56013.71,0,56013.71
2141,727,100,3,95649.15,15,243905.33
2142,728,30,1,65978.5,10,59380.65
2143,728,40,2,118080.35,0,236160.7
2144,728,95,2,69307.71,15,117823.11
2145,728,71,4,58843.42,0,235373.68
2146,728,27,1,23424.89,15,19911.16
2147,729,36,4,79830.53,15,271423.8
2148,730,85,1,119988.99,10,107990.09
2149,730,56,1,100863.62,20,80690.9
2150,731,28,4,81439.49,15,276894.27
2151,731,97,1,9581.58,0,9581.58
2152,731,4,4,98554.1,10,354794.76
2153,731,44,4,78898.93,15,268256.36
2154,731,93,3,93446.13,5,266321.47
2155,732,103,1,2011.93,5,1911.33
2156,732,88,3,24323.6,10,65673.72
2157,732,36,4,79830.53,0,319322.12
2158,733,16,3,46530.85,20,111674.04
2159,734,60,1,107216.71,10,96495.04
2160,735,115,3,59569.63,0,178708.89
2161,735,79,4,22216.62,5,84423.16
2162,735,71,3,58843.42,10,158877.23
2163,736,30,1,65978.5,0,65978.5
2164,737,8,3,42461.96,10,114647.29
2165,737,92,1,20550.8,10,18495.72
2166,738,66,1,113554.41,5,107876.69
2167,739,19,3,64845.01,10,175081.53
2168,739,4,4,98554.1,10,354794.76
2169,739,42,4,23735.01,10,85446.04
2170,740,4,3,98554.1,20,236529.84
2171,740,14,3,87561.13,5,249549.22
2172,740,78,4,77308.58,20,247387.46
2173,740,28,1,81439.49,5,77367.52
2174,740,104,4,13111.9,0,52447.6
2175,741,94,1,13417.8,20,10734.24
2176,741,54,4,53786.68,20,172117.38
2177,741,69,4,64817.36,10,233342.5
2178,741,16,3,46530.85,5,132612.92
2179,741,109,3,93069.65,5,265248.5
2180,742,57,4,58409.34,10,210273.62
2181,742,94,1,13417.8,10,12076.02
2182,743,30,2,65978.5,15,112163.45
2183,743,73,2,80430.4,20,128688.64
2184,743,106,3,85023.38,10,229563.13
2185,743,17,3,30939.34,10,83536.22
2186,744,81,2,40831.32,15,69413.24
2187,744,113,1,90181.92,5,85672.82
2188,744,99,1,102110.04,15,86793.53
2189,744,26,3,83816.41,20,201159.38
2190,745,10,4,40072.41,15,136246.19
2191,745,17,3,30939.34,5,88177.12
2192,746,78,1,77308.58,10,69577.72
2193,746,79,4,22216.62,15,75536.51
2194,746,14,4,87561.13,15,297707.84
2195,746,93,3,93446.13,15,238287.63
2196,746,6,2,48116.68,5,91421.69
2197,747,49,3,16434.02,0,49302.06
2198,747,42,2,23735.01,10,42723.02
2199,747,57,4,58409.34,10,210273.62
2200,747,23,1,79774.8,20,63819.84
2201,748,6,2,48116.68,15,81798.36
2202,748,105,3,76452.42,20,183485.81
2203,749,36,2,79830.53,5,151678.01
2204,749,63,3,49208.12,10,132861.92
2205,749,57,1,58409.34,5,55488.87
2206,750,4,1,98554.1,20,78843.28
2207,750,77,2,67944.84,0,135889.68
2208,751,94,4,13417.8,10,48304.08
2209,751,57,1,58409.34,0,58409.34
2210,751,67,4,45955.53,15,156248.8
2211,751,17,4,30939.34,10,111381.62
2212,752,94,3,13417.8,5,38240.73
2213,752,10,3,40072.41,10,108195.51
2214,753,13,3,13454.1,5,38344.18
2215,753,120,1,10730.75,0,10730.75
2216,753,91,2,56071.56,5,106535.96
2217,753,102,4,8740.33,5,33213.25
2218,754,37,1,11659.77,20,9327.82
2219,754,17,2,30939.34,0,61878.68
2220,754,26,4,83816.41,0,335265.64
2221,754,82,4,33751.67,20,108005.34
2222,755,81,3,40831.32,15,104119.87
2223,755,75,2,110385.22,10,198693.4
2224,755,31,2,34786.19,10,62615.14
2225,755,82,4,33751.67,15,114755.68
2226,756,29,1,74054.03,10,66648.63
2227,757,85,4,119988.99,5,455958.16
2228,757,15,4,72941.96,15,248002.66
2229,757,45,4,93521.24,5,355380.71
2230,758,72,3,58534.22,10,158042.39
2231,759,35,4,79232.66,5,301084.11
2232,760,69,1,64817.36,20,51853.89
2233,760,27,3,23424.89,5,66760.94
2234,761,117,1,41170.49,0,41170.49
2235,761,46,2,96591.13,10,173864.03
2236,761,99,2,102110.04,5,194009.08
2237,762,43,2,59578.07,0,119156.14
2238,762,53,1,51495.52,0,51495.52
2239,762,28,1,81439.49,20,65151.59
2240,763,5,1,27139.36,15,23068.46
2241,763,35,4,79232.66,5,301084.11
2242,764,3,2,110255.0,0,220510.0
2243,764,2,4,56747.46,5,215640.35
2244,764,96,3,47900.21,10,129330.57
2245,764,107,4,88188.54,20,282203.33
2246,765,61,2,18524.26,15,31491.24
2247,765,49,3,16434.02,15,41906.75
2248,765,38,3,80899.08,20,194157.79
2249,765,55,2,54283.34,15,92281.68
2250,765,12,1,69880.47,15,59398.4
2251,766,51,2,114029.73,15,193850.54
2252,767,13,2,13454.1,5,25562.79
2253,768,93,1,93446.13,15,79429.21
2254,768,108,3,74101.53,15,188958.9
2255,768,73,3,80430.4,10,217162.08
2256,768,98,2,12677.21,0,25354.42
2257,768,30,3,65978.5,20,158348.4
2258,769,64,4,50185.02,15,170629.07
2259,769,41,1,54922.23,0,54922.23
2260,769,84,4,2816.3,0,11265.2
2261,769,31,4,34786.19,5,132187.52
2262,769,42,1,23735.01,5,22548.26
2263,770,114,4,80348.52,15,273184.97
2264,771,16,3,46530.85,20,111674.04
2265,771,56,3,100863.62,20,242072.69
2266,771,38,3,80899.08,20,194157.79
2267,772,67,4,45955.53,15,156248.8
2268,772,78,2,77308.58,10,139155.44
2269,772,33,2,53293.43,5,101257.52
2270,773,1,3,46213.74,5,131709.16
2271,774,60,2,107216.71,10,192990.08
2272,774,77,1,67944.84,5,64547.6
2273,774,21,3,52040.04,10,140508.11
2274,774,9,4,81702.42,20,261447.74
2275,774,45,3,93521.24,10,252507.35
2276,775,76,2,3722.49,0,7444.98
2277,776,76,3,3722.49,20,8933.98
2278,776,83,4,30646.45,5,116456.51
2279,776,99,2,102110.04,0,204220.08
2280,776,50,2,118553.15,5,225250.98
2281,776,43,1,59578.07,20,47662.46
2282,777,66,4,113554.41,15,386084.99
2283,777,104,4,13111.9,10,47202.84
2284,778,46,3,96591.13,20,231818.71
2285,778,40,1,118080.35,20,94464.28
2286,778,108,2,74101.53,5,140792.91
2287,778,67,3,45955.53,5,130973.26
2288,779,84,3,2816.3,15,7181.57
2289,779,45,3,93521.24,15,238479.16
2290,779,23,2,79774.8,20,127639.68
2291,779,4,2,98554.1,15,167541.97
2292,780,76,3,3722.49,10,10050.72
2293,781,83,1,30646.45,10,27581.81
2294,781,62,3,84917.09,0,254751.27
2295,781,51,1,114029.73,15,96925.27
2296,782,104,2,13111.9,5,24912.61
2297,782,14,2,87561.13,0,175122.26
2298,782,5,4,27139.36,0,108557.44
2299,782,48,1,110137.67,15,93617.02
2300,782,4,1,98554.1,10,88698.69
2301,783,115,3,59569.63,20,142967.11
2302,783,91,1,56071.56,15,47660.83
2303,783,22,4,110532.12,0,442128.48
2304,784,36,2,79830.53,20,127728.85
2305,785,60,1,107216.71,20,85773.37
2306,785,73,4,80430.4,0,321721.6
2307,785,108,1,74101.53,0,74101.53
2308,786,101,2,41990.85,10,75583.53
2309,786,2,4,56747.46,0,226989.84
2310,787,40,4,118080.35,10,425089.26
2311,787,7,2,8795.78,10,15832.4
2312,788,23,3,79774.8,15,203425.74
2313,788,38,3,80899.08,0,242697.24
2314,789,5,4,27139.36,5,103129.57
2315,789,107,2,88188.54,15,149920.52
2316,790,107,2,88188.54,10,158739.37
2317,790,96,2,47900.21,15,81430.36
2318,790,102,3,8740.33,0,26220.99
2319,790,35,1,79232.66,20,63386.13
2320,790,12,2,69880.47,15,118796.8
2321,791,42,1,23735.01,10,21361.51
2322,792,24,3,108055.6,10,291750.12
2323,793,74,4,87039.67,5,330750.75
2324,793,89,3,18709.69,10,50516.16
2325,793,56,3,100863.62,15,257202.23
2326,793,94,4,13417.8,10,48304.08
2327,793,52,1,73711.95,5,70026.35
2328,794,76,2,3722.49,10,6700.48
2329,794,4,2,98554.1,20,157686.56
2330,794,21,2,52040.04,5,98876.08
2331,794,66,3,113554.41,0,340663.23
2332,795,1,2,46213.74,10,83184.73
2333,795,85,3,119988.99,0,359966.97
2334,795,19,2,64845.01,5,123205.52
2335,795,26,2,83816.41,15,142487.9
2336,796,62,2,84917.09,10,152850.76
2337,797,107,1,88188.54,15,74960.26
2338,797,60,2,107216.71,10,192990.08
2339,797,91,2,56071.56,15,95321.65
2340,797,32,3,72996.06,10,197089.36
2341,798,86,2,78192.22,20,125107.55
2342,798,95,2,69307.71,5,131684.65
2343,798,76,3,3722.49,10,10050.72
2344,798,4,3,98554.1,20,236529.84
2345,799,28,3,81439.49,15,207670.7
2346,800,50,4,118553.15,0,474212.6
2347,800,87,3,90630.87,15,231108.72
2348,800,106,2,85023.38,5,161544.42
2349,801,84,4,2816.3,0,11265.2
2350,802,63,4,49208.12,15,167307.61
2351,803,104,3,13111.9,15,33435.34
2352,803,103,3,2011.93,20,4828.63
2353,803,117,3,41170.49,0,123511.47
2354,803,58,2,53064.77,15,90210.11
2355,803,65,4,47042.48,0,188169.92
2356,804,94,4,13417.8,10,48304.08
2357,804,112,1,33831.93,0,33831.93
2358,804,59,4,28521.98,15,96974.73
2359,804,56,3,100863.62,0,302590.86
2360,804,7,3,8795.78,10,23748.61
2361,805,54,3,53786.68,10,145224.04
2362,805,3,1,110255.0,20,88204.0
2363,805,58,1,53064.77,10,47758.29
2364,806,94,4,13417.8,15,45620.52
2365,806,19,3,64845.01,10,175081.53
2366,807,42,3,23735.01,0,71205.03
2367,808,119,3,1713.06,15,4368.3
2368,808,82,4,33751.67,0,135006.68
2369,808,96,2,47900.21,10,86220.38
2370,809,39,2,18108.8,0,36217.6
2371,809,79,3,22216.62,20,53319.89
2372,809,66,4,113554.41,5,431506.76
2373,810,78,4,77308.58,5,293772.6
2374,811,36,4,79830.53,20,255457.7
2375,811,35,3,79232.66,0,237697.98
2376,812,94,4,13417.8,20,42936.96
2377,812,92,4,20550.8,20,65762.56
2378,812,78,3,77308.58,20,185540.59
2379,813,60,4,107216.71,5,407423.5
2380,813,110,2,99175.28,15,168597.98
2381,814,72,3,58534.22,10,158042.39
2382,814,45,3,93521.24,10,252507.35
2383,814,11,4,105306.09,15,358040.71
2384,814,27,1,23424.89,5,22253.65
2385,815,97,3,9581.58,20,22995.79
2386,816,13,4,13454.1,5,51125.58
2387,817,71,2,58843.42,15,100033.81
2388,817,53,3,51495.52,10,139037.9
2389,817,46,3,96591.13,0,289773.39
2390,817,97,3,9581.58,20,22995.79
2391,818,106,2,85023.38,5,161544.42
2392,818,119,4,1713.06,10,6167.02
2393,818,58,1,53064.77,20,42451.82
2394,819,75,2,110385.22,0,220770.44
2395,819,84,2,2816.3,5,5350.97
2396,819,54,1,53786.68,20,43029.34
2397,819,53,4,51495.52,0,205982.08
2398,820,48,1,110137.67,20,88110.14
2399,821,48,2,110137.67,15,187234.04
2400,821,93,2,93446.13,10,168203.03
2401,821,112,2,33831.93,10,60897.47
2402,821,31,1,34786.19,0,34786.19
2403,822,102,4,8740.33,20,27969.06
2404,822,23,1,79774.8,20,63819.84
2405,823,96,1,47900.21,15,40715.18
2406,824,16,1,46530.85,15,39551.22
2407,824,92,4,20550.8,0,82203.2
2408,824,100,3,95649.15,15,243905.33
2409,824,78,1,77308.58,10,69577.72
2410,824,83,4,30646.45,20,98068.64
2411,825,97,3,9581.58,15,24433.03
2412,825,102,3,8740.33,5,24909.94
2413,825,15,2,72941.96,15,124001.33
2414,825,93,2,93446.13,10,168203.03
2415,825,22,1,110532.12,10,99478.91
2416,826,38,3,80899.08,15,206292.65
2417,826,89,3,18709.69,20,44903.26
2418,826,57,3,58409.34,20,140182.42
2419,827,47,3,56013.71,15,142834.96
2420,827,92,4,20550.8,10,73982.88
2421,827,38,2,80899.08,5,153708.25
2422,827,40,2,118080.35,20,188928.56
2423,827,21,3,52040.04,15,132702.1
2424,828,2,4,56747.46,15,192941.36
2425,828,34,2,61585.29,10,110853.52
2426,828,47,2,56013.71,20,89621.94
2427,828,93,3,93446.13,20,224270.71
2428,828,66,3,113554.41,15,289563.75
2429,829,86,1,78192.22,10,70373.0
2430,830,84,2,2816.3,10,5069.34
2431,831,47,1,56013.71,15,47611.65
2432,831,86,1,78192.22,10,70373.0
2433,832,103,1,2011.93,15,1710.14
2434,833,30,4,65978.5,5,250718.3
2435,833,89,1,18709.69,20,14967.75
2436,834,67,1,45955.53,5,43657.75
2437,834,39,2,18108.8,5,34406.72
2438,835,102,2,8740.33,15,14858.56
2439,835,82,1,33751.67,15,28688.92
2440,835,10,1,40072.41,15,34061.55
2441,836,56,4,100863.62,5,383281.76
2442,836,111,4,39015.4,0,156061.6
2443,836,116,3,58762.22,15,149843.66
2444,836,15,3,72941.96,15,186002.0
2445,836,93,2,93446.13,10,168203.03
2446,837,44,3,78898.93,15,201192.27
2447,837,36,1,79830.53,5,75839.0
2448,838,98,4,12677.21,10,45637.96
2449,839,98,2,12677.21,5,24086.7
2450,840,119,2,1713.06,10,3083.51
2451,840,79,2,22216.62,5,42211.58
2452,840,27,4,23424.89,5,89014.58
2453,841,101,2,41990.85,10,75583.53
2454,841,54,4,53786.68,10,193632.05
2455,841,100,3,95649.15,5,272600.08
2456,841,93,3,93446.13,10,252304.55
2457,841,35,3,79232.66,10,213928.18
2458,842,8,2,42461.96,15,72185.33
2459,842,53,3,51495.52,0,154486.56
2460,842,46,2,96591.13,5,183523.15
2461,842,83,3,30646.45,10,82745.42
2462,843,72,4,58534.22,10,210723.19
2463,843,95,1,69307.71,0,69307.71
2464,843,26,2,83816.41,5,159251.18
2465,843,103,3,2011.93,15,5130.42
2466,843,28,4,81439.49,0,325757.96
2467,844,49,3,16434.02,20,39441.65
2468,844,8,3,42461.96,15,108278.0
2469,844,13,3,13454.1,0,40362.3
2470,844,82,4,33751.67,5,128256.35
2471,844,44,1,78898.93,10,71009.04
2472,845,12,3,69880.47,20,167713.13
2473,845,57,3,58409.34,0,175228.02
2474,845,32,2,72996.06,0,145992.12
2475,845,42,3,23735.01,10,64084.53
2476,845,74,4,87039.67,5,330750.75
2477,846,33,1,53293.43,5,50628.76
2478,846,78,1,77308.58,15,65712.29
2479,846,96,4,47900.21,15,162860.71
2480,847,3,1,110255.0,20,88204.0
2481,847,73,3,80430.4,20,193032.96
2482,847,56,4,100863.62,10,363109.03
2483,848,69,2,64817.36,20,103707.78
2484,849,105,2,76452.42,10,137614.36
2485,849,36,1,79830.53,5,75839.0
2486,849,60,3,107216.71,15,273402.61
2487,849,58,4,53064.77,0,212259.08
2488,850,29,3,74054.03,15,188837.78
2489,851,99,3,102110.04,20,245064.1
2490,851,106,2,85023.38,5,161544.42
2491,852,109,3,93069.65,0,279208.95
2492,852,6,3,48116.68,10,129915.04
2493,852,100,2,95649.15,5,181733.38
2494,852,17,2,30939.34,10,55690.81
2495,852,70,2,96084.25,15,163343.23
2496,853,107,4,88188.54,0,352754.16
2497,854,99,1,102110.04,0,102110.04
2498,854,49,2,16434.02,20,26294.43
2499,855,46,2,96591.13,0,193182.26
2500,855,96,3,47900.21,15,122145.54
2501,855,41,3,54922.23,20,131813.35
2502,855,54,1,53786.68,15,45718.68
2503,855,25,1,80193.7,0,80193.7
2504,856,56,3,100863.62,5,287461.32
2505,857,6,2,48116.68,5,91421.69
2506,857,19,1,64845.01,5,61602.76
2507,857,109,2,93069.65,5,176832.33
2508,858,48,2,110137.67,15,187234.04
2509,858,80,2,39618.64,5,75275.42
2510,858,54,2,53786.68,5,102194.69
2511,859,117,3,41170.49,0,123511.47
2512,859,108,1,74101.53,10,66691.38
2513,859,34,1,61585.29,15,52347.5
2514,860,22,2,110532.12,0,221064.24
2515,860,21,4,52040.04,0,208160.16
2516,860,13,1,13454.1,15,11435.99
2517,860,2,4,56747.46,15,192941.36
2518,860,45,4,93521.24,5,355380.71
2519,861,42,3,23735.01,20,56964.02
2520,861,85,1,119988.99,15,101990.64
2521,862,85,1,119988.99,15,101990.64
2522,862,11,3,105306.09,20,252734.62
2523,863,91,3,56071.56,5,159803.95
2524,863,60,3,107216.71,15,273402.61
2525,863,86,3,78192.22,5,222847.83
2526,864,19,1,64845.01,5,61602.76
2527,865,81,4,40831.32,15,138826.49
2528,865,112,2,33831.93,15,57514.28
2529,866,44,3,78898.93,10,213027.11
2530,866,115,4,59569.63,20,190622.82
2531,866,24,4,108055.6,0,432222.4
2532,867,17,1,30939.34,0,30939.34
2533,867,13,3,13454.1,5,38344.18
2534,867,30,3,65978.5,10,178141.95
2535,867,59,4,28521.98,15,96974.73
2536,867,107,1,88188.54,20,70550.83
2537,868,68,2,36184.21,20,57894.74
2538,868,77,1,67944.84,20,54355.87
2539,868,100,3,95649.15,20,229557.96
2540,869,29,2,74054.03,20,118486.45
2541,869,108,4,74101.53,5,281585.81
2542,869,120,3,10730.75,0,32192.25
2543,869,97,4,9581.58,10,34493.69
2544,869,92,4,20550.8,20,65762.56
2545,870,10,3,40072.41,20,96173.78
2546,871,97,4,9581.58,5,36410.0
2547,872,51,3,114029.73,0,342089.19
2548,872,76,2,3722.49,10,6700.48
2549,872,25,2,80193.7,15,136329.29
2550,872,32,1,72996.06,20,58396.85
2551,873,2,3,56747.46,20,136193.9
2552,873,82,1,33751.67,20,27001.34
2553,873,16,4,46530.85,5,176817.23
2554,874,10,3,40072.41,10,108195.51
2555,874,113,1,90181.92,15,76654.63
2556,875,98,1,12677.21,0,12677.21
2557,875,38,3,80899.08,5,230562.38
2558,875,29,4,74054.03,15,251783.7
2559,875,67,4,45955.53,0,183822.12
2560,876,43,3,59578.07,0,178734.21
2561,876,54,1,53786.68,0,53786.68
2562,876,86,4,78192.22,5,297130.44
2563,876,108,4,74101.53,5,281585.81
2564,876,33,4,53293.43,10,191856.35
2565,877,67,1,45955.53,20,36764.42
2566,877,112,1,33831.93,20,27065.54
2567,877,119,1,1713.06,20,1370.45
2568,877,86,1,78192.22,0,78192.22
2569,877,49,2,16434.02,10,29581.24
2570,878,74,4,87039.67,15,295934.88
2571,878,111,1,39015.4,5,37064.63
2572,878,67,2,45955.53,0,91911.06
2573,878,5,3,27139.36,0,81418.08
2574,879,105,3,76452.42,5,217889.4
2575,879,88,3,24323.6,15,62025.18
2576,879,45,1,93521.24,10,84169.12
2577,880,95,3,69307.71,5,197526.97
2578,880,52,4,73711.95,0,294847.8
2579,880,97,3,9581.58,10,25870.27
2580,881,82,4,33751.67,10,121506.01
2581,882,45,3,93521.24,5,266535.53
2582,882,44,2,78898.93,10,142018.07
2583,882,104,1,13111.9,0,13111.9
2584,882,57,2,58409.34,20,93454.94
2585,883,26,1,83816.41,0,83816.41
2586,884,51,4,114029.73,0,456118.92
2587,884,18,3,702.11,20,1685.06
2588,884,118,1,84291.46,10,75862.31
2589,885,64,2,50185.02,5,95351.54
2590,886,3,4,110255.0,15,374867.0
2591,886,110,4,99175.28,20,317360.9
2592,887,81,4,40831.32,10,146992.75
2593,887,74,3,87039.67,10,235007.11
2594,887,114,4,80348.52,10,289254.67
2595,887,116,3,58762.22,5,167472.33
2596,888,102,2,8740.33,0,17480.66
2597,888,69,4,64817.36,20,207415.55
2598,889,106,1,85023.38,15,72269.87
2599,889,29,4,74054.03,15,251783.7
2600,889,60,4,107216.71,0,428866.84
2601,889,35,2,79232.66,0,158465.32
2602,889,74,4,87039.67,20,278526.94
2603,890,93,3,93446.13,20,224270.71
2604,891,40,3,118080.35,10,318816.95
2605,891,69,2,64817.36,20,103707.78
2606,891,90,4,80500.33,5,305901.25
2607,891,87,3,90630.87,0,271892.61
2608,892,9,2,81702.42,5,155234.6
2609,892,68,2,36184.21,5,68750.0
2610,892,53,1,51495.52,15,43771.19
2611,892,94,1,13417.8,10,12076.02
2612,892,21,1,52040.04,0,52040.04
2613,893,24,3,108055.6,5,307958.46
2614,893,13,4,13454.1,10,48434.76
2615,893,40,4,118080.35,0,472321.4
2616,894,44,4,78898.93,0,315595.72
2617,895,13,1,13454.1,0,13454.1
2618,895,22,3,110532.12,15,281856.91
2619,895,1,3,46213.74,0,138641.22
2620,896,24,1,108055.6,5,102652.82
2621,896,69,3,64817.36,20,155561.66
2622,896,28,2,81439.49,15,138447.13
2623,896,45,2,93521.24,20,149633.98
2624,897,120,3,10730.75,5,30582.64
2625,897,38,2,80899.08,0,161798.16
2626,897,14,4,87561.13,5,332732.29
2627,898,86,1,78192.22,10,70373.0
2628,899,46,1,96591.13,15,82102.46
2629,900,73,4,80430.4,20,257377.28
2630,900,74,2,87039.67,10,156671.41
2631,900,90,3,80500.33,5,229425.94
2632,900,69,4,64817.36,5,246305.97
2633,900,67,3,45955.53,15,117186.6
2634,901,72,4,58534.22,10,210723.19
2635,901,62,4,84917.09,10,305701.52
2636,901,79,1,22216.62,20,17773.3
2637,902,70,1,96084.25,20,76867.4
2638,902,23,1,79774.8,0,79774.8
2639,902,83,3,30646.45,15,78148.45
2640,902,41,2,54922.23,10,98860.01
2641,902,95,1,69307.71,15,58911.55
2642,903,13,2,13454.1,5,25562.79
2643,903,59,3,28521.98,0,85565.94
2644,904,119,4,1713.06,5,6509.63
2645,905,23,2,79774.8,10,143594.64
2646,905,50,4,118553.15,0,474212.6
2647,905,106,2,85023.38,5,161544.42
2648,906,27,3,23424.89,15,59733.47
2649,906,113,1,90181.92,15,76654.63
2650,906,84,4,2816.3,15,9575.42
2651,907,6,2,48116.68,5,91421.69
2652,907,90,1,80500.33,0,80500.33
2653,907,99,1,102110.04,5,97004.54
2654,907,58,4,53064.77,0,212259.08
2655,908,37,3,11659.77,0,34979.31
2656,908,69,1,64817.36,15,55094.76
2657,908,110,2,99175.28,0,198350.56
2658,908,73,4,80430.4,5,305635.52
2659,909,107,4,88188.54,5,335116.45
2660,910,57,1,58409.34,20,46727.47
2661,910,77,2,67944.84,5,129095.2
2662,911,118,4,84291.46,5,320307.55
2663,911,23,1,79774.8,15,67808.58
2664,911,45,4,93521.24,5,355380.71
2665,912,4,2,98554.1,20,157686.56
2666,912,112,3,33831.93,20,81196.63
2667,912,57,2,58409.34,5,110977.75
2668,912,9,3,81702.42,0,245107.26
2669,913,93,3,93446.13,10,252304.55
2670,913,120,1,10730.75,5,10194.21
2671,914,99,2,102110.04,0,204220.08
2672,914,73,1,80430.4,0,80430.4
2673,914,16,4,46530.85,20,148898.72
2674,914,110,4,99175.28,10,357031.01
2675,915,45,4,93521.24,5,355380.71
2676,915,82,4,33751.67,20,108005.34
2677,915,59,3,28521.98,5,81287.64
2678,916,56,3,100863.62,5,287461.32
2679,917,108,3,74101.53,5,211189.36
2680,917,81,4,40831.32,15,138826.49
2681,918,47,4,56013.71,5,212852.1
2682,918,44,2,78898.93,5,149907.97
2683,918,42,2,23735.01,5,45096.52
2684,918,86,2,78192.22,20,125107.55
2685,919,14,3,87561.13,20,210146.71
2686,919,70,4,96084.25,0,384337.0
2687,919,84,2,2816.3,5,5350.97
2688,919,58,3,53064.77,20,127355.45
2689,920,89,2,18709.69,15,31806.47
2690,921,74,2,87039.67,15,147967.44
2691,921,101,3,41990.85,15,107076.67
2692,921,103,2,2011.93,5,3822.67
2693,921,26,4,83816.41,10,301739.08
2694,922,2,1,56747.46,10,51072.71
2695,923,108,3,74101.53,20,177843.67
2696,923,9,4,81702.42,15,277788.23
2697,923,47,3,56013.71,5,159639.07
2698,924,54,4,53786.68,5,204389.38
2699,924,16,4,46530.85,10,167511.06
2700,925,18,4,702.11,15,2387.17
2701,926,75,1,110385.22,15,93827.44
2702,926,74,3,87039.67,10,235007.11
2703,926,24,1,108055.6,10,97250.04
2704,926,58,1,53064.77,5,50411.53
2705,927,82,3,33751.67,0,101255.01
2706,927,42,3,23735.01,20,56964.02
2707,928,109,3,93069.65,20,223367.16
2708,928,33,1,53293.43,15,45299.42
2709,928,25,3,80193.7,5,228552.04
2710,929,6,4,48116.68,0,192466.72
2711,929,35,3,79232.66,20,190158.38
2712,929,96,1,47900.21,5,45505.2
2713,930,116,4,58762.22,15,199791.55
2714,930,61,1,18524.26,10,16671.83
2715,931,91,3,56071.56,20,134571.74
2716,931,44,2,78898.93,15,134128.18
2717,931,17,3,30939.34,10,83536.22
2718,931,45,1,93521.24,15,79493.05
2719,932,104,2,13111.9,0,26223.8
2720,933,111,1,39015.4,0,39015.4
2721,934,81,1,40831.32,20,32665.06
2722,934,112,1,33831.93,0,33831.93
2723,934,43,2,59578.07,5,113198.33
2724,934,101,1,41990.85,5,39891.31
2725,935,50,3,118553.15,20,284527.56
2726,936,37,1,11659.77,15,9910.8
2727,936,94,2,13417.8,20,21468.48
2728,936,87,1,90630.87,0,90630.87
2729,936,76,2,3722.49,5,7072.73
2730,937,24,3,108055.6,5,307958.46
2731,937,109,2,93069.65,15,158218.4
2732,938,55,3,54283.34,5,154707.52
2733,938,33,1,53293.43,10,47964.09
2734,939,80,4,39618.64,0,158474.56
2735,940,87,3,90630.87,15,231108.72
2736,940,9,3,81702.42,15,208341.17
2737,940,73,3,80430.4,15,205097.52
2738,940,34,3,61585.29,15,157042.49
2739,940,94,3,13417.8,20,32202.72
2740,941,60,4,107216.71,15,364536.81
2741,941,113,4,90181.92,15,306618.53
2742,941,42,2,23735.01,5,45096.52
2743,941,119,4,1713.06,15,5824.4
2744,942,52,1,73711.95,15,62655.16
2745,942,47,2,56013.71,5,106426.05
2746,943,44,4,78898.93,15,268256.36
2747,943,26,2,83816.41,10,150869.54
2748,943,3,3,110255.0,5,314226.75
2749,944,86,1,78192.22,10,70373.0
2750,944,8,4,42461.96,20,135878.27
2751,944,46,3,96591.13,5,275284.72
2752,944,14,2,87561.13,20,140097.81
2753,945,44,3,78898.93,20,189357.43
2754,945,81,4,40831.32,20,130660.22
2755,946,48,4,110137.67,0,440550.68
2756,946,73,1,80430.4,15,68365.84
2757,947,101,3,41990.85,5,119673.92
2758,947,36,2,79830.53,10,143694.95
2759,947,72,2,58534.22,20,93654.75
2760,947,44,2,78898.93,5,149907.97
2761,948,97,1,9581.58,20,7665.26
2762,948,19,4,64845.01,15,220473.03
2763,948,80,3,39618.64,0,118855.92
2764,948,42,4,23735.01,15,80699.03
2765,949,32,3,72996.06,10,197089.36
2766,949,29,4,74054.03,20,236972.9
2767,949,82,2,33751.67,10,60753.01
2768,949,1,3,46213.74,15,117845.04
2769,950,16,2,46530.85,20,74449.36
2770,950,38,3,80899.08,5,230562.38
2771,950,94,4,13417.8,15,45620.52
2772,950,8,1,42461.96,10,38215.76
2773,950,95,3,69307.71,5,197526.97
2774,951,58,4,53064.77,20,169807.26
2775,951,81,2,40831.32,20,65330.11
2776,952,59,3,28521.98,0,85565.94
2777,952,37,1,11659.77,0,11659.77
2778,952,21,3,52040.04,20,124896.1
2779,952,76,4,3722.49,10,13400.96
2780,952,17,2,30939.34,10,55690.81
2781,953,42,1,23735.01,10,21361.51
2782,953,79,3,22216.62,20,53319.89
2783,954,64,1,50185.02,5,47675.77
2784,954,9,2,81702.42,0,163404.84
2785,955,53,3,51495.52,0,154486.56
2786,956,71,1,58843.42,5,55901.25
2787,956,106,4,85023.38,5,323088.84
2788,957,7,2,8795.78,15,14952.83
2789,958,41,4,54922.23,0,219688.92
2790,958,42,3,23735.01,15,60524.28
2791,958,50,1,118553.15,15,100770.18
2792,958,97,1,9581.58,0,9581.58
2793,958,82,2,33751.67,20,54002.67
2794,959,75,3,110385.22,20,264924.53
2795,960,37,4,11659.77,5,44307.13
2796,960,35,2,79232.66,20,126772.26
2797,960,72,3,58534.22,10,158042.39
2798,960,48,2,110137.67,10,198247.81
2799,960,66,3,113554.41,15,289563.75
2800,961,99,1,102110.04,15,86793.53
2801,961,52,1,73711.95,5,70026.35
2802,961,27,2,23424.89,20,37479.82
2803,961,24,3,108055.6,5,307958.46
2804,961,15,3,72941.96,10,196943.29
2805,962,2,2,56747.46,10,102145.43
2806,962,28,2,81439.49,15,138447.13
2807,962,107,4,88188.54,10,317478.74
2808,963,10,1,40072.41,0,40072.41
2809,963,79,1,22216.62,20,17773.3
2810,964,21,2,52040.04,15,88468.07
2811,964,13,3,13454.1,0,40362.3
2812,964,7,3,8795.78,15,22429.24
2813,964,48,1,110137.67,10,99123.9
2814,964,28,1,81439.49,0,81439.49
2815,965,113,4,90181.92,5,342691.3
2816,966,35,1,79232.66,5,75271.03
2817,966,3,2,110255.0,0,220510.0
2818,966,90,4,80500.33,15,273701.12
2819,966,73,1,80430.4,0,80430.4
2820,966,62,4,84917.09,15,288718.11
2821,967,99,3,102110.04,10,275697.11
2822,968,89,1,18709.69,0,18709.69
2823,968,58,4,53064.77,20,169807.26
2824,969,48,2,110137.67,10,198247.81
2825,969,59,3,28521.98,20,68452.75
2826,969,106,2,85023.38,10,153042.08
2827,969,61,3,18524.26,15,47236.86
2828,969,70,2,96084.25,20,153734.8
2829,970,87,4,90630.87,0,362523.48
2830,970,70,3,96084.25,5,273840.11
2831,970,53,3,51495.52,10,139037.9
2832,970,47,4,56013.71,15,190446.61
2833,971,77,2,67944.84,20,108711.74
2834,971,44,2,78898.93,5,149907.97
2835,972,6,3,48116.68,20,115480.03
2836,972,67,2,45955.53,5,87315.51
2837,972,14,3,87561.13,15,223280.88
2838,972,74,1,87039.67,10,78335.7
2839,972,1,3,46213.74,20,110912.98
2840,973,29,4,74054.03,5,281405.31
2841,974,64,2,50185.02,0,100370.04
2842,975,105,2,76452.42,0,152904.84
2843,976,9,3,81702.42,15,208341.17
2844,977,44,2,78898.93,10,142018.07
2845,977,50,4,118553.15,20,379370.08
2846,977,48,4,110137.67,20,352440.54
2847,978,90,4,80500.33,20,257601.06
2848,978,61,1,18524.26,15,15745.62
2849,978,111,3,39015.4,15,99489.27
2850,979,11,2,105306.09,0,210612.18
2851,980,40,4,118080.35,5,448705.33
2852,980,71,4,58843.42,0,235373.68
2853,980,100,1,95649.15,5,90866.69
2854,981,36,1,79830.53,10,71847.48
2855,981,90,1,80500.33,20,64400.26
2856,981,73,4,80430.4,5,305635.52
2857,981,50,4,118553.15,10,426791.34
2858,982,108,2,74101.53,15,125972.6
2859,982,10,4,40072.41,5,152275.16
2860,983,111,4,39015.4,5,148258.52
2861,983,88,4,24323.6,0,97294.4
2862,983,75,1,110385.22,5,104865.96
2863,984,3,3,110255.0,20,264612.0
2864,984,91,1,56071.56,15,47660.83
2865,984,68,4,36184.21,0,144736.84
2866,984,115,3,59569.63,15,151902.56
2867,985,61,2,18524.26,5,35196.09
2868,985,52,1,73711.95,0,73711.95
2869,985,65,2,47042.48,0,94084.96
2870,986,9,4,81702.42,0,326809.68
2871,986,102,1,8740.33,5,8303.31
2872,986,85,2,119988.99,5,227979.08
2873,986,24,3,108055.6,5,307958.46
2874,987,68,3,36184.21,20,86842.1
2875,988,25,4,80193.7,15,272658.58
2876,988,85,4,119988.99,5,455958.16
2877,989,86,2,78192.22,0,156384.44
2878,989,17,4,30939.34,20,99005.89
2879,990,106,4,85023.38,0,340093.52
2880,990,34,4,61585.29,0,246341.16
2881,991,58,2,53064.77,5,100823.06
2882,991,78,4,77308.58,20,247387.46
2883,991,108,4,74101.53,5,281585.81
2884,991,111,2,39015.4,20,62424.64
2885,992,72,1,58534.22,5,55607.51
2886,993,39,3,18108.8,10,48893.76
2887,993,108,4,74101.53,20,237124.9
2888,993,69,4,64817.36,15,220379.02
2889,994,69,1,64817.36,10,58335.62
2890,994,67,3,45955.53,10,124079.93
2891,994,79,3,22216.62,20,53319.89
2892,995,25,4,80193.7,10,288697.32
2893,995,106,3,85023.38,20,204056.11
2894,995,43,4,59578.07,5,226396.67
2895,996,92,3,20550.8,5,58569.78
2896,996,70,4,96084.25,20,307469.6
2897,996,71,2,58843.42,0,117686.84
2898,997,114,4,80348.52,10,289254.67
2899,997,83,2,30646.45,15,52098.96
2900,998,33,1,53293.43,15,45299.42
2901,999,59,3,28521.98,20,68452.75
2902,999,120,4,10730.75,5,40776.85
2903,999,71,3,58843.42,0,176530.26
2904,999,75,4,110385.22,15,375309.75
2905,1000,16,1,46530.85,0,46530.85
2906,1000,47,1,56013.71,10,50412.34
2907,1001,27,1,23424.89,0,23424.89
2908,1001,6,1,48116.68,10,43305.01
2909,1001,115,3,59569.63,10,160838.0
2910,1001,85,4,119988.99,5,455958.16
2911,1002,71,3,58843.42,5,167703.75
2912,1003,74,3,87039.67,15,221951.16
2913,1004,115,2,59569.63,10,107225.33
2914,1004,23,1,79774.8,0,79774.8
2915,1005,28,1,81439.49,15,69223.57
2916,1005,30,4,65978.5,15,224326.9
2917,1005,13,2,13454.1,15,22871.97
2918,1005,109,4,93069.65,0,372278.6
2919,1006,42,4,23735.01,15,80699.03
2920,1006,3,2,110255.0,10,198459.0
2921,1006,64,2,50185.02,0,100370.04
2922,1007,52,3,73711.95,5,210079.06
2923,1007,36,4,79830.53,20,255457.7
2924,1007,32,4,72996.06,0,291984.24
2925,1008,74,1,87039.67,15,73983.72
2926,1008,45,4,93521.24,15,317972.22
2927,1008,47,4,56013.71,0,224054.84
2928,1008,49,4,16434.02,10,59162.47
2929,1009,110,2,99175.28,0,198350.56
2930,1009,75,4,110385.22,10,397386.79
2931,1010,7,3,8795.78,15,22429.24
2932,1010,33,2,53293.43,10,95928.17
2933,1010,11,2,105306.09,15,179020.35
2934,1010,68,3,36184.21,5,103125.0
2935,1010,120,2,10730.75,15,18242.27
2936,1011,37,4,11659.77,15,39643.22
2937,1011,71,2,58843.42,5,111802.5
2938,1012,16,3,46530.85,5,132612.92
2939,1012,100,2,95649.15,20,153038.64
2940,1012,60,2,107216.71,5,203711.75
2941,1012,71,1,58843.42,10,52959.08
2942,1012,98,2,12677.21,10,22818.98
2943,1013,109,2,93069.65,20,148911.44
2944,1013,17,3,30939.34,20,74254.42
2945,1014,21,1,52040.04,0,52040.04
2946,1014,82,4,33751.67,5,128256.35
2947,1015,70,4,96084.25,20,307469.6
2948,1015,93,3,93446.13,20,224270.71
2949,1015,52,4,73711.95,10,265363.02
2950,1015,114,4,80348.52,5,305324.38
2951,1015,68,4,36184.21,5,137500.0
2952,1016,78,4,77308.58,15,262849.17
2953,1017,56,2,100863.62,15,171468.15
2954,1017,100,2,95649.15,10,172168.47
2955,1018,52,2,73711.95,15,125310.31
2956,1018,60,2,107216.71,15,182268.41
2957,1018,92,1,20550.8,5,19523.26
2958,1018,48,2,110137.67,0,220275.34
2959,1019,10,4,40072.41,0,160289.64
2960,1019,77,4,67944.84,0,271779.36
2961,1019,38,3,80899.08,10,218427.52
2962,1019,46,2,96591.13,10,173864.03
2963,1020,35,3,79232.66,0,237697.98
2964,1020,8,4,42461.96,15,144370.66
2965,1020,4,3,98554.1,20,236529.84
2966,1020,66,4,113554.41,10,408795.88
2967,1020,28,3,81439.49,10,219886.62
2968,1021,86,1,78192.22,5,74282.61
2969,1022,19,2,64845.01,0,129690.02
2970,1022,98,4,12677.21,10,45637.96
2971,1022,118,4,84291.46,5,320307.55
2972,1023,54,2,53786.68,15,91437.36
2973,1023,103,3,2011.93,5,5734.0
2974,1024,60,2,107216.71,15,182268.41
2975,1024,118,1,84291.46,0,84291.46
2976,1025,72,3,58534.22,10,158042.39
2977,1025,71,2,58843.42,20,94149.47
2978,1025,114,3,80348.52,20,192836.45
2979,1025,116,2,58762.22,5,111648.22
2980,1025,105,1,76452.42,15,64984.56
2981,1026,7,3,8795.78,0,26387.34
2982,1026,76,2,3722.49,20,5955.98
2983,1026,39,2,18108.8,5,34406.72
2984,1026,103,2,2011.93,15,3420.28
2985,1027,54,1,53786.68,5,51097.35
2986,1027,73,2,80430.4,20,128688.64
2987,1027,43,4,59578.07,0,238312.28
2988,1027,39,3,18108.8,0,54326.4
2989,1028,48,2,110137.67,15,187234.04
2990,1028,16,4,46530.85,15,158204.89
2991,1028,40,2,118080.35,15,200736.6
2992,1029,77,4,67944.84,0,271779.36
2993,1029,42,1,23735.01,0,23735.01
2994,1030,7,4,8795.78,5,33423.96
2995,1030,1,1,46213.74,5,43903.05
2996,1031,43,1,59578.07,0,59578.07
2997,1031,13,1,13454.1,5,12781.4
2998,1031,5,2,27139.36,15,46136.91
2999,1032,107,3,88188.54,5,251337.34
3000,1033,89,1,18709.69,15,15903.24
3001,1033,37,3,11659.77,5,33230.34
3002,1034,54,3,53786.68,10,145224.04
3003,1034,104,2,13111.9,5,24912.61
3004,1034,120,4,10730.75,5,40776.85
3005,1034,31,2,34786.19,0,69572.38
3006,1035,93,3,93446.13,10,252304.55
3007,1035,10,3,40072.41,20,96173.78
3008,1036,94,2,13417.8,15,22810.26
3009,1036,76,1,3722.49,10,3350.24
3010,1036,39,2,18108.8,15,30784.96
3011,1036,120,2,10730.75,10,19315.35
3012,1036,91,1,56071.56,0,56071.56
3013,1037,58,3,53064.77,15,135315.16
3014,1037,18,3,702.11,20,1685.06
3015,1037,105,2,76452.42,0,152904.84
3016,1038,6,2,48116.68,5,91421.69
3017,1038,114,4,80348.52,10,289254.67
3018,1039,92,3,20550.8,10,55487.16
3019,1039,44,1,78898.93,0,78898.93
3020,1039,103,4,2011.93,20,6438.18
3021,1040,76,1,3722.49,15,3164.12
3022,1040,79,3,22216.62,20,53319.89
3023,1040,119,4,1713.06,0,6852.24
3024,1040,26,3,83816.41,10,226304.31
3025,1040,56,1,100863.62,15,85734.08
3026,1041,30,2,65978.5,15,112163.45
3027,1041,119,3,1713.06,10,4625.26
3028,1041,41,1,54922.23,5,52176.12
3029,1041,107,3,88188.54,15,224880.78
3030,1041,76,3,3722.49,0,11167.47
3031,1042,7,4,8795.78,0,35183.12
3032,1042,10,3,40072.41,20,96173.78
3033,1042,103,1,2011.93,15,1710.14
3034,1042,36,2,79830.53,20,127728.85
3035,1043,93,2,93446.13,0,186892.26
3036,1043,43,4,59578.07,0,238312.28
3037,1043,23,3,79774.8,5,227358.18
3038,1043,70,4,96084.25,0,384337.0
3039,1043,84,1,2816.3,5,2675.49
3040,1044,116,2,58762.22,5,111648.22
3041,1044,55,3,54283.34,0,162850.02
3042,1045,112,1,33831.93,5,32140.33
3043,1045,16,1,46530.85,10,41877.76
3044,1046,66,3,113554.41,0,340663.23
3045,1046,16,3,46530.85,0,139592.55
3046,1046,62,3,84917.09,5,242013.71
3047,1046,86,4,78192.22,5,297130.44
3048,1047,44,2,78898.93,15,134128.18
3049,1047,21,3,52040.04,0,156120.12
3050,1048,22,4,110532.12,20,353702.78
3051,1048,25,1,80193.7,5,76184.01
3052,1049,26,1,83816.41,15,71243.95
3053,1049,116,2,58762.22,0,117524.44
3054,1049,6,3,48116.68,0,144350.04
3055,1050,18,1,702.11,20,561.69
3056,1051,93,1,93446.13,10,84101.52
3057,1051,98,2,12677.21,10,22818.98
3058,1051,44,4,78898.93,10,284036.15
3059,1051,16,1,46530.85,0,46530.85
3060,1051,80,1,39618.64,10,35656.78
3061,1052,68,3,36184.21,0,108552.63
3062,1053,24,2,108055.6,20,172888.96
3063,1053,92,1,20550.8,10,18495.72
3064,1053,12,1,69880.47,0,69880.47
3065,1054,103,3,2011.93,20,4828.63
3066,1054,11,1,105306.09,20,84244.87
3067,1054,30,3,65978.5,20,158348.4
3068,1054,7,3,8795.78,0,26387.34
3069,1054,36,4,79830.53,0,319322.12
3070,1055,9,1,81702.42,0,81702.42
3071,1055,13,4,13454.1,0,53816.4
3072,1056,115,2,59569.63,5,113182.3
3073,1056,102,1,8740.33,0,8740.33
3074,1056,32,4,72996.06,5,277385.03
3075,1056,11,2,105306.09,5,200081.57
3076,1056,43,2,59578.07,15,101282.72
3077,1057,56,2,100863.62,20,161381.79
3078,1058,53,2,51495.52,20,82392.83
3079,1058,117,1,41170.49,15,34994.92
3080,1058,75,3,110385.22,20,264924.53
3081,1058,37,4,11659.77,0,46639.08
3082,1058,35,1,79232.66,15,67347.76
3083,1059,16,1,46530.85,5,44204.31
3084,1059,86,2,78192.22,0,156384.44
3085,1059,32,1,72996.06,15,62046.65
3086,1059,17,2,30939.34,5,58784.75
3087,1059,92,3,20550.8,0,61652.4
3088,1060,14,2,87561.13,5,166366.15
3089,1060,44,1,78898.93,10,71009.04
3090,1060,27,3,23424.89,15,59733.47
3091,1060,58,4,53064.77,20,169807.26
3092,1061,50,2,118553.15,5,225250.98
3093,1061,46,4,96591.13,15,328409.84
3094,1062,8,1,42461.96,15,36092.67
3095,1062,101,3,41990.85,5,119673.92
3096,1063,61,1,18524.26,20,14819.41
3097,1064,108,3,74101.53,5,211189.36
3098,1064,62,4,84917.09,5,322684.94
3099,1064,50,4,118553.15,5,450501.97
3100,1065,83,3,30646.45,20,73551.48
3101,1065,120,3,10730.75,0,32192.25
3102,1065,19,3,64845.01,20,155628.02
3103,1065,15,3,72941.96,15,186002.0
3104,1065,35,1,79232.66,0,79232.66
3105,1066,110,2,99175.28,15,168597.98
3106,1066,79,1,22216.62,5,21105.79
3107,1066,74,1,87039.67,10,78335.7
3108,1066,103,4,2011.93,20,6438.18
3109,1066,119,3,1713.06,0,5139.18
3110,1067,90,2,80500.33,15,136850.56
3111,1067,103,3,2011.93,0,6035.79
3112,1067,35,4,79232.66,15,269391.04
3113,1068,98,4,12677.21,5,48173.4
3114,1068,31,4,34786.19,20,111315.81
3115,1068,69,1,64817.36,0,64817.36
3116,1068,43,1,59578.07,20,47662.46
3117,1069,95,4,69307.71,5,263369.3
3118,1069,10,2,40072.41,5,76137.58
3119,1069,14,2,87561.13,10,157610.03
3120,1069,88,1,24323.6,0,24323.6
3121,1069,71,3,58843.42,0,176530.26
3122,1070,12,2,69880.47,20,111808.75
3123,1070,44,1,78898.93,0,78898.93
3124,1071,85,1,119988.99,15,101990.64
3125,1071,97,2,9581.58,15,16288.69
3126,1072,1,3,46213.74,10,124777.1
3127,1072,55,4,54283.34,20,173706.69
3128,1072,90,2,80500.33,0,161000.66
3129,1073,95,2,69307.71,5,131684.65
3130,1073,6,2,48116.68,5,91421.69
3131,1074,16,2,46530.85,10,83755.53
3132,1075,49,1,16434.02,20,13147.22
3133,1075,1,2,46213.74,15,78563.36
3134,1075,22,1,110532.12,0,110532.12
3135,1075,48,2,110137.67,5,209261.57
3136,1076,92,3,20550.8,15,52404.54
3137,1076,67,2,45955.53,20,73528.85
3138,1076,72,2,58534.22,15,99508.17
3139,1077,26,4,83816.41,10,301739.08
3140,1078,116,2,58762.22,20,94019.55
3141,1078,7,1,8795.78,20,7036.62
3142,1079,31,1,34786.19,20,27828.95
3143,1079,117,1,41170.49,5,39111.97
3144,1080,43,2,59578.07,0,119156.14
3145,1080,71,4,58843.42,15,200067.63
3146,1080,18,2,702.11,5,1334.01
3147,1081,93,3,93446.13,15,238287.63
3148,1081,82,2,33751.67,10,60753.01
3149,1081,70,3,96084.25,0,288252.75
3150,1081,11,1,105306.09,0,105306.09
3151,1082,11,1,105306.09,15,89510.18
3152,1082,89,3,18709.69,0,56129.07
3153,1082,25,1,80193.7,5,76184.01
3154,1082,62,3,84917.09,10,229276.14
3155,1082,104,4,13111.9,0,52447.6
3156,1083,77,4,67944.84,10,244601.42
3157,1083,86,4,78192.22,20,250215.1
3158,1084,49,4,16434.02,15,55875.67
3159,1084,61,1,18524.26,0,18524.26
3160,1084,6,1,48116.68,0,48116.68
3161,1085,93,2,93446.13,15,158858.42
3162,1085,67,4,45955.53,20,147057.7
3163,1085,36,1,79830.53,5,75839.0
3164,1086,47,3,56013.71,5,159639.07
3165,1087,7,4,8795.78,20,28146.5
3166,1087,53,4,51495.52,20,164785.66
3167,1087,27,3,23424.89,0,70274.67
3168,1087,31,2,34786.19,5,66093.76
3169,1088,16,1,46530.85,10,41877.76
3170,1088,114,3,80348.52,5,228993.28
3171,1088,72,4,58534.22,15,199016.35
3172,1088,118,2,84291.46,20,134866.34
3173,1088,68,2,36184.21,15,61513.16
3174,1089,19,4,64845.01,20,207504.03
3175,1090,53,1,51495.52,5,48920.74
3176,1090,39,4,18108.8,5,68813.44
3177,1090,21,3,52040.04,20,124896.1
3178,1091,38,3,80899.08,10,218427.52
3179,1091,81,3,40831.32,0,122493.96
3180,1091,50,2,118553.15,15,201540.35
3181,1091,21,2,52040.04,10,93672.07
3182,1092,86,1,78192.22,15,66463.39
3183,1093,118,1,84291.46,10,75862.31
3184,1093,3,2,110255.0,20,176408.0
3185,1093,99,2,102110.04,10,183798.07
3186,1093,29,3,74054.03,5,211053.99
3187,1093,94,4,13417.8,20,42936.96
3188,1094,110,3,99175.28,5,282649.55
3189,1095,41,2,54922.23,5,104352.24
3190,1095,114,1,80348.52,0,80348.52
3191,1095,91,1,56071.56,20,44857.25
3192,1095,16,4,46530.85,20,148898.72
3193,1095,51,4,114029.73,0,456118.92
3194,1096,64,2,50185.02,15,85314.53
3195,1096,28,3,81439.49,5,232102.55
3196,1097,64,4,50185.02,20,160592.06
3197,1097,98,4,12677.21,20,40567.07
3198,1097,42,1,23735.01,0,23735.01
3199,1097,50,2,118553.15,5,225250.98
3200,1097,13,1,13454.1,0,13454.1
3201,1098,119,3,1713.06,15,4368.3
3202,1098,2,4,56747.46,10,204290.86
3203,1098,32,3,72996.06,20,175190.54
3204,1098,89,1,18709.69,15,15903.24
3205,1098,49,1,16434.02,20,13147.22
3206,1099,10,3,40072.41,20,96173.78
3207,1100,68,1,36184.21,20,28947.37
3208,1100,62,2,84917.09,15,144359.05
3209,1100,44,2,78898.93,5,149907.97
3210,1100,108,2,74101.53,5,140792.91
3211,1101,54,3,53786.68,0,161360.04
3212,1101,10,3,40072.41,5,114206.37
3213,1101,12,4,69880.47,0,279521.88
3214,1102,56,1,100863.62,0,100863.62
3215,1102,102,2,8740.33,15,14858.56
3216,1102,96,1,47900.21,0,47900.21
3217,1102,6,2,48116.68,0,96233.36
3218,1103,50,2,118553.15,15,201540.35
3219,1104,46,4,96591.13,20,309091.62
3220,1104,7,2,8795.78,15,14952.83
3221,1104,105,1,76452.42,15,64984.56
3222,1105,38,1,80899.08,5,76854.13
3223,1105,96,3,47900.21,20,114960.5
3224,1105,6,1,48116.68,20,38493.34
3225,1106,95,1,69307.71,5,65842.32
3226,1106,115,2,59569.63,10,107225.33
3227,1106,68,1,36184.21,0,36184.21
3228,1106,18,1,702.11,10,631.9
3229,1106,53,4,51495.52,0,205982.08
3230,1107,74,1,87039.67,15,73983.72
3231,1107,24,3,108055.6,20,259333.44
3232,1107,120,2,10730.75,15,18242.27
3233,1108,107,4,88188.54,0,352754.16
3234,1108,71,3,58843.42,5,167703.75
3235,1108,83,3,30646.45,20,73551.48
3236,1109,99,3,102110.04,20,245064.1
3237,1110,100,4,95649.15,20,306077.28
3238,1110,19,1,64845.01,15,55118.26
3239,1110,56,1,100863.62,20,80690.9
3240,1111,83,4,30646.45,5,116456.51
3241,1112,86,3,78192.22,5,222847.83
3242,1112,85,2,119988.99,20,191982.38
3243,1112,78,1,77308.58,10,69577.72
3244,1113,79,2,22216.62,15,37768.25
3245,1113,56,3,100863.62,20,242072.69
3246,1113,44,2,78898.93,15,134128.18
3247,1113,4,3,98554.1,0,295662.3
3248,1113,71,4,58843.42,20,188298.94
3249,1114,72,4,58534.22,15,199016.35
3250,1115,33,2,53293.43,10,95928.17
3251,1116,35,1,79232.66,5,75271.03
3252,1116,81,4,40831.32,5,155159.02
3253,1116,116,1,58762.22,0,58762.22
3254,1116,6,4,48116.68,20,153973.38
3255,1116,110,4,99175.28,15,337195.95
3256,1117,105,3,76452.42,0,229357.26
3257,1117,79,1,22216.62,0,22216.62
3258,1118,10,4,40072.41,15,136246.19
3259,1118,110,2,99175.28,20,158680.45
3260,1118,95,2,69307.71,20,110892.34
3261,1118,42,4,23735.01,15,80699.03
3262,1118,7,2,8795.78,0,17591.56
3263,1119,57,2,58409.34,0,116818.68
3264,1119,77,4,67944.84,5,258190.39
3265,1119,37,4,11659.77,15,39643.22
3266,1119,51,2,114029.73,20,182447.57
3267,1120,119,1,1713.06,10,1541.75
3268,1120,50,1,118553.15,15,100770.18
3269,1120,7,3,8795.78,0,26387.34
3270,1120,21,2,52040.04,5,98876.08
3271,1121,92,2,20550.8,10,36991.44
3272,1121,120,4,10730.75,0,42923.0
3273,1121,22,4,110532.12,20,353702.78
3274,1122,11,2,105306.09,0,210612.18
3275,1123,17,3,30939.34,15,78895.32
3276,1123,60,1,107216.71,5,101855.87
3277,1123,64,2,50185.02,15,85314.53
3278,1124,111,3,39015.4,0,117046.2
3279,1124,75,2,110385.22,15,187654.87
3280,1125,58,3,53064.77,0,159194.31
3281,1125,27,4,23424.89,15,79644.63
3282,1126,10,2,40072.41,0,80144.82
3283,1126,2,4,56747.46,20,181591.87
3284,1127,74,3,87039.67,15,221951.16
3285,1127,70,4,96084.25,5,365120.15
3286,1128,70,3,96084.25,15,245014.84
3287,1128,88,1,24323.6,10,21891.24
3288,1129,70,1,96084.25,15,81671.61
3289,1129,93,4,93446.13,0,373784.52
3290,1129,82,4,33751.67,15,114755.68
3291,1129,55,2,54283.34,15,92281.68
3292,1129,52,2,73711.95,0,147423.9
3293,1130,29,3,74054.03,10,199945.88
3294,1130,81,2,40831.32,0,81662.64
3295,1131,88,3,24323.6,15,62025.18
3296,1132,42,4,23735.01,15,80699.03
3297,1132,73,1,80430.4,20,64344.32
3298,1133,101,1,41990.85,5,39891.31
3299,1133,70,2,96084.25,0,192168.5
3300,1133,112,3,33831.93,0,101495.79
3301,1134,92,2,20550.8,10,36991.44
3302,1134,89,3,18709.69,20,44903.26
3303,1134,33,1,53293.43,0,53293.43
3304,1134,65,3,47042.48,10,127014.7
3305,1134,38,4,80899.08,20,258877.06
3306,1135,115,4,59569.63,15,202536.74
3307,1135,70,4,96084.25,15,326686.45
3308,1136,79,1,22216.62,15,18884.13
3309,1137,118,2,84291.46,5,160153.77
3310,1137,56,3,100863.62,20,242072.69
3311,1137,65,2,47042.48,15,79972.22
3312,1137,64,1,50185.02,20,40148.02
3313,1137,92,3,20550.8,20,49321.92
3314,1138,114,3,80348.52,15,204888.73
3315,1138,4,4,98554.1,20,315373.12
3316,1138,85,3,119988.99,15,305971.92
3317,1139,100,3,95649.15,10,258252.7
3318,1139,96,3,47900.21,10,129330.57
3319,1140,106,3,85023.38,5,242316.63
3320,1140,105,2,76452.42,5,145259.6
3321,1140,79,3,22216.62,15,56652.38
3322,1141,22,3,110532.12,5,315016.54
3323,1141,34,3,61585.29,15,157042.49
3324,1141,11,2,105306.09,10,189550.96
3325,1141,88,4,24323.6,5,92429.68
3326,1142,44,3,78898.93,0,236696.79
3327,1142,68,2,36184.21,20,57894.74
3328,1143,67,3,45955.53,0,137866.59
3329,1143,34,3,61585.29,15,157042.49
3330,1143,50,3,118553.15,10,320093.5
3331,1143,109,2,93069.65,0,186139.3
3332,1144,117,4,41170.49,20,131745.57
3333,1145,31,3,34786.19,5,99140.64
3334,1145,35,4,79232.66,10,285237.58
3335,1145,102,1,8740.33,10,7866.3
3336,1145,5,3,27139.36,15,69205.37
3337,1145,12,1,69880.47,10,62892.42
3338,1146,114,1,80348.52,5,76331.09
3339,1146,28,4,81439.49,15,276894.27
3340,1146,105,3,76452.42,0,229357.26
3341,1146,54,1,53786.68,20,43029.34
3342,1146,61,3,18524.26,5,52794.14
3343,1147,59,1,28521.98,20,22817.58
3344,1147,50,4,118553.15,20,379370.08
3345,1148,109,3,93069.65,15,237327.61
3346,1148,66,2,113554.41,5,215753.38
3347,1149,54,4,53786.68,10,193632.05
3348,1149,102,3,8740.33,5,24909.94
3349,1149,97,2,9581.58,15,16288.69
3350,1149,58,3,53064.77,20,127355.45
3351,1149,69,3,64817.36,10,175006.87
3352,1150,101,3,41990.85,5,119673.92
3353,1150,92,2,20550.8,10,36991.44
3354,1150,108,1,74101.53,0,74101.53
3355,1151,6,2,48116.68,10,86610.02
3356,1152,83,1,30646.45,10,27581.81
3357,1152,113,3,90181.92,0,270545.76
3358,1153,72,1,58534.22,10,52680.8
3359,1153,95,3,69307.71,10,187130.82
3360,1153,24,4,108055.6,15,367389.04
3361,1153,88,4,24323.6,5,92429.68
3362,1154,83,1,30646.45,5,29114.13
3363,1154,53,3,51495.52,20,123589.25
3364,1154,20,2,88576.0,10,159436.8
3365,1155,104,2,13111.9,0,26223.8
3366,1155,105,2,76452.42,5,145259.6
3367,1155,14,2,87561.13,0,175122.26
3368,1155,95,3,69307.71,20,166338.5
3369,1155,18,1,702.11,0,702.11
3370,1156,27,4,23424.89,10,84329.6
3371,1156,92,1,20550.8,20,16440.64
3372,1157,116,4,58762.22,15,199791.55
3373,1157,45,3,93521.24,10,252507.35
3374,1158,42,2,23735.01,20,37976.02
3375,1159,7,4,8795.78,0,35183.12
3376,1159,71,4,58843.42,5,223605.0
3377,1159,112,1,33831.93,15,28757.14
3378,1159,24,2,108055.6,5,205305.64
3379,1160,73,4,80430.4,5,305635.52
3380,1160,117,1,41170.49,15,34994.92
3381,1160,79,3,22216.62,20,53319.89
3382,1160,28,1,81439.49,10,73295.54
3383,1160,95,2,69307.71,20,110892.34
3384,1161,102,2,8740.33,10,15732.59
3385,1161,74,3,87039.67,10,235007.11
3386,1162,21,4,52040.04,10,187344.14
3387,1162,104,2,13111.9,0,26223.8
3388,1163,92,4,20550.8,20,65762.56
3389,1163,93,4,93446.13,0,373784.52
3390,1163,15,2,72941.96,20,116707.14
3391,1163,24,2,108055.6,15,183694.52
3392,1163,115,1,59569.63,5,56591.15
3393,1164,93,3,93446.13,5,266321.47
3394,1164,15,2,72941.96,5,138589.72
3395,1164,28,2,81439.49,0,162878.98
3396,1164,63,1,49208.12,5,46747.71
3397,1165,114,1,80348.52,10,72313.67
3398,1166,57,3,58409.34,20,140182.42
3399,1166,45,3,93521.24,5,266535.53
3400,1166,88,2,24323.6,20,38917.76
3401,1166,27,4,23424.89,0,93699.56
3402,1166,89,1,18709.69,5,17774.21
3403,1167,42,2,23735.01,5,45096.52
3404,1167,15,1,72941.96,0,72941.96
3405,1167,59,2,28521.98,20,45635.17
3406,1167,9,2,81702.42,20,130723.87
3407,1167,45,3,93521.24,0,280563.72
3408,1168,25,1,80193.7,20,64154.96
3409,1168,8,4,42461.96,15,144370.66
3410,1168,79,1,22216.62,5,21105.79
3411,1168,106,4,85023.38,0,340093.52
3412,1168,26,1,83816.41,5,79625.59
3413,1169,111,4,39015.4,15,132652.36
3414,1170,15,1,72941.96,15,62000.67
3415,1171,58,2,53064.77,10,95516.59
3416,1172,5,2,27139.36,15,46136.91
3417,1172,38,4,80899.08,10,291236.69
3418,1173,100,2,95649.15,10,172168.47
3419,1173,67,2,45955.53,0,91911.06
3420,1173,14,1,87561.13,10,78805.02
3421,1174,74,3,87039.67,5,248063.06
3422,1175,90,3,80500.33,10,217350.89
3423,1175,109,4,93069.65,0,372278.6
3424,1176,64,2,50185.02,15,85314.53
3425,1176,106,1,85023.38,5,80772.21
3426,1176,3,3,110255.0,5,314226.75
3427,1176,100,4,95649.15,10,344336.94
3428,1176,13,3,13454.1,20,32289.84
3429,1177,114,2,80348.52,0,160697.04
3430,1178,30,1,65978.5,5,62679.57
3431,1178,72,1,58534.22,15,49754.09
3432,1178,64,1,50185.02,15,42657.27
3433,1178,36,4,79830.53,20,255457.7
3434,1179,44,3,78898.93,10,213027.11
3435,1180,3,3,110255.0,15,281150.25
3436,1181,9,3,81702.42,10,220596.53
3437,1181,48,3,110137.67,15,280851.06
3438,1181,57,2,58409.34,5,110977.75
3439,1181,76,3,3722.49,15,9492.35
3440,1181,87,1,90630.87,5,86099.33
3441,1182,99,1,102110.04,20,81688.03
3442,1183,52,4,73711.95,5,280105.41
3443,1183,36,4,79830.53,20,255457.7
3444,1183,98,1,12677.21,20,10141.77
3445,1183,12,1,69880.47,20,55904.38
3446,1184,44,1,78898.93,15,67064.09
3447,1185,92,1,20550.8,10,18495.72
3448,1185,30,3,65978.5,20,158348.4
3449,1185,43,3,59578.07,15,151924.08
3450,1185,11,3,105306.09,5,300122.36
3451,1186,24,3,108055.6,15,275541.78
3452,1186,45,4,93521.24,15,317972.22
3453,1186,69,3,64817.36,15,165284.27
3454,1186,111,1,39015.4,5,37064.63
3455,1187,52,4,73711.95,10,265363.02
3456,1187,21,4,52040.04,15,176936.14
3457,1187,106,4,85023.38,5,323088.84
3458,1187,104,1,13111.9,10,11800.71
3459,1187,118,1,84291.46,20,67433.17
3460,1188,54,3,53786.68,20,129088.03
3461,1188,55,1,54283.34,0,54283.34
3462,1188,13,1,13454.1,0,13454.1
3463,1188,40,4,118080.35,20,377857.12
3464,1189,75,1,110385.22,20,88308.18
3465,1189,31,3,34786.19,20,83486.86
3466,1189,70,1,96084.25,10,86475.82
3467,1190,65,4,47042.48,15,159944.43
3468,1190,5,4,27139.36,5,103129.57
3469,1190,104,1,13111.9,5,12456.3
3470,1190,76,4,3722.49,20,11911.97
3471,1190,39,4,18108.8,0,72435.2
3472,1191,117,2,41170.49,15,69989.83
3473,1191,49,3,16434.02,0,49302.06
3474,1191,13,4,13454.1,15,45743.94
3475,1191,20,3,88576.0,5,252441.6
3476,1192,86,1,78192.22,20,62553.78
3477,1192,76,4,3722.49,0,14889.96
3478,1192,77,1,67944.84,10,61150.36
3479,1192,38,2,80899.08,15,137528.44
3480,1192,75,2,110385.22,0,220770.44
3481,1193,14,4,87561.13,0,350244.52
3482,1193,12,2,69880.47,0,139760.94
3483,1194,48,4,110137.67,5,418523.15
3484,1194,88,1,24323.6,0,24323.6
3485,1195,119,1,1713.06,0,1713.06
3486,1195,85,4,119988.99,10,431960.36
3487,1195,66,3,113554.41,20,272530.58
3488,1196,74,3,87039.67,15,221951.16
3489,1196,57,1,58409.34,20,46727.47
3490,1197,61,2,18524.26,5,35196.09
3491,1197,86,4,78192.22,20,250215.1
3492,1197,12,1,69880.47,10,62892.42
3493,1198,87,2,90630.87,20,145009.39
3494,1198,105,4,76452.42,20,244647.74
3495,1198,76,2,3722.49,15,6328.23
3496,1198,35,4,79232.66,20,253544.51
3497,1199,30,3,65978.5,0,197935.5
3498,1199,92,4,20550.8,0,82203.2
3499,1199,16,3,46530.85,15,118653.67
3500,1200,72,3,58534.22,0,175602.66
3501,1200,29,4,74054.03,20,236972.9
3502,1200,43,4,59578.07,5,226396.67
3503,1200,93,3,93446.13,0,280338.39
3504,1200,49,4,16434.02,10,59162.47
3505,1201,55,3,54283.34,5,154707.52
3506,1201,4,1,98554.1,15,83770.99
3507,1201,35,1,79232.66,5,75271.03
3508,1201,58,3,53064.77,0,159194.31
3509,1201,66,4,113554.41,5,431506.76
3510,1202,1,2,46213.74,10,83184.73
3511,1202,65,4,47042.48,20,150535.94
3512,1203,51,4,114029.73,20,364895.14
3513,1203,62,1,84917.09,15,72179.53
3514,1203,20,1,88576.0,20,70860.8
3515,1204,115,2,59569.63,5,113182.3
3516,1204,97,4,9581.58,0,38326.32
3517,1204,93,2,93446.13,5,177547.65
3518,1204,32,4,72996.06,15,248186.6
3519,1204,46,1,96591.13,10,86932.02
3520,1205,43,1,59578.07,5,56599.17
3521,1205,100,3,95649.15,10,258252.7
3522,1205,107,3,88188.54,15,224880.78
3523,1205,90,2,80500.33,10,144900.59
3524,1206,36,4,79830.53,15,271423.8
3525,1206,4,1,98554.1,15,83770.99
3526,1206,101,4,41990.85,0,167963.4
3527,1207,81,1,40831.32,15,34706.62
3528,1207,6,4,48116.68,20,153973.38
3529,1207,70,2,96084.25,0,192168.5
3530,1207,117,3,41170.49,0,123511.47
3531,1207,94,4,13417.8,10,48304.08
3532,1208,34,2,61585.29,20,98536.46
3533,1208,70,4,96084.25,20,307469.6
3534,1208,55,4,54283.34,10,195420.02
3535,1208,79,4,22216.62,20,71093.18
3536,1209,15,1,72941.96,20,58353.57
3537,1210,114,1,80348.52,0,80348.52
3538,1210,89,4,18709.69,0,74838.76
3539,1210,6,4,48116.68,0,192466.72
3540,1210,45,2,93521.24,20,149633.98
3541,1211,13,3,13454.1,10,36326.07
3542,1211,66,3,113554.41,20,272530.58
3543,1212,39,3,18108.8,5,51610.08
3544,1212,104,1,13111.9,10,11800.71
3545,1212,18,4,702.11,15,2387.17
3546,1212,68,3,36184.21,20,86842.1
3547,1212,75,4,110385.22,15,375309.75
3548,1213,41,3,54922.23,15,140051.69
3549,1213,55,4,54283.34,10,195420.02
3550,1213,111,1,39015.4,20,31212.32
3551,1214,55,2,54283.34,5,103138.35
3552,1215,99,3,102110.04,10,275697.11
3553,1215,54,1,53786.68,0,53786.68
3554,1216,89,4,18709.69,5,71096.82
3555,1217,113,4,90181.92,10,324654.91
3556,1217,62,4,84917.09,5,322684.94
3557,1217,89,3,18709.69,20,44903.26
3558,1217,85,1,119988.99,15,101990.64
3559,1218,48,3,110137.67,20,264330.41
3560,1219,14,4,87561.13,20,280195.62
3561,1220,112,2,33831.93,20,54131.09
3562,1220,11,3,105306.09,15,268530.53
3563,1221,110,4,99175.28,0,396701.12
3564,1221,22,2,110532.12,0,221064.24
3565,1221,82,2,33751.67,0,67503.34
3566,1222,90,4,80500.33,20,257601.06
3567,1222,76,1,3722.49,15,3164.12
3568,1222,94,3,13417.8,5,38240.73
3569,1223,65,3,47042.48,10,127014.7
3570,1223,42,3,23735.01,0,71205.03
3571,1224,44,2,78898.93,0,157797.86
3572,1224,95,1,69307.71,5,65842.32
3573,1224,19,2,64845.01,5,123205.52
3574,1224,112,4,33831.93,10,121794.95
3575,1225,57,2,58409.34,5,110977.75
3576,1225,116,3,58762.22,5,167472.33
3577,1225,100,4,95649.15,5,363466.77
3578,1225,51,1,114029.73,5,108328.24
3579,1226,92,1,20550.8,0,20550.8
3580,1226,2,4,56747.46,5,215640.35
3581,1226,84,1,2816.3,10,2534.67
3582,1227,93,2,93446.13,10,168203.03
3583,1227,70,2,96084.25,10,172951.65
3584,1227,65,2,47042.48,10,84676.46
3585,1228,61,1,18524.26,15,15745.62
3586,1228,65,3,47042.48,5,134071.07
3587,1228,37,3,11659.77,10,31481.38
3588,1228,66,3,113554.41,10,306596.91
3589,1229,89,2,18709.69,15,31806.47
3590,1229,9,1,81702.42,0,81702.42
3591,1229,61,3,18524.26,5,52794.14
3592,1230,85,4,119988.99,20,383964.77
3593,1230,33,4,53293.43,20,170538.98
3594,1230,112,2,33831.93,20,54131.09
3595,1230,69,1,64817.36,10,58335.62
3596,1230,95,3,69307.71,15,176734.66
3597,1231,33,2,53293.43,0,106586.86
3598,1231,49,1,16434.02,20,13147.22
3599,1232,84,2,2816.3,5,5350.97
3600,1232,29,1,74054.03,5,70351.33
3601,1232,76,1,3722.49,20,2977.99
3602,1232,58,4,53064.77,0,212259.08
3603,1232,21,4,52040.04,5,197752.15
3604,1233,72,1,58534.22,0,58534.22
3605,1233,119,1,1713.06,0,1713.06
3606,1233,28,2,81439.49,5,154735.03
3607,1233,22,2,110532.12,0,221064.24
3608,1233,19,1,64845.01,0,64845.01
3609,1234,66,4,113554.41,15,386084.99
3610,1235,8,2,42461.96,20,67939.14
3611,1235,118,3,84291.46,10,227586.94
3612,1235,93,2,93446.13,0,186892.26
3613,1236,25,3,80193.7,15,204493.93
3614,1236,41,3,54922.23,0,164766.69
3615,1237,1,3,46213.74,10,124777.1
3616,1237,48,4,110137.67,15,374468.08
3617,1238,55,1,54283.34,15,46140.84
3618,1238,35,3,79232.66,10,213928.18
3619,1238,12,1,69880.47,0,69880.47
3620,1238,10,2,40072.41,10,72130.34
3621,1239,99,1,102110.04,20,81688.03
3622,1239,80,1,39618.64,10,35656.78
3623,1239,61,2,18524.26,15,31491.24
3624,1240,73,4,80430.4,0,321721.6
3625,1240,80,2,39618.64,20,63389.82
3626,1240,52,4,73711.95,20,235878.24
3627,1240,21,1,52040.04,15,44234.03
3628,1240,50,4,118553.15,20,379370.08
3629,1241,109,4,93069.65,0,372278.6
3630,1241,10,2,40072.41,5,76137.58
3631,1241,73,1,80430.4,0,80430.4
3632,1241,59,2,28521.98,15,48487.37
3633,1242,2,1,56747.46,20,45397.97
3634,1242,39,3,18108.8,5,51610.08
3635,1242,11,1,105306.09,15,89510.18
3636,1242,71,3,58843.42,10,158877.23
3637,1243,86,2,78192.22,15,132926.77
3638,1244,19,4,64845.01,5,246411.04
3639,1244,36,4,79830.53,10,287389.91
3640,1244,12,2,69880.47,5,132772.89
3641,1244,78,2,77308.58,20,123693.73
3642,1244,92,4,20550.8,10,73982.88
3643,1245,35,1,79232.66,20,63386.13
3644,1245,118,3,84291.46,10,227586.94
3645,1245,17,3,30939.34,15,78895.32
3646,1246,17,3,30939.34,15,78895.32
3647,1246,109,1,93069.65,20,74455.72
3648,1247,53,4,51495.52,5,195682.98
3649,1247,36,2,79830.53,5,151678.01
3650,1247,7,3,8795.78,15,22429.24
3651,1248,1,4,46213.74,20,147883.97
3652,1248,8,2,42461.96,5,80677.72
3653,1248,12,3,69880.47,15,178195.2
3654,1249,1,1,46213.74,10,41592.37
3655,1249,62,1,84917.09,0,84917.09
3656,1249,9,1,81702.42,20,65361.94
3657,1250,41,2,54922.23,15,93367.79
3658,1251,26,1,83816.41,15,71243.95
3659,1251,6,1,48116.68,15,40899.18
3660,1252,113,3,90181.92,20,216436.61
3661,1253,53,2,51495.52,15,87542.38
3662,1253,76,3,3722.49,5,10609.1
3663,1253,72,3,58534.22,10,158042.39
3664,1253,74,4,87039.67,0,348158.68
3665,1254,28,1,81439.49,0,81439.49
3666,1255,52,4,73711.95,10,265363.02
3667,1255,29,2,74054.03,10,133297.25
3668,1255,88,4,24323.6,10,87564.96
3669,1255,24,2,108055.6,10,194500.08
3670,1255,9,2,81702.42,15,138894.11
3671,1256,58,2,53064.77,10,95516.59
3672,1256,25,3,80193.7,20,192464.88
3673,1256,76,2,3722.49,20,5955.98
3674,1256,71,3,58843.42,5,167703.75
3675,1257,7,3,8795.78,0,26387.34
3676,1257,43,4,59578.07,10,214481.05
3677,1257,58,4,53064.77,20,169807.26
3678,1257,105,3,76452.42,10,206421.53
3679,1257,57,1,58409.34,10,52568.41
3680,1258,5,3,27139.36,0,81418.08
3681,1258,70,1,96084.25,15,81671.61
3682,1258,120,3,10730.75,0,32192.25
3683,1258,43,1,59578.07,5,56599.17
3684,1258,116,1,58762.22,0,58762.22
3685,1259,43,3,59578.07,15,151924.08
3686,1259,104,4,13111.9,0,52447.6
3687,1260,118,3,84291.46,0,252874.38
3688,1260,30,2,65978.5,0,131957.0
3689,1260,41,1,54922.23,5,52176.12
3690,1261,21,4,52040.04,0,208160.16
3691,1262,103,3,2011.93,15,5130.42
3692,1262,84,3,2816.3,0,8448.9
3693,1262,88,4,24323.6,10,87564.96
3694,1263,71,3,58843.42,0,176530.26
3695,1263,7,2,8795.78,0,17591.56
3696,1263,120,1,10730.75,0,10730.75
3697,1263,46,4,96591.13,10,347728.07
3698,1263,91,2,56071.56,10,100928.81
3699,1264,17,2,30939.34,15,52596.88
3700,1264,5,1,27139.36,20,21711.49
3701,1264,113,3,90181.92,0,270545.76
3702,1265,113,2,90181.92,20,144291.07
3703,1265,79,3,22216.62,10,59984.87
3704,1265,115,2,59569.63,10,107225.33
3705,1266,8,4,42461.96,15,144370.66
3706,1267,8,4,42461.96,15,144370.66
3707,1267,10,3,40072.41,0,120217.23
3708,1267,70,2,96084.25,15,163343.23
3709,1267,50,3,118553.15,5,337876.48
3710,1267,92,2,20550.8,5,39046.52
3711,1268,51,4,114029.73,15,387701.08
3712,1269,107,4,88188.54,5,335116.45
3713,1269,2,4,56747.46,10,204290.86
3714,1269,10,3,40072.41,5,114206.37
3715,1270,75,2,110385.22,20,176616.35
3716,1270,8,2,42461.96,5,80677.72
3717,1271,74,1,87039.67,15,73983.72
3718,1272,117,1,41170.49,5,39111.97
3719,1272,53,1,51495.52,0,51495.52
3720,1272,66,4,113554.41,15,386084.99
3721,1272,33,4,53293.43,5,202515.03
3722,1272,32,2,72996.06,20,116793.7
3723,1273,97,4,9581.58,10,34493.69
3724,1273,113,2,90181.92,0,180363.84
3725,1273,73,2,80430.4,20,128688.64
3726,1274,54,2,53786.68,0,107573.36
3727,1274,86,2,78192.22,15,132926.77
3728,1275,89,2,18709.69,0,37419.38
3729,1276,1,2,46213.74,0,92427.48
3730,1276,24,2,108055.6,0,216111.2
3731,1276,25,3,80193.7,20,192464.88
3732,1276,56,1,100863.62,20,80690.9
3733,1276,90,4,80500.33,0,322001.32
3734,1277,28,1,81439.49,20,65151.59
3735,1277,69,3,64817.36,20,155561.66
3736,1277,48,4,110137.67,15,374468.08
3737,1277,43,2,59578.07,0,119156.14
3738,1278,62,2,84917.09,0,169834.18
3739,1278,69,4,64817.36,20,207415.55
3740,1279,85,1,119988.99,20,95991.19
3741,1280,79,2,22216.62,5,42211.58
3742,1280,38,2,80899.08,5,153708.25
3743,1281,94,1,13417.8,0,13417.8
3744,1281,17,4,30939.34,10,111381.62
3745,1282,17,1,30939.34,5,29392.37
3746,1283,46,1,96591.13,5,91761.57
3747,1283,109,3,93069.65,5,265248.5
3748,1283,120,1,10730.75,5,10194.21
3749,1283,17,1,30939.34,15,26298.44
3750,1284,45,2,93521.24,15,158986.11
3751,1285,17,1,30939.34,0,30939.34
3752,1285,99,2,102110.04,20,163376.06
3753,1286,111,2,39015.4,20,62424.64
3754,1287,106,4,85023.38,5,323088.84
3755,1287,36,2,79830.53,20,127728.85
3756,1287,9,1,81702.42,5,77617.3
3757,1287,80,1,39618.64,15,33675.84
3758,1287,50,4,118553.15,0,474212.6
3759,1288,59,1,28521.98,15,24243.68
3760,1288,97,2,9581.58,15,16288.69
3761,1288,113,2,90181.92,0,180363.84
3762,1288,115,4,59569.63,10,214450.67
3763,1289,84,4,2816.3,15,9575.42
3764,1289,5,2,27139.36,10,48850.85
3765,1289,57,2,58409.34,5,110977.75
3766,1290,59,2,28521.98,5,54191.76
3767,1290,25,4,80193.7,5,304736.06
3768,1291,118,3,84291.46,20,202299.5
3769,1291,107,3,88188.54,10,238109.06
3770,1292,69,4,64817.36,20,207415.55
3771,1293,93,1,93446.13,20,74756.9
3772,1293,40,4,118080.35,10,425089.26
3773,1294,24,1,108055.6,10,97250.04
3774,1294,114,2,80348.52,5,152662.19
3775,1294,47,2,56013.71,10,100824.68
3776,1294,86,2,78192.22,0,156384.44
3777,1295,64,3,50185.02,10,135499.55
3778,1295,52,4,73711.95,15,250620.63
3779,1295,4,3,98554.1,15,251312.96
3780,1295,48,3,110137.67,15,280851.06
3781,1295,93,4,93446.13,20,299027.62
3782,1296,73,3,80430.4,15,205097.52
3783,1296,61,4,18524.26,20,59277.63
3784,1296,110,4,99175.28,0,396701.12
3785,1297,3,1,110255.0,20,88204.0
3786,1297,69,3,64817.36,20,155561.66
3787,1297,90,3,80500.33,20,193200.79
3788,1298,49,2,16434.02,0,32868.04
3789,1298,51,2,114029.73,0,228059.46
3790,1298,39,4,18108.8,10,65191.68
3791,1298,109,2,93069.65,5,176832.33
3792,1298,58,3,53064.77,20,127355.45
3793,1299,86,3,78192.22,20,187661.33
3794,1300,114,1,80348.52,15,68296.24
3795,1300,40,4,118080.35,5,448705.33
3796,1300,28,4,81439.49,5,309470.06
3797,1301,64,3,50185.02,5,143027.31
3798,1302,41,3,54922.23,10,148290.02
3799,1302,21,2,52040.04,15,88468.07
3800,1302,27,4,23424.89,10,84329.6
3801,1303,112,1,33831.93,20,27065.54
3802,1303,83,4,30646.45,10,110327.22
3803,1304,52,2,73711.95,5,140052.7
3804,1304,88,4,24323.6,0,97294.4
3805,1304,42,1,23735.01,10,21361.51
3806,1304,53,1,51495.52,0,51495.52
3807,1305,119,3,1713.06,10,4625.26
3808,1306,94,1,13417.8,10,12076.02
3809,1306,17,2,30939.34,10,55690.81
3810,1307,74,1,87039.67,5,82687.69
3811,1307,89,4,18709.69,20,59871.01
3812,1308,26,4,83816.41,20,268212.51
3813,1309,77,2,67944.84,20,108711.74
3814,1310,46,2,96591.13,5,183523.15
3815,1310,106,2,85023.38,5,161544.42
3816,1310,115,2,59569.63,15,101268.37
3817,1310,111,2,39015.4,20,62424.64
3818,1310,85,2,119988.99,20,191982.38
3819,1311,101,2,41990.85,5,79782.61
3820,1311,46,2,96591.13,15,164204.92
3821,1312,59,4,28521.98,0,114087.92
3822,1312,6,2,48116.68,5,91421.69
3823,1312,66,4,113554.41,0,454217.64
3824,1312,24,1,108055.6,0,108055.6
3825,1312,50,4,118553.15,0,474212.6
3826,1313,81,4,40831.32,15,138826.49
3827,1313,24,3,108055.6,20,259333.44
3828,1313,91,3,56071.56,15,142982.48
3829,1313,12,4,69880.47,5,265545.79
3830,1313,110,3,99175.28,15,252896.96
3831,1314,19,1,64845.01,0,64845.01
3832,1314,21,3,52040.04,10,140508.11
3833,1315,8,3,42461.96,5,121016.59
3834,1315,49,3,16434.02,0,49302.06
3835,1315,24,4,108055.6,5,410611.28
3836,1315,106,4,85023.38,5,323088.84
3837,1316,36,1,79830.53,15,67855.95
3838,1316,14,3,87561.13,5,249549.22
3839,1316,106,3,85023.38,0,255070.14
3840,1316,31,3,34786.19,5,99140.64
3841,1317,66,3,113554.41,15,289563.75
3842,1318,102,3,8740.33,10,23598.89
3843,1318,61,3,18524.26,20,44458.22
3844,1318,6,1,48116.68,5,45710.85
3845,1319,10,3,40072.41,10,108195.51
3846,1319,73,4,80430.4,10,289549.44
3847,1319,99,1,102110.04,20,81688.03
3848,1320,42,2,23735.01,0,47470.02
3849,1320,58,4,53064.77,0,212259.08
3850,1320,71,2,58843.42,0,117686.84
3851,1320,64,3,50185.02,5,143027.31
3852,1320,46,4,96591.13,5,367046.29
3853,1321,20,3,88576.0,0,265728.0
3854,1322,60,4,107216.71,15,364536.81
3855,1322,69,1,64817.36,20,51853.89
3856,1322,73,4,80430.4,5,305635.52
3857,1322,83,1,30646.45,5,29114.13
3858,1323,57,4,58409.34,0,233637.36
3859,1323,84,4,2816.3,10,10138.68
3860,1324,81,3,40831.32,5,116369.26
3861,1324,88,1,24323.6,20,19458.88
3862,1325,82,2,33751.67,0,67503.34
3863,1325,43,2,59578.07,0,119156.14
3864,1325,24,1,108055.6,10,97250.04
3865,1325,30,1,65978.5,10,59380.65
3866,1325,16,4,46530.85,15,158204.89
3867,1326,18,4,702.11,20,2246.75
3868,1327,52,4,73711.95,10,265363.02
3869,1327,39,1,18108.8,15,15392.48
3870,1327,74,2,87039.67,15,147967.44
3871,1327,58,3,53064.77,15,135315.16
3872,1328,41,4,54922.23,5,208704.47
3873,1328,90,1,80500.33,20,64400.26
3874,1328,29,4,74054.03,10,266594.51
3875,1329,84,4,2816.3,5,10701.94
3876,1329,46,3,96591.13,5,275284.72
3877,1329,18,1,702.11,10,631.9
3878,1329,73,4,80430.4,0,321721.6
3879,1329,90,2,80500.33,10,144900.59
3880,1330,55,2,54283.34,0,108566.68
3881,1330,39,3,18108.8,20,43461.12
3882,1331,85,3,119988.99,10,323970.27
3883,1331,56,3,100863.62,5,287461.32
3884,1331,32,3,72996.06,10,197089.36
3885,1331,39,1,18108.8,10,16297.92
3886,1332,107,3,88188.54,10,238109.06
3887,1332,91,4,56071.56,10,201857.62
3888,1333,22,3,110532.12,20,265277.09
3889,1333,19,4,64845.01,5,246411.04
3890,1333,29,4,74054.03,5,281405.31
3891,1333,7,3,8795.78,0,26387.34
3892,1333,76,2,3722.49,5,7072.73
3893,1334,98,3,12677.21,20,30425.3
3894,1334,6,3,48116.68,5,137132.54
3895,1334,62,3,84917.09,15,216538.58
3896,1334,42,3,23735.01,10,64084.53
3897,1335,36,3,79830.53,15,203567.85
3898,1335,73,1,80430.4,5,76408.88
3899,1335,56,2,100863.62,20,161381.79
3900,1336,94,4,13417.8,10,48304.08
3901,1336,111,4,39015.4,10,140455.44
3902,1337,1,1,46213.74,20,36970.99
3903,1337,72,2,58534.22,0,117068.44
3904,1337,56,3,100863.62,10,272331.77
3905,1337,104,3,13111.9,5,37368.91
3906,1338,120,3,10730.75,0,32192.25
3907,1338,70,2,96084.25,10,172951.65
3908,1339,5,2,27139.36,5,51564.78
3909,1339,110,3,99175.28,15,252896.96
3910,1340,30,4,65978.5,20,211131.2
3911,1340,85,4,119988.99,20,383964.77
3912,1340,58,1,53064.77,0,53064.77
3913,1341,97,1,9581.58,15,8144.34
3914,1341,75,4,110385.22,10,397386.79
3915,1341,7,1,8795.78,15,7476.41
3916,1341,20,3,88576.0,5,252441.6
3917,1342,7,3,8795.78,15,22429.24
3918,1342,21,4,52040.04,10,187344.14
3919,1342,105,2,76452.42,15,129969.11
3920,1343,102,2,8740.33,10,15732.59
3921,1343,30,4,65978.5,20,211131.2
3922,1343,2,1,56747.46,5,53910.09
3923,1343,18,2,702.11,0,1404.22
3924,1343,3,2,110255.0,0,220510.0
3925,1344,86,4,78192.22,15,265853.55
3926,1345,45,1,93521.24,5,88845.18
3927,1345,97,3,9581.58,10,25870.27
3928,1345,105,2,76452.42,0,152904.84
3929,1345,41,1,54922.23,5,52176.12
3930,1345,32,2,72996.06,20,116793.7
3931,1346,6,3,48116.68,15,122697.53
3932,1346,17,1,30939.34,20,24751.47
3933,1347,38,3,80899.08,0,242697.24
3934,1347,7,4,8795.78,15,29905.65
3935,1348,42,1,23735.01,20,18988.01
3936,1348,106,2,85023.38,10,153042.08
3937,1348,34,1,61585.29,15,52347.5
3938,1348,53,3,51495.52,20,123589.25
3939,1349,112,3,33831.93,20,81196.63
3940,1349,120,1,10730.75,20,8584.6
3941,1349,9,3,81702.42,15,208341.17
3942,1349,24,4,108055.6,20,345777.92
3943,1349,20,3,88576.0,10,239155.2
3944,1350,74,2,87039.67,0,174079.34
3945,1350,99,2,102110.04,0,204220.08
3946,1350,10,1,40072.41,0,40072.41
3947,1350,102,1,8740.33,20,6992.26
3948,1351,104,1,13111.9,0,13111.9
3949,1351,118,4,84291.46,0,337165.84
3950,1351,96,4,47900.21,10,172440.76
3951,1351,79,1,22216.62,5,21105.79
3952,1352,89,3,18709.69,0,56129.07
3953,1352,46,4,96591.13,0,386364.52
3954,1352,23,2,79774.8,5,151572.12
3955,1353,24,3,108055.6,5,307958.46
3956,1353,21,2,52040.04,0,104080.08
3957,1353,3,4,110255.0,5,418969.0
3958,1353,47,4,56013.71,10,201649.36
3959,1354,105,1,76452.42,10,68807.18
3960,1354,26,4,83816.41,20,268212.51
3961,1354,38,3,80899.08,0,242697.24
3962,1354,39,3,18108.8,15,46177.44
3963,1354,57,1,58409.34,5,55488.87
3964,1355,101,4,41990.85,15,142768.89
3965,1355,88,3,24323.6,20,58376.64
3966,1356,54,2,53786.68,15,91437.36
3967,1356,30,4,65978.5,15,224326.9
3968,1356,35,3,79232.66,5,225813.08
3969,1357,70,2,96084.25,0,192168.5
3970,1357,11,3,105306.09,20,252734.62
3971,1357,19,2,64845.01,5,123205.52
3972,1358,6,3,48116.68,10,129915.04
3973,1358,20,4,88576.0,5,336588.8
3974,1359,93,1,93446.13,15,79429.21
3975,1359,38,4,80899.08,0,323596.32
3976,1359,86,3,78192.22,10,211118.99
3977,1359,98,1,12677.21,20,10141.77
3978,1359,24,3,108055.6,0,324166.8
3979,1360,35,2,79232.66,5,150542.05
3980,1361,48,3,110137.67,20,264330.41
3981,1362,69,1,64817.36,0,64817.36
3982,1362,64,1,50185.02,20,40148.02
3983,1362,52,3,73711.95,10,199022.26
3984,1362,39,1,18108.8,15,15392.48
3985,1363,73,4,80430.4,15,273463.36
3986,1363,119,4,1713.06,5,6509.63
3987,1364,96,4,47900.21,5,182020.8
3988,1364,40,2,118080.35,10,212544.63
3989,1364,100,2,95649.15,0,191298.3
3990,1364,16,2,46530.85,15,79102.44
3991,1365,6,3,48116.68,5,137132.54
3992,1366,99,4,102110.04,20,326752.13
3993,1366,111,4,39015.4,5,148258.52
3994,1366,90,4,80500.33,20,257601.06
3995,1366,15,3,72941.96,20,175060.7
3996,1366,12,1,69880.47,5,66386.45
3997,1367,55,2,54283.34,0,108566.68
3998,1367,53,1,51495.52,0,51495.52
3999,1367,3,3,110255.0,5,314226.75
4000,1367,95,2,69307.71,20,110892.34
4001,1368,42,2,23735.01,10,42723.02
4002,1369,119,2,1713.06,20,2740.9
4003,1369,54,1,53786.68,0,53786.68
4004,1370,23,2,79774.8,20,127639.68
4005,1370,109,4,93069.65,5,353664.67
4006,1371,114,4,80348.52,5,305324.38
4007,1372,10,2,40072.41,5,76137.58
4008,1373,87,2,90630.87,10,163135.57
4009,1374,62,1,84917.09,15,72179.53
4010,1374,42,4,23735.01,15,80699.03
4011,1374,91,4,56071.56,0,224286.24
4012,1374,98,1,12677.21,15,10775.63
4013,1374,95,3,69307.71,20,166338.5
4014,1375,17,1,30939.34,15,26298.44
4015,1375,60,1,107216.71,10,96495.04
4016,1375,78,4,77308.58,20,247387.46
4017,1375,57,2,58409.34,20,93454.94
4018,1375,53,3,51495.52,10,139037.9
4019,1376,90,4,80500.33,10,289801.19
4020,1376,51,4,114029.73,20,364895.14
4021,1377,40,2,118080.35,10,212544.63
4022,1377,79,3,22216.62,5,63317.37
4023,1378,114,1,80348.52,15,68296.24
4024,1378,18,3,702.11,15,1790.38
4025,1378,75,2,110385.22,20,176616.35
4026,1379,3,4,110255.0,10,396918.0
4027,1379,72,4,58534.22,10,210723.19
4028,1379,1,3,46213.74,20,110912.98
4029,1379,71,3,58843.42,15,150050.72
4030,1380,60,4,107216.71,20,343093.47
4031,1380,32,3,72996.06,5,208038.77
4032,1380,37,4,11659.77,20,37311.26
4033,1380,108,1,74101.53,15,62986.3
4034,1381,85,4,119988.99,0,479955.96
4035,1381,82,3,33751.67,5,96192.26
4036,1382,52,1,73711.95,0,73711.95
4037,1382,38,2,80899.08,10,145618.34
4038,1382,71,3,58843.42,10,158877.23
4039,1382,78,1,77308.58,5,73443.15
4040,1383,71,4,58843.42,10,211836.31
4041,1383,31,1,34786.19,20,27828.95
4042,1383,80,3,39618.64,15,101027.53
4043,1383,77,2,67944.84,0,135889.68
4044,1383,95,2,69307.71,15,117823.11
4045,1384,93,4,93446.13,0,373784.52
4046,1384,50,3,118553.15,5,337876.48
4047,1384,98,1,12677.21,10,11409.49
4048,1385,70,3,96084.25,15,245014.84
4049,1385,86,4,78192.22,20,250215.1
4050,1385,109,1,93069.65,20,74455.72
4051,1385,115,4,59569.63,0,238278.52
4052,1386,15,2,72941.96,15,124001.33
4053,1387,33,1,53293.43,15,45299.42
4054,1387,17,4,30939.34,10,111381.62
4055,1387,77,3,67944.84,15,173259.34
4056,1388,101,2,41990.85,0,83981.7
4057,1388,100,3,95649.15,10,258252.7
4058,1389,24,2,108055.6,0,216111.2
4059,1389,110,1,99175.28,10,89257.75
4060,1390,116,3,58762.22,10,158657.99
4061,1390,50,3,118553.15,20,284527.56
4062,1390,39,2,18108.8,20,28974.08
4063,1390,70,4,96084.25,10,345903.3
4064,1391,18,3,702.11,10,1895.7
4065,1392,1,2,46213.74,15,78563.36
4066,1393,119,2,1713.06,15,2912.2
4067,1393,100,4,95649.15,5,363466.77
4068,1394,71,2,58843.42,20,94149.47
4069,1394,42,3,23735.01,5,67644.78
4070,1394,22,3,110532.12,5,315016.54
4071,1395,48,1,110137.67,0,110137.67
4072,1395,79,3,22216.62,0,66649.86
4073,1395,11,1,105306.09,10,94775.48
4074,1395,58,3,53064.77,20,127355.45
4075,1396,82,2,33751.67,10,60753.01
4076,1396,28,4,81439.49,20,260606.37
4077,1396,46,3,96591.13,0,289773.39
4078,1397,26,2,83816.41,0,167632.82
4079,1397,34,3,61585.29,5,175518.08
4080,1397,38,4,80899.08,20,258877.06
4081,1397,109,1,93069.65,5,88416.17
4082,1398,31,2,34786.19,15,59136.52
4083,1398,106,1,85023.38,20,68018.7
4084,1399,70,3,96084.25,20,230602.2
4085,1399,61,4,18524.26,5,70392.19
4086,1399,26,3,83816.41,0,251449.23
4087,1399,2,3,56747.46,5,161730.26
4088,1400,94,1,13417.8,0,13417.8
4089,1400,29,1,74054.03,10,66648.63
4090,1400,62,4,84917.09,15,288718.11
4091,1401,96,4,47900.21,20,153280.67
4092,1401,49,1,16434.02,10,14790.62
4093,1401,120,2,10730.75,5,20388.42
4094,1401,21,4,52040.04,5,197752.15
4095,1402,79,1,22216.62,0,22216.62
4096,1403,107,3,88188.54,5,251337.34
4097,1403,120,1,10730.75,0,10730.75
4098,1404,84,4,2816.3,10,10138.68
4099,1404,38,3,80899.08,20,194157.79
4100,1405,106,4,85023.38,10,306084.17
4101,1405,100,3,95649.15,20,229557.96
4102,1405,114,2,80348.52,20,128557.63
4103,1406,60,1,107216.71,5,101855.87
4104,1406,94,3,13417.8,20,32202.72
4105,1406,69,2,64817.36,20,103707.78
4106,1406,78,4,77308.58,0,309234.32
4107,1406,85,4,119988.99,0,479955.96
4108,1407,55,2,54283.34,20,86853.34
4109,1407,64,4,50185.02,20,160592.06
4110,1408,65,1,47042.48,0,47042.48
4111,1408,44,2,78898.93,20,126238.29
4112,1408,97,4,9581.58,20,30661.06
4113,1408,56,1,100863.62,10,90777.26
4114,1408,109,3,93069.65,20,223367.16
4115,1409,41,4,54922.23,15,186735.58
4116,1409,19,2,64845.01,5,123205.52
4117,1409,72,3,58534.22,0,175602.66
4118,1410,96,3,47900.21,5,136515.6
4119,1410,2,2,56747.46,15,96470.68
4120,1410,99,1,102110.04,0,102110.04
4121,1410,108,1,74101.53,20,59281.22
4122,1411,110,4,99175.28,10,357031.01
4123,1411,74,2,87039.67,10,156671.41
4124,1412,42,1,23735.01,0,23735.01
4125,1412,106,3,85023.38,10,229563.13
4126,1412,69,1,64817.36,5,61576.49
4127,1412,103,3,2011.93,5,5734.0
4128,1412,13,4,13454.1,5,51125.58
4129,1413,18,2,702.11,10,1263.8
4130,1413,118,4,84291.46,20,269732.67
4131,1413,57,2,58409.34,5,110977.75
4132,1413,11,3,105306.09,5,300122.36
4133,1414,112,4,33831.93,0,135327.72
4134,1414,97,3,9581.58,10,25870.27
4135,1414,108,4,74101.53,5,281585.81
4136,1415,24,1,108055.6,0,108055.6
4137,1415,46,4,96591.13,10,347728.07
4138,1415,45,2,93521.24,15,158986.11
4139,1415,102,1,8740.33,5,8303.31
4140,1415,113,2,90181.92,15,153309.26
4141,1416,53,2,51495.52,10,92691.94
4142,1416,1,2,46213.74,20,73941.98
4143,1416,44,1,78898.93,15,67064.09
4144,1416,118,3,84291.46,10,227586.94
4145,1417,42,3,23735.01,20,56964.02
4146,1417,82,3,33751.67,15,86066.76
4147,1417,115,3,59569.63,0,178708.89
4148,1417,27,3,23424.89,0,70274.67
4149,1418,19,2,64845.01,15,110236.52
4150,1418,63,2,49208.12,20,78732.99
4151,1418,54,1,53786.68,10,48408.01
4152,1419,76,2,3722.49,0,7444.98
4153,1419,41,4,54922.23,20,175751.14
4154,1420,81,2,40831.32,5,77579.51
4155,1420,89,3,18709.69,20,44903.26
4156,1420,118,4,84291.46,10,303449.26
4157,1420,1,3,46213.74,10,124777.1
4158,1420,73,1,80430.4,5,76408.88
4159,1421,3,4,110255.0,20,352816.0
4160,1421,83,1,30646.45,0,30646.45
4161,1422,65,4,47042.48,5,178761.42
4162,1422,98,4,12677.21,15,43102.51
4163,1422,67,3,45955.53,20,110293.27
4164,1422,116,2,58762.22,5,111648.22
4165,1422,9,2,81702.42,15,138894.11
4166,1423,78,1,77308.58,20,61846.86
4167,1424,24,2,108055.6,15,183694.52
4168,1425,111,2,39015.4,0,78030.8
4169,1425,112,1,33831.93,10,30448.74
4170,1426,8,4,42461.96,20,135878.27
4171,1427,100,1,95649.15,0,95649.15
4172,1427,31,4,34786.19,20,111315.81
4173,1427,108,3,74101.53,0,222304.59
4174,1428,76,4,3722.49,5,14145.46
4175,1429,11,3,105306.09,5,300122.36
4176,1429,64,2,50185.02,10,90333.04
4177,1429,108,1,74101.53,10,66691.38
4178,1430,7,4,8795.78,0,35183.12
4179,1430,5,4,27139.36,5,103129.57
4180,1430,25,1,80193.7,15,68164.64
4181,1430,40,1,118080.35,5,112176.33
4182,1430,49,4,16434.02,15,55875.67
4183,1431,43,4,59578.07,5,226396.67
4184,1431,100,1,95649.15,20,76519.32
4185,1431,102,3,8740.33,5,24909.94
4186,1431,31,4,34786.19,20,111315.81
4187,1431,51,1,114029.73,0,114029.73
4188,1432,32,1,72996.06,0,72996.06
4189,1432,18,4,702.11,5,2668.02
4190,1432,43,4,59578.07,0,238312.28
4191,1432,103,2,2011.93,0,4023.86
4192,1433,73,4,80430.4,0,321721.6
4193,1433,6,4,48116.68,15,163596.71
4194,1433,96,2,47900.21,5,91010.4
4195,1433,66,1,113554.41,0,113554.41
4196,1434,15,1,72941.96,15,62000.67
4197,1434,73,1,80430.4,15,68365.84
4198,1434,22,3,110532.12,10,298436.72
4199,1434,71,2,58843.42,15,100033.81
4200,1435,47,1,56013.71,15,47611.65
4201,1435,19,1,64845.01,5,61602.76
4202,1436,75,3,110385.22,10,298040.09
4203,1437,54,3,53786.68,10,145224.04
4204,1437,83,1,30646.45,5,29114.13
4205,1438,93,2,93446.13,10,168203.03
4206,1438,72,3,58534.22,10,158042.39
4207,1438,4,3,98554.1,0,295662.3
4208,1439,120,1,10730.75,5,10194.21
4209,1439,69,4,64817.36,20,207415.55
4210,1439,75,4,110385.22,10,397386.79
4211,1440,17,1,30939.34,0,30939.34
4212,1440,28,3,81439.49,10,219886.62
4213,1440,60,4,107216.71,10,385980.16
4214,1440,49,1,16434.02,20,13147.22
4215,1441,74,1,87039.67,15,73983.72
4216,1442,74,2,87039.67,15,147967.44
4217,1442,95,2,69307.71,5,131684.65
4218,1442,93,3,93446.13,5,266321.47
4219,1442,98,3,12677.21,20,30425.3
4220,1443,21,4,52040.04,10,187344.14
4221,1443,16,3,46530.85,15,118653.67
4222,1443,29,2,74054.03,5,140702.66
4223,1443,74,1,87039.67,5,82687.69
4224,1443,68,1,36184.21,5,34375.0
4225,1444,98,1,12677.21,0,12677.21
4226,1444,28,1,81439.49,0,81439.49
4227,1445,31,1,34786.19,0,34786.19
4228,1445,76,1,3722.49,0,3722.49
4229,1445,15,3,72941.96,0,218825.88
4230,1445,79,4,22216.62,0,88866.48
4231,1446,106,2,85023.38,15,144539.75
4232,1446,31,2,34786.19,15,59136.52
4233,1447,102,1,8740.33,20,6992.26
4234,1447,94,4,13417.8,15,45620.52
4235,1447,44,3,78898.93,15,201192.27
4236,1447,39,2,18108.8,0,36217.6
4237,1447,70,1,96084.25,0,96084.25
4238,1448,93,2,93446.13,15,158858.42
4239,1449,89,2,18709.69,20,29935.5
4240,1449,34,3,61585.29,5,175518.08
4241,1449,43,1,59578.07,5,56599.17
4242,1450,53,3,51495.52,15,131313.58
4243,1450,4,3,98554.1,10,266096.07
4244,1450,58,3,53064.77,15,135315.16
4245,1451,35,1,79232.66,5,75271.03
4246,1451,113,1,90181.92,20,72145.54
4247,1452,20,4,88576.0,5,336588.8
4248,1453,116,2,58762.22,10,105772.0
4249,1453,18,2,702.11,15,1193.59
4250,1453,60,3,107216.71,5,305567.62
4251,1454,80,2,39618.64,20,63389.82
4252,1454,13,3,13454.1,0,40362.3
4253,1455,73,4,80430.4,0,321721.6
4254,1455,3,1,110255.0,0,110255.0
4255,1455,37,4,11659.77,20,37311.26
4256,1456,17,2,30939.34,20,49502.94
4257,1457,26,2,83816.41,20,134106.26
4258,1457,116,4,58762.22,0,235048.88
4259,1458,2,4,56747.46,15,192941.36
4260,1458,64,3,50185.02,5,143027.31
4261,1458,95,3,69307.71,10,187130.82
4262,1459,29,4,74054.03,0,296216.12
4263,1459,110,1,99175.28,20,79340.22
4264,1459,82,1,33751.67,10,30376.5
4265,1459,39,2,18108.8,0,36217.6
4266,1460,31,4,34786.19,0,139144.76
4267,1460,45,4,93521.24,15,317972.22
4268,1460,72,2,58534.22,5,111215.02
4269,1461,51,1,114029.73,20,91223.78
4270,1461,58,4,53064.77,15,180420.22
4271,1462,10,4,40072.41,15,136246.19
4272,1462,119,4,1713.06,20,5481.79
4273,1462,80,3,39618.64,20,95084.74
4274,1463,47,1,56013.71,15,47611.65
4275,1463,2,1,56747.46,20,45397.97
4276,1464,104,1,13111.9,10,11800.71
4277,1464,27,4,23424.89,15,79644.63
4278,1464,40,2,118080.35,0,236160.7
4279,1465,21,2,52040.04,0,104080.08
4280,1465,46,4,96591.13,10,347728.07
4281,1465,33,3,53293.43,0,159880.29
4282,1466,71,2,58843.42,0,117686.84
4283,1466,11,4,105306.09,5,400163.14
4284,1466,68,3,36184.21,5,103125.0
4285,1466,19,3,64845.01,20,155628.02
4286,1466,60,3,107216.71,20,257320.1
4287,1467,103,4,2011.93,10,7242.95
4288,1467,54,1,53786.68,10,48408.01
4289,1467,69,1,64817.36,0,64817.36
4290,1467,3,1,110255.0,5,104742.25
4291,1467,52,1,73711.95,5,70026.35
4292,1468,32,1,72996.06,0,72996.06
4293,1468,111,4,39015.4,0,156061.6
4294,1469,50,1,118553.15,5,112625.49
4295,1469,7,1,8795.78,20,7036.62
4296,1469,8,4,42461.96,20,135878.27
4297,1469,26,1,83816.41,0,83816.41
4298,1469,21,1,52040.04,10,46836.04
4299,1470,97,4,9581.58,0,38326.32
4300,1471,98,1,12677.21,20,10141.77
4301,1471,46,3,96591.13,0,289773.39
4302,1472,118,1,84291.46,0,84291.46
4303,1472,2,2,56747.46,15,96470.68
4304,1472,81,3,40831.32,5,116369.26
4305,1473,68,1,36184.21,15,30756.58
4306,1473,87,2,90630.87,15,154072.48
4307,1473,112,1,33831.93,5,32140.33
4308,1473,108,4,74101.53,0,296406.12
4309,1473,57,4,58409.34,0,233637.36
4310,1474,115,4,59569.63,10,214450.67
4311,1474,26,4,83816.41,15,284975.79
4312,1475,113,1,90181.92,0,90181.92
4313,1475,54,2,53786.68,10,96816.02
4314,1475,72,1,58534.22,20,46827.38
4315,1475,111,3,39015.4,10,105341.58
4316,1476,25,2,80193.7,5,152368.03
4317,1476,103,4,2011.93,5,7645.33
4318,1476,99,2,102110.04,0,204220.08
4319,1477,46,4,96591.13,0,386364.52
4320,1477,109,4,93069.65,15,316436.81
4321,1477,59,3,28521.98,0,85565.94
4322,1477,34,4,61585.29,20,197072.93
4323,1477,51,1,114029.73,5,108328.24
4324,1478,115,4,59569.63,0,238278.52
4325,1478,39,1,18108.8,15,15392.48
4326,1478,106,1,85023.38,5,80772.21
4327,1478,19,2,64845.01,10,116721.02
4328,1479,80,2,39618.64,20,63389.82
4329,1480,117,4,41170.49,20,131745.57
4330,1480,14,1,87561.13,0,87561.13
4331,1480,95,3,69307.71,5,197526.97
4332,1481,98,4,12677.21,10,45637.96
4333,1481,104,4,13111.9,5,49825.22
4334,1481,92,2,20550.8,20,32881.28
4335,1482,3,3,110255.0,15,281150.25
4336,1482,105,4,76452.42,10,275228.71
4337,1482,16,2,46530.85,15,79102.44
4338,1483,42,1,23735.01,5,22548.26
4339,1483,96,1,47900.21,15,40715.18
4340,1483,98,4,12677.21,10,45637.96
4341,1484,65,3,47042.48,5,134071.07
4342,1484,13,4,13454.1,0,53816.4
4343,1484,44,4,78898.93,5,299815.93
4344,1484,47,2,56013.71,15,95223.31
4345,1485,55,4,54283.34,5,206276.69
4346,1485,99,1,102110.04,10,91899.04
4347,1485,60,1,107216.71,15,91134.2
4348,1486,47,4,56013.71,10,201649.36
4349,1487,28,1,81439.49,15,69223.57
4350,1488,106,3,85023.38,20,204056.11
4351,1488,10,3,40072.41,15,102184.65
4352,1488,108,2,74101.53,15,125972.6
4353,1489,52,3,73711.95,0,221135.85
4354,1489,19,4,64845.01,15,220473.03
4355,1489,115,4,59569.63,10,214450.67
4356,1489,58,2,53064.77,0,106129.54
4357,1489,24,4,108055.6,15,367389.04
4358,1490,44,4,78898.93,15,268256.36
4359,1490,27,4,23424.89,5,89014.58
4360,1491,78,1,77308.58,10,69577.72
4361,1491,7,4,8795.78,20,28146.5
4362,1491,53,2,51495.52,5,97841.49
4363,1491,115,1,59569.63,10,53612.67
4364,1492,107,2,88188.54,20,141101.66
4365,1492,78,4,77308.58,0,309234.32
4366,1492,99,3,102110.04,20,245064.1
4367,1492,19,4,64845.01,15,220473.03
4368,1492,61,3,18524.26,0,55572.78
4369,1493,77,3,67944.84,10,183451.07
4370,1493,113,3,90181.92,5,257018.47
4371,1493,60,4,107216.71,0,428866.84
4372,1493,64,1,50185.02,5,47675.77
4373,1493,91,3,56071.56,5,159803.95
4374,1494,94,2,13417.8,5,25493.82
4375,1494,27,2,23424.89,15,39822.31
4376,1494,24,1,108055.6,0,108055.6
4377,1494,8,1,42461.96,15,36092.67
4378,1495,55,2,54283.34,0,108566.68
4379,1496,108,2,74101.53,0,148203.06
4380,1496,71,3,58843.42,5,167703.75
4381,1496,52,1,73711.95,15,62655.16
4382,1497,4,2,98554.1,15,167541.97
4383,1497,116,1,58762.22,0,58762.22
4384,1498,55,1,54283.34,0,54283.34
4385,1499,114,1,80348.52,0,80348.52
4386,1499,100,3,95649.15,20,229557.96
4387,1499,6,2,48116.68,5,91421.69
4388,1499,44,2,78898.93,15,134128.18
4389,1500,111,4,39015.4,5,148258.52
4390,1501,29,3,74054.03,10,199945.88
4391,1501,73,1,80430.4,5,76408.88
4392,1501,5,3,27139.36,20,65134.46
4393,1501,95,3,69307.71,0,207923.13
4394,1501,51,2,114029.73,20,182447.57
4395,1502,70,1,96084.25,5,91280.04
4396,1502,111,1,39015.4,15,33163.09
4397,1503,107,4,88188.54,15,299841.04
4398,1503,56,4,100863.62,10,363109.03
4399,1504,76,3,3722.49,20,8933.98
4400,1504,63,3,49208.12,0,147624.36
4401,1505,97,1,9581.58,5,9102.5
4402,1505,53,1,51495.52,20,41196.42
4403,1505,109,1,93069.65,0,93069.65
4404,1506,113,1,90181.92,10,81163.73
4405,1506,105,3,76452.42,20,183485.81
4406,1506,31,1,34786.19,20,27828.95
4407,1507,22,2,110532.12,10,198957.82
4408,1508,80,2,39618.64,10,71313.55
4409,1509,37,2,11659.77,5,22153.56
4410,1509,89,2,18709.69,5,35548.41
4411,1509,101,3,41990.85,5,119673.92
4412,1509,27,4,23424.89,5,89014.58
4413,1509,80,4,39618.64,5,150550.83
4414,1510,16,3,46530.85,10,125633.29
4415,1510,17,1,30939.34,5,29392.37
4416,1511,117,2,41170.49,0,82340.98
4417,1511,112,1,33831.93,5,32140.33
4418,1511,79,2,22216.62,15,37768.25
4419,1512,21,1,52040.04,15,44234.03
4420,1512,9,2,81702.42,20,130723.87
4421,1512,117,3,41170.49,0,123511.47
4422,1513,17,2,30939.34,0,61878.68
4423,1513,24,4,108055.6,10,389000.16
4424,1513,51,2,114029.73,15,193850.54
4425,1513,58,2,53064.77,15,90210.11
4426,1513,10,3,40072.41,15,102184.65
4427,1514,114,4,80348.52,0,321394.08
4428,1515,116,3,58762.22,0,176286.66
4429,1515,35,2,79232.66,5,150542.05
4430,1515,41,1,54922.23,0,54922.23
4431,1515,112,3,33831.93,5,96421.0
4432,1515,18,3,702.11,10,1895.7
4433,1516,75,1,110385.22,10,99346.7
4434,1517,82,2,33751.67,10,60753.01
4435,1517,18,3,702.11,5,2001.01
4436,1517,34,2,61585.29,0,123170.58
4437,1517,60,2,107216.71,10,192990.08
4438,1518,95,1,69307.71,10,62376.94
4439,1518,119,4,1713.06,15,5824.4
4440,1519,113,2,90181.92,20,144291.07
4441,1519,31,4,34786.19,10,125230.28
4442,1520,56,3,100863.62,20,242072.69
4443,1520,36,3,79830.53,20,191593.27
4444,1520,8,2,42461.96,20,67939.14
4445,1521,95,3,69307.71,15,176734.66
4446,1522,95,4,69307.71,5,263369.3
4447,1522,48,2,110137.67,5,209261.57
4448,1522,11,2,105306.09,10,189550.96
4449,1523,23,3,79774.8,5,227358.18
4450,1523,71,1,58843.42,0,58843.42
4451,1523,53,2,51495.52,5,97841.49
4452,1523,25,2,80193.7,10,144348.66
4453,1524,51,4,114029.73,0,456118.92
4454,1524,22,2,110532.12,15,187904.6
4455,1524,107,4,88188.54,0,352754.16
4456,1524,89,3,18709.69,10,50516.16
4457,1525,83,2,30646.45,20,49034.32
4458,1525,6,1,48116.68,0,48116.68
4459,1525,3,1,110255.0,20,88204.0
4460,1526,39,4,18108.8,0,72435.2
4461,1526,108,1,74101.53,20,59281.22
4462,1527,19,3,64845.01,15,165354.78
4463,1527,60,3,107216.71,15,273402.61
4464,1527,63,1,49208.12,15,41826.9
4465,1527,85,1,119988.99,15,101990.64
4466,1527,5,4,27139.36,5,103129.57
4467,1528,2,3,56747.46,5,161730.26
4468,1529,110,1,99175.28,5,94216.52
4469,1529,29,2,74054.03,15,125891.85
4470,1530,26,1,83816.41,15,71243.95
4471,1530,92,3,20550.8,10,55487.16
4472,1531,85,3,119988.99,15,305971.92
4473,1531,115,4,59569.63,0,238278.52
4474,1531,50,4,118553.15,5,450501.97
4475,1531,67,3,45955.53,20,110293.27
4476,1532,110,4,99175.28,0,396701.12
4477,1532,44,1,78898.93,15,67064.09
4478,1532,13,2,13454.1,5,25562.79
4479,1533,40,4,118080.35,5,448705.33
4480,1533,35,2,79232.66,10,142618.79
4481,1533,99,3,102110.04,15,260380.6
4482,1533,10,3,40072.41,5,114206.37
4483,1534,46,3,96591.13,20,231818.71
4484,1534,112,3,33831.93,5,96421.0
4485,1535,23,3,79774.8,0,239324.4
4486,1535,26,1,83816.41,0,83816.41
4487,1535,67,3,45955.53,5,130973.26
4488,1535,56,3,100863.62,10,272331.77
4489,1536,100,1,95649.15,0,95649.15
4490,1536,76,2,3722.49,15,6328.23
4491,1536,78,1,77308.58,10,69577.72
4492,1537,95,4,69307.71,20,221784.67
4493,1537,13,3,13454.1,10,36326.07
4494,1537,38,2,80899.08,15,137528.44
4495,1537,29,1,74054.03,15,62945.93
4496,1538,33,4,53293.43,5,202515.03
4497,1538,115,4,59569.63,5,226364.59
4498,1538,54,4,53786.68,20,172117.38
4499,1538,109,1,93069.65,10,83762.68
4500,1539,74,4,87039.67,5,330750.75
4501,1539,5,1,27139.36,0,27139.36
4502,1539,8,3,42461.96,10,114647.29
4503,1539,20,1,88576.0,15,75289.6
4504,1539,58,4,53064.77,0,212259.08
4505,1540,91,4,56071.56,10,201857.62
4506,1540,32,4,72996.06,20,233587.39
4507,1541,3,4,110255.0,15,374867.0
4508,1541,105,1,76452.42,20,61161.94
4509,1542,83,1,30646.45,20,24517.16
4510,1542,36,4,79830.53,20,255457.7
4511,1542,100,4,95649.15,10,344336.94
4512,1542,11,2,105306.09,20,168489.74
4513,1542,79,3,22216.62,20,53319.89
4514,1543,88,4,24323.6,15,82700.24
4515,1543,105,1,76452.42,10,68807.18
4516,1543,22,3,110532.12,0,331596.36
4517,1544,8,4,42461.96,0,169847.84
4518,1544,34,4,61585.29,15,209389.99
4519,1544,83,1,30646.45,15,26049.48
4520,1544,110,4,99175.28,5,376866.06
4521,1545,61,2,18524.26,20,29638.82
4522,1546,16,3,46530.85,5,132612.92
4523,1546,72,2,58534.22,15,99508.17
4524,1546,20,1,88576.0,15,75289.6
4525,1546,54,1,53786.68,20,43029.34
4526,1547,27,2,23424.89,0,46849.78
4527,1548,46,4,96591.13,15,328409.84
4528,1548,100,1,95649.15,15,81301.78
4529,1548,73,2,80430.4,0,160860.8
4530,1549,21,3,52040.04,5,148314.11
4531,1549,35,1,79232.66,5,75271.03
4532,1549,30,1,65978.5,15,56081.72
4533,1549,72,1,58534.22,15,49754.09
4534,1549,117,4,41170.49,20,131745.57
4535,1550,87,3,90630.87,20,217514.09
4536,1550,15,1,72941.96,0,72941.96
4537,1551,12,1,69880.47,0,69880.47
4538,1551,43,4,59578.07,0,238312.28
4539,1551,1,2,46213.74,15,78563.36
4540,1551,26,3,83816.41,0,251449.23
4541,1551,58,4,53064.77,0,212259.08
4542,1552,68,4,36184.21,20,115789.47
4543,1552,22,2,110532.12,10,198957.82
4544,1553,85,4,119988.99,10,431960.36
4545,1553,75,1,110385.22,0,110385.22
4546,1553,44,4,78898.93,20,252476.58
4547,1553,73,1,80430.4,15,68365.84
4548,1553,24,1,108055.6,20,86444.48
4549,1554,72,1,58534.22,20,46827.38
4550,1555,119,2,1713.06,10,3083.51
4551,1555,54,3,53786.68,10,145224.04
4552,1556,88,1,24323.6,0,24323.6
4553,1556,106,2,85023.38,0,170046.76
4554,1556,113,3,90181.92,5,257018.47
4555,1556,63,3,49208.12,5,140243.14
4556,1556,116,3,58762.22,5,167472.33
4557,1557,59,2,28521.98,0,57043.96
4558,1557,47,2,56013.71,20,89621.94
4559,1558,1,3,46213.74,5,131709.16
4560,1558,17,4,30939.34,10,111381.62
4561,1558,118,2,84291.46,10,151724.63
4562,1558,97,1,9581.58,10,8623.42
4563,1559,105,3,76452.42,0,229357.26
4564,1559,57,2,58409.34,15,99295.88
4565,1559,102,3,8740.33,20,20976.79
4566,1559,48,2,110137.67,0,220275.34
4567,1559,100,3,95649.15,20,229557.96
4568,1560,53,2,51495.52,15,87542.38
4569,1560,20,1,88576.0,15,75289.6
4570,1560,26,4,83816.41,15,284975.79
4571,1560,17,4,30939.34,10,111381.62
4572,1561,18,1,702.11,10,631.9
4573,1561,96,2,47900.21,20,76640.34
4574,1562,50,4,118553.15,15,403080.71
4575,1563,76,2,3722.49,20,5955.98
4576,1563,117,2,41170.49,5,78223.93
4577,1563,114,3,80348.52,20,192836.45
4578,1563,77,4,67944.84,15,231012.46
4579,1563,85,4,119988.99,15,407962.57
4580,1564,33,2,53293.43,0,106586.86
4581,1564,68,3,36184.21,20,86842.1
4582,1565,98,1,12677.21,5,12043.35
4583,1565,77,2,67944.84,15,115506.23
4584,1566,120,1,10730.75,10,9657.68
4585,1566,52,2,73711.95,0,147423.9
4586,1566,19,3,64845.01,20,155628.02
4587,1566,108,1,74101.53,5,70396.45
4588,1567,20,4,88576.0,5,336588.8
4589,1567,116,1,58762.22,20,47009.78
4590,1567,82,4,33751.67,10,121506.01
4591,1568,38,1,80899.08,10,72809.17
4592,1568,117,2,41170.49,0,82340.98
4593,1569,55,3,54283.34,20,130280.02
4594,1569,78,4,77308.58,5,293772.6
4595,1569,103,1,2011.93,10,1810.74
4596,1569,14,4,87561.13,20,280195.62
4597,1570,79,4,22216.62,20,71093.18
4598,1570,53,3,51495.52,15,131313.58
4599,1570,13,2,13454.1,10,24217.38
4600,1570,120,1,10730.75,10,9657.68
4601,1571,10,2,40072.41,15,68123.1
4602,1571,85,3,119988.99,15,305971.92
4603,1572,10,3,40072.41,0,120217.23
4604,1572,64,2,50185.02,15,85314.53
4605,1573,77,4,67944.84,5,258190.39
4606,1573,93,2,93446.13,15,158858.42
4607,1573,10,1,40072.41,5,38068.79
4608,1573,76,3,3722.49,5,10609.1
4609,1573,26,3,83816.41,10,226304.31
4610,1574,56,4,100863.62,5,383281.76
4611,1574,4,2,98554.1,10,177397.38
4612,1574,57,1,58409.34,0,58409.34
4613,1574,96,4,47900.21,15,162860.71
4614,1575,110,2,99175.28,5,188433.03
4615,1575,100,3,95649.15,0,286947.45
4616,1575,46,3,96591.13,10,260796.05
4617,1575,12,4,69880.47,5,265545.79
4618,1575,62,3,84917.09,0,254751.27
4619,1576,94,1,13417.8,10,12076.02
4620,1577,78,1,77308.58,15,65712.29
4621,1577,86,1,78192.22,15,66463.39
4622,1578,92,3,20550.8,10,55487.16
4623,1579,119,2,1713.06,0,3426.12
4624,1579,101,1,41990.85,5,39891.31
4625,1579,92,4,20550.8,15,69872.72
4626,1579,70,2,96084.25,0,192168.5
4627,1579,20,2,88576.0,20,141721.6
4628,1580,85,4,119988.99,20,383964.77
4629,1581,12,3,69880.47,15,178195.2
4630,1581,116,2,58762.22,5,111648.22
4631,1581,49,2,16434.02,10,29581.24
4632,1582,39,1,18108.8,15,15392.48
4633,1582,34,4,61585.29,0,246341.16
4634,1582,109,4,93069.65,0,372278.6
4635,1582,3,2,110255.0,0,220510.0
4636,1583,26,2,83816.41,15,142487.9
4637,1584,7,2,8795.78,5,16711.98
4638,1584,44,1,78898.93,0,78898.93
4639,1584,21,4,52040.04,0,208160.16
4640,1584,103,3,2011.93,15,5130.42
4641,1584,52,2,73711.95,5,140052.7
4642,1585,35,3,79232.66,15,202043.28
4643,1585,47,1,56013.71,20,44810.97
4644,1585,92,2,20550.8,5,39046.52
4645,1585,36,1,79830.53,15,67855.95
4646,1586,94,3,13417.8,15,34215.39
4647,1586,32,4,72996.06,15,248186.6
4648,1586,74,4,87039.67,5,330750.75
4649,1587,119,1,1713.06,5,1627.41
4650,1587,1,4,46213.74,0,184854.96
4651,1587,47,3,56013.71,0,168041.13
4652,1587,30,2,65978.5,10,118761.3
4653,1588,7,1,8795.78,15,7476.41
4654,1588,43,2,59578.07,0,119156.14
4655,1588,119,4,1713.06,15,5824.4
4656,1588,105,2,76452.42,15,129969.11
4657,1589,83,4,30646.45,10,110327.22
4658,1590,22,1,110532.12,5,105005.51
4659,1591,21,4,52040.04,10,187344.14
4660,1591,89,4,18709.69,20,59871.01
4661,1591,26,3,83816.41,5,238876.77
4662,1592,56,3,100863.62,15,257202.23
4663,1592,6,3,48116.68,10,129915.04
4664,1592,18,3,702.11,10,1895.7
4665,1592,111,2,39015.4,0,78030.8
4666,1592,60,3,107216.71,10,289485.12
4667,1593,12,1,69880.47,20,55904.38
4668,1593,16,4,46530.85,10,167511.06
4669,1593,72,3,58534.22,20,140482.13
4670,1593,3,2,110255.0,10,198459.0
4671,1593,81,3,40831.32,10,110244.56
4672,1594,16,4,46530.85,0,186123.4
4673,1594,64,3,50185.02,15,127971.8
4674,1595,70,4,96084.25,0,384337.0
4675,1595,55,3,54283.34,15,138422.52
4676,1595,4,2,98554.1,15,167541.97
4677,1596,65,1,47042.48,10,42338.23
4678,1596,47,2,56013.71,0,112027.42
4679,1596,4,1,98554.1,15,83770.99
4680,1597,7,1,8795.78,10,7916.2
4681,1597,45,2,93521.24,5,177690.36
4682,1597,68,3,36184.21,10,97697.37
4683,1597,57,1,58409.34,5,55488.87
4684,1598,34,2,61585.29,0,123170.58
4685,1598,94,3,13417.8,15,34215.39
4686,1598,96,1,47900.21,10,43110.19
4687,1598,47,4,56013.71,0,224054.84
4688,1599,28,1,81439.49,20,65151.59
4689,1599,55,2,54283.34,5,103138.35
4690,1599,43,3,59578.07,20,142987.37
4691,1599,50,4,118553.15,10,426791.34
4692,1599,114,4,80348.52,15,273184.97
4693,1600,96,4,47900.21,15,162860.71
4694,1600,89,1,18709.69,20,14967.75
4695,1601,78,3,77308.58,15,197136.88
4696,1602,28,2,81439.49,20,130303.18
4697,1602,101,4,41990.85,10,151167.06
4698,1602,88,3,24323.6,0,72970.8
4699,1602,18,2,702.11,20,1123.38
4700,1603,80,2,39618.64,10,71313.55
4701,1603,111,2,39015.4,15,66326.18
4702,1603,76,4,3722.49,5,14145.46
4703,1603,84,2,2816.3,5,5350.97
4704,1604,3,1,110255.0,10,99229.5
4705,1604,74,1,87039.67,0,87039.67
4706,1605,28,4,81439.49,0,325757.96
4707,1605,39,2,18108.8,20,28974.08
4708,1606,89,4,18709.69,0,74838.76
4709,1606,44,4,78898.93,10,284036.15
4710,1606,17,4,30939.34,20,99005.89
4711,1607,1,4,46213.74,10,166369.46
4712,1608,117,4,41170.49,15,139979.67
4713,1608,17,4,30939.34,15,105193.76
4714,1609,52,4,73711.95,0,294847.8
4715,1609,119,4,1713.06,0,6852.24
4716,1609,39,2,18108.8,20,28974.08
4717,1609,94,3,13417.8,0,40253.4
4718,1610,102,1,8740.33,0,8740.33
4719,1610,39,4,18108.8,10,65191.68
4720,1610,18,1,702.11,5,667.0
4721,1610,81,4,40831.32,10,146992.75
4722,1610,37,1,11659.77,15,9910.8
4723,1611,119,2,1713.06,0,3426.12
4724,1611,1,1,46213.74,5,43903.05
4725,1611,108,4,74101.53,5,281585.81
4726,1611,56,3,100863.62,15,257202.23
4727,1611,107,3,88188.54,15,224880.78
4728,1612,83,2,30646.45,20,49034.32
4729,1612,76,4,3722.49,20,11911.97
4730,1612,27,3,23424.89,20,56219.74
4731,1612,14,1,87561.13,10,78805.02
4732,1613,2,2,56747.46,5,107820.17
4733,1613,111,4,39015.4,15,132652.36
4734,1613,37,3,11659.77,5,33230.34
4735,1614,13,1,13454.1,0,13454.1
4736,1614,21,3,52040.04,20,124896.1
4737,1615,24,4,108055.6,15,367389.04
4738,1616,64,2,50185.02,10,90333.04
4739,1616,39,4,18108.8,15,61569.92
4740,1616,23,4,79774.8,0,319099.2
4741,1617,84,3,2816.3,0,8448.9
4742,1617,62,4,84917.09,20,271734.69
4743,1617,8,1,42461.96,15,36092.67
4744,1617,43,1,59578.07,5,56599.17
4745,1617,85,3,119988.99,20,287973.58
4746,1618,69,3,64817.36,20,155561.66
4747,1618,112,4,33831.93,15,115028.56
4748,1618,35,3,79232.66,20,190158.38
4749,1618,51,4,114029.73,5,433312.97
4750,1618,4,2,98554.1,0,197108.2
4751,1619,108,1,74101.53,20,59281.22
4752,1620,54,3,53786.68,10,145224.04
4753,1621,64,4,50185.02,10,180666.07
4754,1621,86,3,78192.22,10,211118.99
4755,1621,119,4,1713.06,10,6167.02
4756,1622,50,4,118553.15,10,426791.34
4757,1623,46,2,96591.13,5,183523.15
4758,1623,33,3,53293.43,10,143892.26
4759,1623,42,3,23735.01,0,71205.03
4760,1623,14,4,87561.13,10,315220.07
4761,1624,3,3,110255.0,15,281150.25
4762,1624,66,1,113554.41,0,113554.41
4763,1624,100,4,95649.15,0,382596.6
4764,1624,30,2,65978.5,15,112163.45
4765,1625,8,3,42461.96,0,127385.88
4766,1625,23,2,79774.8,0,159549.6
4767,1625,6,3,48116.68,0,144350.04
4768,1625,103,2,2011.93,10,3621.47
4769,1626,77,4,67944.84,5,258190.39
4770,1626,63,3,49208.12,10,132861.92
4771,1626,112,2,33831.93,20,54131.09
4772,1626,109,3,93069.65,0,279208.95
4773,1627,118,2,84291.46,10,151724.63
4774,1627,6,4,48116.68,15,163596.71
4775,1627,60,3,107216.71,20,257320.1
4776,1628,114,3,80348.52,20,192836.45
4777,1629,33,1,53293.43,5,50628.76
4778,1629,35,1,79232.66,10,71309.39
4779,1629,19,2,64845.01,10,116721.02
4780,1629,84,3,2816.3,20,6759.12
4781,1629,112,1,33831.93,15,28757.14
4782,1630,86,4,78192.22,15,265853.55
4783,1630,59,3,28521.98,20,68452.75
4784,1630,61,3,18524.26,0,55572.78
4785,1630,37,3,11659.77,0,34979.31
4786,1631,65,2,47042.48,20,75267.97
4787,1632,74,4,87039.67,5,330750.75
4788,1633,93,3,93446.13,5,266321.47
4789,1633,71,4,58843.42,15,200067.63
4790,1633,49,4,16434.02,10,59162.47
4791,1634,52,2,73711.95,0,147423.9
4792,1634,24,3,108055.6,0,324166.8
4793,1634,108,1,74101.53,15,62986.3
4794,1634,76,2,3722.49,10,6700.48
4795,1635,71,4,58843.42,5,223605.0
4796,1635,76,2,3722.49,5,7072.73
4797,1635,108,4,74101.53,5,281585.81
4798,1635,3,2,110255.0,15,187433.5
4799,1635,120,1,10730.75,15,9121.14
4800,1636,8,4,42461.96,10,152863.06
4801,1636,5,3,27139.36,20,65134.46
4802,1636,91,4,56071.56,0,224286.24
4803,1636,105,3,76452.42,15,194953.67
4804,1636,102,4,8740.33,20,27969.06
4805,1637,26,1,83816.41,20,67053.13
4806,1637,76,1,3722.49,15,3164.12
4807,1637,68,2,36184.21,15,61513.16
4808,1638,72,3,58534.22,10,158042.39
4809,1639,34,2,61585.29,20,98536.46
4810,1639,71,1,58843.42,5,55901.25
4811,1639,66,1,113554.41,15,96521.25
4812,1639,57,4,58409.34,0,233637.36
4813,1639,53,2,51495.52,5,97841.49
4814,1640,4,1,98554.1,20,78843.28
4815,1640,81,1,40831.32,5,38789.75
4816,1640,109,4,93069.65,0,372278.6
4817,1640,43,2,59578.07,0,119156.14
4818,1640,95,4,69307.71,0,277230.84
4819,1641,59,2,28521.98,5,54191.76
4820,1642,36,4,79830.53,10,287389.91
4821,1642,116,4,58762.22,0,235048.88
4822,1643,79,2,22216.62,5,42211.58
4823,1643,53,3,51495.52,10,139037.9
4824,1643,111,4,39015.4,0,156061.6
4825,1643,67,4,45955.53,15,156248.8
4826,1643,101,2,41990.85,0,83981.7
4827,1644,88,3,24323.6,15,62025.18
4828,1645,87,3,90630.87,10,244703.35
4829,1645,113,3,90181.92,0,270545.76
4830,1645,95,3,69307.71,10,187130.82
4831,1645,29,2,74054.03,0,148108.06
4832,1645,67,1,45955.53,10,41359.98
4833,1646,109,4,93069.65,20,297822.88
4834,1646,7,4,8795.78,0,35183.12
4835,1646,26,3,83816.41,15,213731.85
4836,1647,80,2,39618.64,5,75275.42
4837,1647,58,3,53064.77,10,143274.88
4838,1647,69,3,64817.36,15,165284.27
4839,1647,7,3,8795.78,10,23748.61
4840,1648,39,4,18108.8,5,68813.44
4841,1648,105,2,76452.42,20,122323.87
4842,1648,3,3,110255.0,15,281150.25
4843,1648,9,2,81702.42,15,138894.11
4844,1649,58,2,53064.77,20,84903.63
4845,1649,91,2,56071.56,15,95321.65
4846,1649,118,2,84291.46,0,168582.92
4847,1650,72,3,58534.22,5,166822.53
4848,1650,48,2,110137.67,5,209261.57
4849,1650,118,2,84291.46,10,151724.63
4850,1651,69,4,64817.36,15,220379.02
4851,1651,32,1,72996.06,15,62046.65
4852,1651,75,2,110385.22,10,198693.4
4853,1652,45,3,93521.24,20,224450.98
4854,1653,55,1,54283.34,15,46140.84
4855,1654,52,1,73711.95,10,66340.76
4856,1655,91,3,56071.56,20,134571.74
4857,1656,104,4,13111.9,10,47202.84
4858,1656,93,2,93446.13,5,177547.65
4859,1656,111,1,39015.4,5,37064.63
4860,1656,17,4,30939.34,10,111381.62
4861,1656,69,1,64817.36,20,51853.89
4862,1657,49,4,16434.02,15,55875.67
4863,1657,58,4,53064.77,15,180420.22
4864,1657,59,1,28521.98,0,28521.98
4865,1657,16,2,46530.85,10,83755.53
4866,1658,102,2,8740.33,5,16606.63
4867,1658,109,2,93069.65,10,167525.37
4868,1659,29,1,74054.03,0,74054.03
4869,1659,115,4,59569.63,15,202536.74
4870,1659,54,1,53786.68,10,48408.01
4871,1659,63,2,49208.12,10,88574.62
4872,1659,46,3,96591.13,15,246307.38
4873,1660,9,4,81702.42,10,294128.71
4874,1660,59,4,28521.98,10,102679.13
4875,1660,39,2,18108.8,15,30784.96
4876,1661,28,3,81439.49,15,207670.7
4877,1661,9,3,81702.42,10,220596.53
4878,1661,73,2,80430.4,5,152817.76
4879,1661,75,4,110385.22,15,375309.75
4880,1662,42,3,23735.01,10,64084.53
4881,1662,1,1,46213.74,5,43903.05
4882,1662,23,3,79774.8,10,215391.96
4883,1662,96,3,47900.21,20,114960.5
4884,1662,103,4,2011.93,15,6840.56
4885,1663,9,3,81702.42,10,220596.53
4886,1663,33,4,53293.43,0,213173.72
4887,1664,12,4,69880.47,20,223617.5
4888,1664,15,4,72941.96,20,233414.27
4889,1664,34,3,61585.29,5,175518.08
4890,1665,57,4,58409.34,15,198591.76
4891,1665,64,1,50185.02,20,40148.02
4892,1666,62,1,84917.09,10,76425.38
4893,1666,32,1,72996.06,0,72996.06
4894,1666,11,3,105306.09,5,300122.36
4895,1666,40,4,118080.35,15,401473.19
4896,1666,27,4,23424.89,5,89014.58
4897,1667,6,4,48116.68,20,153973.38
4898,1668,83,1,30646.45,5,29114.13
4899,1668,71,4,58843.42,20,188298.94
4900,1668,84,2,2816.3,5,5350.97
4901,1668,108,1,74101.53,10,66691.38
4902,1669,24,2,108055.6,0,216111.2
4903,1670,118,2,84291.46,10,151724.63
4904,1670,107,1,88188.54,0,88188.54
4905,1670,18,3,702.11,5,2001.01
4906,1671,41,2,54922.23,0,109844.46
4907,1671,95,1,69307.71,15,58911.55
4908,1671,76,4,3722.49,5,14145.46
4909,1672,5,3,27139.36,5,77347.18
4910,1673,84,1,2816.3,20,2253.04
4911,1673,4,1,98554.1,0,98554.1
4912,1674,25,2,80193.7,5,152368.03
4913,1675,33,3,53293.43,10,143892.26
4914,1675,43,2,59578.07,5,113198.33
4915,1675,107,3,88188.54,5,251337.34
4916,1675,111,4,39015.4,10,140455.44
4917,1675,53,3,51495.52,20,123589.25
4918,1676,25,1,80193.7,20,64154.96
4919,1676,35,3,79232.66,5,225813.08
4920,1676,23,4,79774.8,15,271234.32
4921,1676,96,4,47900.21,5,182020.8
4922,1677,52,1,73711.95,10,66340.76
4923,1677,107,2,88188.54,15,149920.52
4924,1677,100,4,95649.15,10,344336.94
4925,1678,48,2,110137.67,20,176220.27
4926,1678,101,1,41990.85,20,33592.68
4927,1679,32,3,72996.06,5,208038.77
4928,1679,52,3,73711.95,15,187965.47
4929,1680,72,4,58534.22,5,222430.04
4930,1680,75,3,110385.22,5,314597.88
4931,1681,39,3,18108.8,15,46177.44
4932,1681,14,1,87561.13,5,83183.07
4933,1682,28,4,81439.49,20,260606.37
4934,1682,85,3,119988.99,20,287973.58
4935,1682,37,4,11659.77,5,44307.13
4936,1683,38,4,80899.08,20,258877.06
4937,1683,73,2,80430.4,20,128688.64
4938,1684,11,2,105306.09,15,179020.35
4939,1684,13,1,13454.1,0,13454.1
4940,1684,51,2,114029.73,0,228059.46
4941,1684,115,4,59569.63,5,226364.59
4942,1684,101,4,41990.85,5,159565.23
4943,1685,36,4,79830.53,15,271423.8
4944,1686,27,2,23424.89,20,37479.82
4945,1686,16,3,46530.85,15,118653.67
4946,1686,17,4,30939.34,5,117569.49
4947,1686,37,3,11659.77,10,31481.38
4948,1686,51,2,114029.73,20,182447.57
4949,1687,118,2,84291.46,20,134866.34
4950,1687,105,1,76452.42,15,64984.56
4951,1688,65,1,47042.48,0,47042.48
4952,1688,109,2,93069.65,15,158218.4
4953,1688,86,4,78192.22,10,281491.99
4954,1689,53,2,51495.52,5,97841.49
4955,1690,45,1,93521.24,0,93521.24
4956,1690,101,4,41990.85,5,159565.23
4957,1691,29,3,74054.03,10,199945.88
4958,1691,30,2,65978.5,15,112163.45
4959,1692,102,3,8740.33,0,26220.99
4960,1692,13,1,13454.1,0,13454.1
4961,1692,37,4,11659.77,15,39643.22
4962,1692,6,2,48116.68,0,96233.36
4963,1692,106,1,85023.38,10,76521.04
4964,1693,84,1,2816.3,0,2816.3
4965,1693,91,3,56071.56,5,159803.95
4966,1693,76,1,3722.49,5,3536.37
4967,1693,85,4,119988.99,15,407962.57
4968,1693,11,1,105306.09,15,89510.18
4969,1694,32,3,72996.06,5,208038.77
4970,1695,8,3,42461.96,5,121016.59
4971,1695,27,1,23424.89,15,19911.16
4972,1696,27,4,23424.89,0,93699.56
4973,1697,113,1,90181.92,20,72145.54
4974,1697,18,3,702.11,0,2106.33
4975,1698,103,2,2011.93,20,3219.09
4976,1698,84,4,2816.3,10,10138.68
4977,1698,12,3,69880.47,5,199159.34
4978,1698,38,4,80899.08,0,323596.32
4979,1698,16,2,46530.85,15,79102.44
4980,1699,78,2,77308.58,20,123693.73
4981,1699,10,1,40072.41,0,40072.41
4982,1700,16,2,46530.85,5,88408.61
4983,1700,101,2,41990.85,0,83981.7
4984,1700,74,3,87039.67,10,235007.11
4985,1700,37,1,11659.77,0,11659.77
4986,1701,85,4,119988.99,20,383964.77
4987,1701,56,3,100863.62,10,272331.77
4988,1701,24,3,108055.6,5,307958.46
4989,1701,50,3,118553.15,5,337876.48
4990,1701,9,4,81702.42,10,294128.71
4991,1702,120,4,10730.75,20,34338.4
4992,1703,50,2,118553.15,0,237106.3
4993,1703,78,1,77308.58,10,69577.72
4994,1703,37,1,11659.77,20,9327.82
4995,1703,65,3,47042.48,15,119958.32
4996,1704,114,2,80348.52,15,136592.48
4997,1704,19,1,64845.01,15,55118.26
4998,1704,110,2,99175.28,15,168597.98
4999,1705,61,1,18524.26,0,18524.26
5000,1706,83,1,30646.45,20,24517.16
5001,1706,54,4,53786.68,0,215146.72
5002,1706,111,1,39015.4,0,39015.4
5003,1706,24,4,108055.6,15,367389.04
5004,1706,34,1,61585.29,10,55426.76
5005,1707,22,1,110532.12,0,110532.12
5006,1707,25,3,80193.7,5,228552.04
5007,1707,65,2,47042.48,5,89380.71
5008,1707,93,2,93446.13,20,149513.81
5009,1708,61,2,18524.26,20,29638.82
5010,1708,42,2,23735.01,10,42723.02
5011,1708,111,3,39015.4,0,117046.2
5012,1709,30,3,65978.5,0,197935.5
5013,1710,41,4,54922.23,5,208704.47
5014,1710,100,2,95649.15,20,153038.64
5015,1711,63,4,49208.12,20,157465.98
5016,1711,72,2,58534.22,0,117068.44
5017,1711,6,2,48116.68,20,76986.69
5018,1712,32,3,72996.06,5,208038.77
5019,1712,39,1,18108.8,10,16297.92
5020,1712,10,3,40072.41,15,102184.65
5021,1713,83,2,30646.45,0,61292.9
5022,1714,60,1,107216.71,5,101855.87
5023,1714,72,1,58534.22,5,55607.51
5024,1715,74,3,87039.67,10,235007.11
5025,1715,2,4,56747.46,10,204290.86
5026,1715,41,3,54922.23,0,164766.69
5027,1715,105,3,76452.42,5,217889.4
5028,1715,43,1,59578.07,15,50641.36
5029,1716,78,4,77308.58,0,309234.32
5030,1716,103,1,2011.93,15,1710.14
5031,1716,70,3,96084.25,15,245014.84
5032,1716,55,4,54283.34,5,206276.69
5033,1716,2,2,56747.46,15,96470.68
5034,1717,57,1,58409.34,5,55488.87
5035,1717,54,4,53786.68,20,172117.38
5036,1718,36,2,79830.53,20,127728.85
5037,1718,25,4,80193.7,10,288697.32
5038,1718,62,3,84917.09,10,229276.14
5039,1718,93,4,93446.13,15,317716.84
5040,1718,52,2,73711.95,10,132681.51
5041,1719,23,1,79774.8,0,79774.8
5042,1719,28,3,81439.49,0,244318.47
5043,1719,39,4,18108.8,5,68813.44
5044,1720,14,4,87561.13,10,315220.07
5045,1720,42,1,23735.01,15,20174.76
5046,1720,69,2,64817.36,15,110189.51
5047,1720,44,4,78898.93,0,315595.72
5048,1720,41,2,54922.23,10,98860.01
5049,1721,85,3,119988.99,20,287973.58
5050,1721,19,3,64845.01,10,175081.53
5051,1722,50,2,118553.15,20,189685.04
5052,1722,29,4,74054.03,15,251783.7
5053,1722,6,2,48116.68,20,76986.69
5054,1722,36,1,79830.53,15,67855.95
5055,1722,3,2,110255.0,0,220510.0
5056,1723,12,2,69880.47,0,139760.94
5057,1723,53,3,51495.52,5,146762.23
5058,1723,60,2,107216.71,15,182268.41
5059,1724,97,1,9581.58,5,9102.5
5060,1724,5,2,27139.36,20,43422.98
5061,1724,28,1,81439.49,10,73295.54
5062,1725,7,2,8795.78,5,16711.98
5063,1725,14,3,87561.13,20,210146.71
5064,1725,74,2,87039.67,15,147967.44
5065,1725,31,4,34786.19,0,139144.76
5066,1725,83,1,30646.45,0,30646.45
5067,1726,49,2,16434.02,5,31224.64
5068,1727,95,1,69307.71,15,58911.55
5069,1727,48,2,110137.67,5,209261.57
5070,1727,46,1,96591.13,10,86932.02
5071,1727,77,3,67944.84,5,193642.79
5072,1727,40,2,118080.35,5,224352.67
5073,1728,49,3,16434.02,5,46836.96
5074,1728,38,4,80899.08,0,323596.32
5075,1728,57,1,58409.34,20,46727.47
5076,1729,86,4,78192.22,15,265853.55
5077,1730,83,1,30646.45,5,29114.13
5078,1730,115,1,59569.63,20,47655.7
5079,1730,98,2,12677.21,20,20283.54
5080,1730,54,1,53786.68,10,48408.01
5081,1731,20,2,88576.0,5,168294.4
5082,1732,4,4,98554.1,15,335083.94
5083,1732,50,2,118553.15,10,213395.67
5084,1732,81,2,40831.32,5,77579.51
5085,1732,106,2,85023.38,5,161544.42
5086,1733,49,3,16434.02,20,39441.65
5087,1733,105,3,76452.42,15,194953.67
5088,1734,25,1,80193.7,5,76184.01
5089,1734,3,4,110255.0,10,396918.0
5090,1734,6,2,48116.68,20,76986.69
5091,1735,45,4,93521.24,15,317972.22
5092,1735,77,2,67944.84,5,129095.2
5093,1735,85,4,119988.99,20,383964.77
5094,1735,81,3,40831.32,0,122493.96
5095,1736,113,3,90181.92,5,257018.47
5096,1737,105,4,76452.42,10,275228.71
5097,1738,112,3,33831.93,0,101495.79
5098,1738,114,2,80348.52,15,136592.48
5099,1739,107,3,88188.54,15,224880.78
5100,1739,47,4,56013.71,15,190446.61
5101,1739,87,3,90630.87,20,217514.09
5102,1739,51,4,114029.73,20,364895.14
5103,1740,91,1,56071.56,0,56071.56
5104,1740,48,3,110137.67,15,280851.06
5105,1740,107,2,88188.54,10,158739.37
5106,1741,110,1,99175.28,15,84298.99
5107,1741,15,2,72941.96,15,124001.33
5108,1741,19,4,64845.01,15,220473.03
5109,1742,75,3,110385.22,5,314597.88
5110,1742,100,1,95649.15,5,90866.69
5111,1742,28,1,81439.49,10,73295.54
5112,1742,33,4,53293.43,10,191856.35
5113,1743,71,1,58843.42,10,52959.08
5114,1743,110,3,99175.28,15,252896.96
5115,1743,89,4,18709.69,5,71096.82
5116,1743,120,3,10730.75,0,32192.25
5117,1744,84,2,2816.3,0,5632.6
5118,1744,79,3,22216.62,15,56652.38
5119,1745,89,3,18709.69,10,50516.16
5120,1745,8,1,42461.96,15,36092.67
5121,1746,86,4,78192.22,5,297130.44
5122,1746,18,1,702.11,0,702.11
5123,1747,38,4,80899.08,10,291236.69
5124,1747,65,2,47042.48,5,89380.71
5125,1747,118,2,84291.46,15,143295.48
5126,1747,35,4,79232.66,20,253544.51
5127,1747,17,4,30939.34,0,123757.36
5128,1748,90,2,80500.33,15,136850.56
5129,1749,4,3,98554.1,15,251312.96
5130,1749,72,3,58534.22,20,140482.13
5131,1750,117,2,41170.49,10,74106.88
5132,1751,15,1,72941.96,20,58353.57
5133,1751,61,1,18524.26,5,17598.05
5134,1751,45,1,93521.24,10,84169.12
5135,1751,101,3,41990.85,0,125972.55
5136,1752,115,2,59569.63,10,107225.33
5137,1752,66,2,113554.41,20,181687.06
5138,1752,44,1,78898.93,10,71009.04
5139,1752,10,2,40072.41,15,68123.1
5140,1753,82,3,33751.67,15,86066.76
5141,1753,2,3,56747.46,15,144706.02
5142,1753,14,1,87561.13,15,74426.96
5143,1753,119,4,1713.06,20,5481.79
5144,1753,52,3,73711.95,0,221135.85
5145,1754,52,2,73711.95,15,125310.31
5146,1755,103,1,2011.93,20,1609.54
5147,1755,67,4,45955.53,15,156248.8
5148,1755,55,4,54283.34,10,195420.02
5149,1755,15,2,72941.96,5,138589.72
5150,1756,69,2,64817.36,10,116671.25
5151,1756,27,3,23424.89,20,56219.74
5152,1756,48,1,110137.67,20,88110.14
5153,1757,31,2,34786.19,10,62615.14
5154,1757,32,2,72996.06,15,124093.3
5155,1757,75,4,110385.22,5,419463.84
5156,1758,70,4,96084.25,15,326686.45
5157,1758,105,4,76452.42,20,244647.74
5158,1758,35,2,79232.66,0,158465.32
5159,1759,23,4,79774.8,20,255279.36
5160,1759,62,2,84917.09,10,152850.76
5161,1759,97,3,9581.58,0,28744.74
5162,1759,50,3,118553.15,0,355659.45
5163,1760,31,1,34786.19,20,27828.95
5164,1761,82,4,33751.67,5,128256.35
5165,1762,16,3,46530.85,5,132612.92
5166,1763,100,1,95649.15,0,95649.15
5167,1764,19,3,64845.01,15,165354.78
5168,1764,25,2,80193.7,0,160387.4
5169,1764,38,3,80899.08,15,206292.65
5170,1765,120,4,10730.75,0,42923.0
5171,1765,16,4,46530.85,10,167511.06
5172,1765,87,4,90630.87,10,326271.13
5173,1765,75,4,110385.22,15,375309.75
5174,1766,68,3,36184.21,10,97697.37
5175,1766,110,1,99175.28,0,99175.28
5176,1766,31,3,34786.19,5,99140.64
5177,1766,25,2,80193.7,10,144348.66
5178,1767,26,1,83816.41,20,67053.13
5179,1767,89,1,18709.69,10,16838.72
5180,1767,24,2,108055.6,20,172888.96
5181,1767,17,1,30939.34,15,26298.44
5182,1767,108,1,74101.53,10,66691.38
5183,1768,64,1,50185.02,0,50185.02
5184,1768,101,3,41990.85,0,125972.55
5185,1768,82,1,33751.67,0,33751.67
5186,1769,52,2,73711.95,10,132681.51
5187,1769,45,4,93521.24,10,336676.46
5188,1770,46,1,96591.13,20,77272.9
5189,1770,63,2,49208.12,0,98416.24
5190,1771,32,4,72996.06,15,248186.6
5191,1771,115,3,59569.63,5,169773.45
5192,1771,91,2,56071.56,0,112143.12
5193,1771,65,2,47042.48,0,94084.96
5194,1772,19,3,64845.01,20,155628.02
5195,1772,40,2,118080.35,15,200736.6
5196,1772,51,2,114029.73,10,205253.51
5197,1772,69,1,64817.36,0,64817.36
5198,1772,43,1,59578.07,5,56599.17
5199,1773,102,1,8740.33,20,6992.26
5200,1773,3,3,110255.0,10,297688.5
5201,1773,41,2,54922.23,5,104352.24
5202,1773,12,4,69880.47,0,279521.88
5203,1774,31,4,34786.19,5,132187.52
5204,1774,41,4,54922.23,20,175751.14
5205,1775,7,2,8795.78,0,17591.56
5206,1775,68,4,36184.21,20,115789.47
5207,1775,106,1,85023.38,0,85023.38
5208,1775,77,3,67944.84,20,163067.62
5209,1775,76,1,3722.49,5,3536.37
5210,1776,97,2,9581.58,0,19163.16
5211,1776,24,3,108055.6,5,307958.46
5212,1776,80,4,39618.64,15,134703.38
5213,1776,88,4,24323.6,0,97294.4
5214,1776,7,2,8795.78,15,14952.83
5215,1777,67,3,45955.53,15,117186.6
5216,1777,9,3,81702.42,15,208341.17
5217,1777,45,1,93521.24,10,84169.12
5218,1777,110,2,99175.28,0,198350.56
5219,1778,2,4,56747.46,15,192941.36
5220,1778,111,2,39015.4,20,62424.64
5221,1779,18,2,702.11,15,1193.59
5222,1779,86,4,78192.22,10,281491.99
5223,1779,55,1,54283.34,0,54283.34
5224,1780,112,2,33831.93,15,57514.28
5225,1780,115,2,59569.63,15,101268.37
5226,1780,17,3,30939.34,0,92818.02
5227,1780,85,1,119988.99,15,101990.64
5228,1781,55,4,54283.34,15,184563.36
5229,1781,56,1,100863.62,20,80690.9
5230,1782,22,1,110532.12,15,93952.3
5231,1782,24,3,108055.6,20,259333.44
5232,1782,71,2,58843.42,10,105918.16
5233,1783,60,4,107216.71,15,364536.81
5234,1783,20,3,88576.0,0,265728.0
5235,1783,56,2,100863.62,20,161381.79
5236,1783,42,3,23735.01,20,56964.02
5237,1784,115,4,59569.63,10,214450.67
5238,1785,111,1,39015.4,20,31212.32
5239,1785,46,4,96591.13,0,386364.52
5240,1785,112,1,33831.93,10,30448.74
5241,1785,51,4,114029.73,0,456118.92
5242,1785,45,1,93521.24,10,84169.12
5243,1786,91,4,56071.56,10,201857.62
5244,1786,82,4,33751.67,0,135006.68
5245,1786,24,2,108055.6,0,216111.2
5246,1786,67,2,45955.53,20,73528.85
5247,1786,58,2,53064.77,0,106129.54
5248,1787,107,3,88188.54,5,251337.34
5249,1787,81,1,40831.32,15,34706.62
5250,1787,5,3,27139.36,5,77347.18
5251,1787,64,2,50185.02,5,95351.54
5252,1788,3,1,110255.0,15,93716.75
5253,1788,50,2,118553.15,0,237106.3
5254,1788,22,2,110532.12,10,198957.82
5255,1788,114,2,80348.52,15,136592.48
5256,1788,6,4,48116.68,5,182843.38
5257,1789,4,3,98554.1,15,251312.96
5258,1789,90,1,80500.33,10,72450.3
5259,1789,104,3,13111.9,15,33435.34
5260,1790,70,2,96084.25,10,172951.65
5261,1790,116,3,58762.22,10,158657.99
5262,1790,64,3,50185.02,5,143027.31
5263,1790,101,3,41990.85,10,113375.29
5264,1791,46,2,96591.13,10,173864.03
5265,1791,119,2,1713.06,10,3083.51
5266,1791,112,2,33831.93,10,60897.47
5267,1791,66,4,113554.41,5,431506.76
5268,1792,41,4,54922.23,15,186735.58
5269,1792,31,3,34786.19,20,83486.86
5270,1792,20,4,88576.0,0,354304.0
5271,1792,4,3,98554.1,5,280879.19
5272,1792,111,2,39015.4,15,66326.18
5273,1793,77,1,67944.84,10,61150.36
5274,1793,89,1,18709.69,10,16838.72
5275,1793,44,3,78898.93,0,236696.79
5276,1793,111,3,39015.4,0,117046.2
5277,1794,59,2,28521.98,10,51339.56
5278,1795,118,4,84291.46,5,320307.55
5279,1795,95,3,69307.71,10,187130.82
5280,1796,18,1,702.11,10,631.9
5281,1796,43,1,59578.07,5,56599.17
5282,1796,72,1,58534.22,10,52680.8
5283,1796,45,3,93521.24,0,280563.72
5284,1797,117,3,41170.49,5,117335.9
5285,1797,60,2,107216.71,15,182268.41
5286,1798,74,2,87039.67,15,147967.44
5287,1798,4,3,98554.1,5,280879.19
5288,1798,36,4,79830.53,10,287389.91
5289,1799,15,3,72941.96,15,186002.0
5290,1799,89,2,18709.69,20,29935.5
5291,1799,7,2,8795.78,20,14073.25
5292,1800,81,1,40831.32,20,32665.06
5293,1800,97,1,9581.58,20,7665.26
5294,1800,56,2,100863.62,10,181554.52
5295,1801,97,4,9581.58,0,38326.32
5296,1801,88,4,24323.6,5,92429.68
5297,1801,29,4,74054.03,5,281405.31
5298,1802,13,1,13454.1,10,12108.69
5299,1802,108,4,74101.53,10,266765.51
5300,1802,18,4,702.11,5,2668.02
5301,1802,109,4,93069.65,10,335050.74
5302,1803,66,4,113554.41,15,386084.99
5303,1804,31,2,34786.19,20,55657.9
5304,1804,3,3,110255.0,0,330765.0
5305,1804,102,4,8740.33,15,29717.12
5306,1804,109,1,93069.65,10,83762.68
5307,1805,118,2,84291.46,15,143295.48
5308,1805,106,4,85023.38,5,323088.84
5309,1806,68,1,36184.21,10,32565.79
5310,1806,5,2,27139.36,0,54278.72
5311,1806,40,2,118080.35,10,212544.63
5312,1806,65,2,47042.48,15,79972.22
5313,1806,45,3,93521.24,10,252507.35
5314,1807,32,3,72996.06,5,208038.77
5315,1808,9,1,81702.42,10,73532.18
5316,1808,15,3,72941.96,5,207884.59
5317,1808,92,1,20550.8,20,16440.64
5318,1808,43,2,59578.07,10,107240.53
5319,1808,38,2,80899.08,15,137528.44
5320,1809,86,4,78192.22,15,265853.55
5321,1809,75,1,110385.22,0,110385.22
5322,1810,78,3,77308.58,0,231925.74
5323,1810,17,4,30939.34,5,117569.49
5324,1810,50,2,118553.15,20,189685.04
5325,1810,116,1,58762.22,15,49947.89
5326,1811,105,2,76452.42,5,145259.6
5327,1811,80,1,39618.64,20,31694.91
5328,1812,87,4,90630.87,15,308144.96
5329,1812,59,1,28521.98,0,28521.98
5330,1813,109,1,93069.65,10,83762.68
5331,1813,77,2,67944.84,0,135889.68
5332,1813,95,3,69307.71,10,187130.82
5333,1814,96,4,47900.21,20,153280.67
5334,1814,104,1,13111.9,5,12456.3
5335,1814,67,3,45955.53,10,124079.93
5336,1814,32,1,72996.06,5,69346.26
5337,1815,35,1,79232.66,20,63386.13
5338,1816,69,2,64817.36,5,123152.98
5339,1817,58,1,53064.77,0,53064.77
5340,1817,23,3,79774.8,0,239324.4
5341,1818,20,1,88576.0,5,84147.2
5342,1818,1,2,46213.74,10,83184.73
5343,1819,113,4,90181.92,20,288582.14
5344,1820,73,4,80430.4,5,305635.52
5345,1820,87,4,90630.87,20,290018.78
5346,1820,86,1,78192.22,15,66463.39
5347,1820,88,3,24323.6,15,62025.18
5348,1820,12,4,69880.47,15,237593.6
5349,1821,100,1,95649.15,15,81301.78
5350,1822,112,3,33831.93,0,101495.79
5351,1822,102,2,8740.33,5,16606.63
5352,1822,4,4,98554.1,0,394216.4
5353,1823,103,3,2011.93,10,5432.21
5354,1823,83,3,30646.45,15,78148.45
5355,1823,39,4,18108.8,5,68813.44
5356,1824,59,4,28521.98,0,114087.92
5357,1824,55,2,54283.34,15,92281.68
5358,1825,31,1,34786.19,5,33046.88
5359,1825,75,4,110385.22,15,375309.75
5360,1825,46,4,96591.13,20,309091.62
5361,1825,52,2,73711.95,0,147423.9
5362,1826,62,2,84917.09,5,161342.47
5363,1826,96,2,47900.21,10,86220.38
5364,1826,37,4,11659.77,0,46639.08
5365,1826,106,3,85023.38,10,229563.13
5366,1826,6,4,48116.68,15,163596.71
5367,1827,10,4,40072.41,15,136246.19
5368,1828,30,4,65978.5,5,250718.3
5369,1828,15,4,72941.96,10,262591.06
5370,1828,77,4,67944.84,0,271779.36
5371,1828,51,3,114029.73,15,290775.81
5372,1828,69,3,64817.36,15,165284.27
5373,1829,49,2,16434.02,0,32868.04
5374,1829,71,1,58843.42,10,52959.08
5375,1830,94,1,13417.8,10,12076.02
5376,1830,30,2,65978.5,5,125359.15
5377,1830,89,1,18709.69,5,17774.21
5378,1830,108,4,74101.53,0,296406.12
5379,1831,49,2,16434.02,20,26294.43
5380,1832,16,1,46530.85,20,37224.68
5381,1832,67,1,45955.53,15,39062.2
5382,1832,25,4,80193.7,0,320774.8
5383,1832,3,4,110255.0,10,396918.0
5384,1833,58,2,53064.77,5,100823.06
5385,1833,80,1,39618.64,15,33675.84
5386,1833,77,1,67944.84,0,67944.84
5387,1833,8,3,42461.96,20,101908.7
5388,1833,41,4,54922.23,10,197720.03
5389,1834,56,1,100863.62,15,85734.08
5390,1835,107,2,88188.54,20,141101.66
5391,1835,13,4,13454.1,10,48434.76
5392,1836,78,4,77308.58,20,247387.46
5393,1836,53,1,51495.52,0,51495.52
5394,1836,28,2,81439.49,20,130303.18
5395,1837,15,2,72941.96,0,145883.92
5396,1838,15,2,72941.96,5,138589.72
5397,1838,50,4,118553.15,0,474212.6
5398,1839,75,1,110385.22,10,99346.7
5399,1839,5,1,27139.36,5,25782.39
5400,1839,97,4,9581.58,5,36410.0
5401,1840,44,4,78898.93,5,299815.93
5402,1840,89,1,18709.69,5,17774.21
5403,1841,14,3,87561.13,0,262683.39
5404,1841,57,2,58409.34,10,105136.81
5405,1841,104,1,13111.9,10,11800.71
5406,1842,52,1,73711.95,0,73711.95
5407,1842,104,4,13111.9,5,49825.22
5408,1843,33,2,53293.43,0,106586.86
5409,1843,41,2,54922.23,0,109844.46
5410,1843,30,4,65978.5,20,211131.2
5411,1843,13,4,13454.1,20,43053.12
5412,1843,50,3,118553.15,20,284527.56
5413,1844,60,1,107216.71,20,85773.37
5414,1844,18,2,702.11,0,1404.22
5415,1844,81,4,40831.32,15,138826.49
5416,1844,36,2,79830.53,10,143694.95
5417,1844,118,1,84291.46,15,71647.74
5418,1845,25,1,80193.7,15,68164.64
5419,1845,120,2,10730.75,0,21461.5
5420,1845,55,4,54283.34,5,206276.69
5421,1845,58,3,53064.77,0,159194.31
5422,1846,13,2,13454.1,0,26908.2
5423,1846,89,4,18709.69,5,71096.82
5424,1846,79,2,22216.62,5,42211.58
5425,1847,38,3,80899.08,20,194157.79
5426,1847,35,3,79232.66,5,225813.08
5427,1847,22,1,110532.12,5,105005.51
5428,1848,53,1,51495.52,0,51495.52
5429,1848,45,4,93521.24,0,374084.96
5430,1848,90,3,80500.33,15,205275.84
5431,1848,115,3,59569.63,0,178708.89
5432,1849,70,2,96084.25,15,163343.23
5433,1849,80,1,39618.64,10,35656.78
5434,1849,91,3,56071.56,5,159803.95
5435,1849,9,3,81702.42,10,220596.53
5436,1849,115,1,59569.63,20,47655.7
5437,1850,83,2,30646.45,10,55163.61
5438,1851,82,2,33751.67,5,64128.17
5439,1852,23,2,79774.8,5,151572.12
5440,1852,100,4,95649.15,0,382596.6
5441,1852,22,3,110532.12,0,331596.36
5442,1852,73,1,80430.4,20,64344.32
5443,1852,45,2,93521.24,20,149633.98
5444,1853,38,4,80899.08,15,275056.87
5445,1853,1,2,46213.74,20,73941.98
5446,1854,69,2,64817.36,15,110189.51
5447,1854,78,3,77308.58,0,231925.74
5448,1854,30,4,65978.5,15,224326.9
5449,1854,31,3,34786.19,0,104358.57
5450,1854,33,4,53293.43,10,191856.35
5451,1855,80,3,39618.64,0,118855.92
5452,1855,18,4,702.11,10,2527.6
5453,1855,71,2,58843.42,10,105918.16
5454,1855,43,1,59578.07,20,47662.46
5455,1856,35,1,79232.66,5,75271.03
5456,1856,113,4,90181.92,20,288582.14
5457,1856,118,4,84291.46,10,303449.26
5458,1856,62,3,84917.09,5,242013.71
5459,1856,108,3,74101.53,20,177843.67
5460,1857,67,3,45955.53,10,124079.93
5461,1857,26,2,83816.41,20,134106.26
5462,1857,1,4,46213.74,5,175612.21
5463,1857,5,3,27139.36,10,73276.27
5464,1857,98,4,12677.21,15,43102.51
5465,1858,59,1,28521.98,15,24243.68
5466,1858,3,1,110255.0,15,93716.75
5467,1858,53,1,51495.52,0,51495.52
5468,1859,34,1,61585.29,10,55426.76
5469,1859,102,4,8740.33,15,29717.12
5470,1859,92,3,20550.8,15,52404.54
5471,1859,120,4,10730.75,10,38630.7
5472,1859,58,1,53064.77,10,47758.29
5473,1860,34,2,61585.29,5,117012.05
5474,1860,73,3,80430.4,5,229226.64
5475,1860,114,3,80348.52,20,192836.45
5476,1861,98,3,12677.21,15,32326.89
5477,1861,117,4,41170.49,20,131745.57
5478,1861,3,2,110255.0,15,187433.5
5479,1862,10,2,40072.41,10,72130.34
5480,1862,61,4,18524.26,0,74097.04
5481,1862,107,3,88188.54,0,264565.62
5482,1862,90,2,80500.33,10,144900.59
5483,1863,96,3,47900.21,20,114960.5
5484,1863,23,1,79774.8,15,67808.58
5485,1863,97,2,9581.58,20,15330.53
5486,1863,49,3,16434.02,20,39441.65
5487,1864,29,1,74054.03,0,74054.03
5488,1864,3,1,110255.0,5,104742.25
5489,1864,93,4,93446.13,20,299027.62
5490,1865,83,3,30646.45,5,87342.38
5491,1865,118,4,84291.46,15,286590.96
5492,1865,65,3,47042.48,20,112901.95
5493,1866,25,4,80193.7,5,304736.06
5494,1867,49,2,16434.02,0,32868.04
5495,1867,96,1,47900.21,5,45505.2
5496,1867,95,2,69307.71,5,131684.65
5497,1867,92,3,20550.8,15,52404.54
5498,1867,32,4,72996.06,0,291984.24
5499,1868,111,4,39015.4,15,132652.36
5500,1868,46,2,96591.13,15,164204.92
5501,1868,60,2,107216.71,15,182268.41
5502,1869,116,4,58762.22,15,199791.55
5503,1869,117,3,41170.49,15,104984.75
5504,1869,71,3,58843.42,20,141224.21
5505,1869,118,3,84291.46,10,227586.94
5506,1869,114,2,80348.52,10,144627.34
5507,1870,96,1,47900.21,5,45505.2
5508,1870,59,4,28521.98,15,96974.73
5509,1870,101,4,41990.85,15,142768.89
5510,1870,33,4,53293.43,10,191856.35
5511,1871,40,4,118080.35,10,425089.26
5512,1872,8,1,42461.96,0,42461.96
5513,1872,80,1,39618.64,20,31694.91
5514,1873,20,3,88576.0,10,239155.2
5515,1873,31,2,34786.19,20,55657.9
5516,1873,96,3,47900.21,15,122145.54
5517,1873,38,3,80899.08,5,230562.38
5518,1873,93,3,93446.13,5,266321.47
5519,1874,111,1,39015.4,10,35113.86
5520,1875,97,1,9581.58,0,9581.58
5521,1875,86,4,78192.22,10,281491.99
5522,1875,47,1,56013.71,0,56013.71
5523,1875,106,1,85023.38,10,76521.04
5524,1875,54,2,53786.68,15,91437.36
5525,1876,58,4,53064.77,20,169807.26
5526,1876,55,4,54283.34,0,217133.36
5527,1876,119,3,1713.06,15,4368.3
5528,1876,12,4,69880.47,15,237593.6
5529,1877,92,4,20550.8,10,73982.88
5530,1877,18,3,702.11,0,2106.33
5531,1877,48,1,110137.67,10,99123.9
5532,1878,91,3,56071.56,0,168214.68
5533,1878,24,3,108055.6,10,291750.12
5534,1878,64,4,50185.02,5,190703.08
5535,1878,55,4,54283.34,5,206276.69
5536,1878,117,2,41170.49,0,82340.98
5537,1879,49,3,16434.02,15,41906.75
5538,1879,5,2,27139.36,5,51564.78
5539,1879,40,1,118080.35,10,106272.32
5540,1879,63,4,49208.12,20,157465.98
5541,1880,25,3,80193.7,20,192464.88
5542,1881,62,1,84917.09,20,67933.67
5543,1881,83,4,30646.45,15,104197.93
5544,1881,29,3,74054.03,15,188837.78
5545,1881,108,4,74101.53,10,266765.51
5546,1881,46,1,96591.13,5,91761.57
5547,1882,46,3,96591.13,5,275284.72
5548,1882,66,3,113554.41,15,289563.75
5549,1883,47,4,56013.71,20,179243.87
5550,1883,82,3,33751.67,10,91129.51
5551,1883,22,1,110532.12,20,88425.7
5552,1883,89,3,18709.69,0,56129.07
5553,1883,16,2,46530.85,20,74449.36
5554,1884,23,1,79774.8,20,63819.84
5555,1884,28,2,81439.49,10,146591.08
5556,1884,69,1,64817.36,20,51853.89
5557,1884,27,1,23424.89,0,23424.89
5558,1884,110,2,99175.28,20,158680.45
5559,1885,40,2,118080.35,0,236160.7
5560,1885,118,3,84291.46,20,202299.5
5561,1886,20,2,88576.0,10,159436.8
5562,1886,61,1,18524.26,0,18524.26
5563,1886,116,3,58762.22,15,149843.66
5564,1887,26,1,83816.41,10,75434.77
5565,1887,109,2,93069.65,0,186139.3
5566,1887,7,2,8795.78,0,17591.56
5567,1888,115,1,59569.63,20,47655.7
5568,1889,59,4,28521.98,5,108383.52
5569,1889,53,3,51495.52,10,139037.9
5570,1889,95,3,69307.71,0,207923.13
5571,1890,110,2,99175.28,0,198350.56
5572,1890,116,4,58762.22,10,211543.99
5573,1890,77,1,67944.84,20,54355.87
5574,1890,35,1,79232.66,0,79232.66
5575,1890,44,4,78898.93,0,315595.72
5576,1891,8,2,42461.96,5,80677.72
5577,1892,106,2,85023.38,0,170046.76
5578,1892,65,4,47042.48,10,169352.93
5579,1892,119,4,1713.06,5,6509.63
5580,1892,17,4,30939.34,20,99005.89
5581,1893,74,1,87039.67,0,87039.67
5582,1893,103,1,2011.93,10,1810.74
5583,1893,120,2,10730.75,5,20388.42
5584,1893,91,3,56071.56,15,142982.48
5585,1894,83,4,30646.45,10,110327.22
5586,1895,60,1,107216.71,10,96495.04
5587,1895,16,3,46530.85,5,132612.92
5588,1895,19,1,64845.01,10,58360.51
5589,1895,79,1,22216.62,5,21105.79
5590,1895,45,4,93521.24,0,374084.96
5591,1896,2,3,56747.46,10,153218.14
5592,1896,54,4,53786.68,10,193632.05
5593,1896,101,4,41990.85,15,142768.89
5594,1897,94,4,13417.8,10,48304.08
5595,1897,75,2,110385.22,0,220770.44
5596,1897,65,1,47042.48,15,39986.11
5597,1897,43,3,59578.07,10,160860.79
5598,1897,56,4,100863.62,5,383281.76
5599,1898,45,2,93521.24,0,187042.48
5600,1898,55,2,54283.34,15,92281.68
5601,1898,90,1,80500.33,15,68425.28
5602,1898,117,2,41170.49,5,78223.93
5603,1899,49,3,16434.02,15,41906.75
5604,1899,2,1,56747.46,20,45397.97
5605,1899,119,1,1713.06,5,1627.41
5606,1899,36,1,79830.53,5,75839.0
5607,1899,62,3,84917.09,0,254751.27
5608,1900,38,1,80899.08,10,72809.17
5609,1900,40,4,118080.35,20,377857.12
5610,1900,10,1,40072.41,10,36065.17
5611,1900,76,2,3722.49,10,6700.48
5612,1900,92,4,20550.8,5,78093.04
5613,1901,105,3,76452.42,5,217889.4
5614,1902,98,4,12677.21,10,45637.96
5615,1902,67,4,45955.53,5,174631.01
5616,1902,52,2,73711.95,10,132681.51
5617,1902,105,2,76452.42,5,145259.6
5618,1902,81,2,40831.32,20,65330.11
5619,1903,6,3,48116.68,15,122697.53
5620,1903,56,3,100863.62,15,257202.23
5621,1904,42,2,23735.01,15,40349.52
5622,1904,103,3,2011.93,10,5432.21
5623,1904,71,3,58843.42,20,141224.21
5624,1905,62,3,84917.09,10,229276.14
5625,1906,63,3,49208.12,0,147624.36
5626,1906,36,1,79830.53,10,71847.48
5627,1906,69,4,64817.36,5,246305.97
5628,1906,91,4,56071.56,15,190643.3
5629,1906,59,3,28521.98,0,85565.94
5630,1907,29,4,74054.03,10,266594.51
5631,1907,35,3,79232.66,0,237697.98
5632,1907,79,3,22216.62,15,56652.38
5633,1908,117,1,41170.49,20,32936.39
5634,1909,51,2,114029.73,0,228059.46
5635,1910,17,3,30939.34,20,74254.42
5636,1910,68,2,36184.21,10,65131.58
5637,1911,81,1,40831.32,0,40831.32
5638,1911,67,1,45955.53,10,41359.98
5639,1911,99,1,102110.04,5,97004.54
5640,1911,33,2,53293.43,10,95928.17
5641,1911,56,1,100863.62,0,100863.62
5642,1912,52,3,73711.95,10,199022.26
5643,1912,96,3,47900.21,10,129330.57
5644,1912,63,4,49208.12,0,196832.48
5645,1912,14,3,87561.13,5,249549.22
5646,1913,120,4,10730.75,5,40776.85
5647,1913,96,4,47900.21,5,182020.8
5648,1913,106,1,85023.38,10,76521.04
5649,1914,77,2,67944.84,20,108711.74
5650,1915,22,1,110532.12,10,99478.91
5651,1916,59,2,28521.98,0,57043.96
5652,1916,44,2,78898.93,15,134128.18
5653,1916,112,2,33831.93,15,57514.28
5654,1916,41,3,54922.23,5,156528.36
5655,1917,96,4,47900.21,20,153280.67
5656,1917,51,1,114029.73,15,96925.27
5657,1917,1,3,46213.74,0,138641.22
5658,1918,48,3,110137.67,10,297371.71
5659,1918,9,1,81702.42,10,73532.18
5660,1918,20,2,88576.0,10,159436.8
5661,1919,98,3,12677.21,20,30425.3
5662,1919,87,4,90630.87,10,326271.13
5663,1919,32,4,72996.06,15,248186.6
5664,1919,67,4,45955.53,10,165439.91
5665,1919,100,4,95649.15,10,344336.94
5666,1920,34,3,61585.29,5,175518.08
5667,1920,84,4,2816.3,20,9012.16
5668,1920,102,4,8740.33,15,29717.12
5669,1920,91,1,56071.56,10,50464.4
5670,1920,27,4,23424.89,20,74959.65
5671,1921,52,1,73711.95,10,66340.76
5672,1921,89,2,18709.69,10,33677.44
5673,1921,31,4,34786.19,15,118273.05
5674,1921,39,1,18108.8,0,18108.8
5675,1922,110,3,99175.28,5,282649.55
5676,1922,30,1,65978.5,10,59380.65
5677,1922,99,4,102110.04,5,388018.15
5678,1922,37,2,11659.77,10,20987.59
5679,1923,44,4,78898.93,10,284036.15
5680,1923,35,1,79232.66,15,67347.76
5681,1924,31,2,34786.19,20,55657.9
5682,1924,111,3,39015.4,10,105341.58
5683,1925,96,4,47900.21,10,172440.76
5684,1925,77,1,67944.84,15,57753.11
5685,1925,39,4,18108.8,0,72435.2
5686,1925,107,2,88188.54,20,141101.66
5687,1926,57,1,58409.34,15,49647.94
5688,1926,1,1,46213.74,10,41592.37
5689,1926,39,4,18108.8,20,57948.16
5690,1927,38,3,80899.08,10,218427.52
5691,1927,16,3,46530.85,0,139592.55
5692,1928,16,4,46530.85,0,186123.4
5693,1929,87,1,90630.87,15,77036.24
5694,1929,4,1,98554.1,15,83770.99
5695,1929,85,4,119988.99,20,383964.77
5696,1929,109,3,93069.65,20,223367.16
5697,1929,6,1,48116.68,15,40899.18
5698,1930,116,3,58762.22,20,141029.33
5699,1930,91,2,56071.56,20,89714.5
5700,1930,20,4,88576.0,15,301158.4
5701,1930,15,4,72941.96,5,277179.45
5702,1931,91,4,56071.56,0,224286.24
5703,1931,68,4,36184.21,0,144736.84
5704,1931,77,4,67944.84,5,258190.39
5705,1932,105,2,76452.42,20,122323.87
5706,1932,14,1,87561.13,0,87561.13
5707,1932,97,3,9581.58,5,27307.5
5708,1933,30,2,65978.5,10,118761.3
5709,1933,56,4,100863.62,20,322763.58
5710,1933,52,4,73711.95,15,250620.63
5711,1933,109,1,93069.65,10,83762.68
5712,1933,87,1,90630.87,5,86099.33
5713,1934,103,4,2011.93,10,7242.95
5714,1934,47,2,56013.71,15,95223.31
5715,1935,31,3,34786.19,0,104358.57
5716,1935,115,2,59569.63,20,95311.41
5717,1935,94,4,13417.8,15,45620.52
5718,1935,61,1,18524.26,0,18524.26
5719,1936,42,2,23735.01,15,40349.52
5720,1936,111,1,39015.4,0,39015.4
5721,1937,58,3,53064.77,15,135315.16
5722,1937,34,3,61585.29,5,175518.08
5723,1937,81,2,40831.32,10,73496.38
5724,1938,86,3,78192.22,0,234576.66
5725,1938,109,2,93069.65,15,158218.4
5726,1938,98,4,12677.21,5,48173.4
5727,1938,116,1,58762.22,10,52886.0
5728,1938,90,2,80500.33,0,161000.66
5729,1939,66,3,113554.41,15,289563.75
5730,1939,39,1,18108.8,10,16297.92
5731,1939,100,4,95649.15,5,363466.77
5732,1939,13,2,13454.1,0,26908.2
5733,1940,35,1,79232.66,0,79232.66
5734,1940,8,2,42461.96,15,72185.33
5735,1940,116,2,58762.22,20,94019.55
5736,1941,60,1,107216.71,20,85773.37
5737,1941,117,1,41170.49,15,34994.92
5738,1941,62,4,84917.09,15,288718.11
5739,1942,1,4,46213.74,0,184854.96
5740,1942,62,4,84917.09,5,322684.94
5741,1942,54,1,53786.68,15,45718.68
5742,1943,7,4,8795.78,20,28146.5
5743,1943,85,2,119988.99,0,239977.98
5744,1943,39,2,18108.8,5,34406.72
5745,1943,14,4,87561.13,10,315220.07
5746,1943,65,3,47042.48,15,119958.32
5747,1944,52,1,73711.95,10,66340.76
5748,1945,5,4,27139.36,0,108557.44
5749,1945,73,2,80430.4,10,144774.72
5750,1945,93,2,93446.13,10,168203.03
5751,1945,91,1,56071.56,20,44857.25
5752,1945,97,4,9581.58,0,38326.32
5753,1946,51,2,114029.73,20,182447.57
5754,1946,70,4,96084.25,15,326686.45
5755,1947,9,2,81702.42,15,138894.11
5756,1947,77,2,67944.84,10,122300.71
5757,1948,95,4,69307.71,10,249507.76
5758,1948,119,3,1713.06,20,4111.34
5759,1948,97,1,9581.58,5,9102.5
5760,1948,4,2,98554.1,5,187252.79
5761,1948,71,3,58843.42,20,141224.21
5762,1949,47,3,56013.71,0,168041.13
5763,1949,58,4,53064.77,10,191033.17
5764,1949,31,3,34786.19,10,93922.71
5765,1949,114,4,80348.52,20,257115.26
5766,1950,39,1,18108.8,0,18108.8
5767,1951,82,1,33751.67,5,32064.09
5768,1951,75,3,110385.22,20,264924.53
5769,1951,91,4,56071.56,0,224286.24
5770,1951,62,4,84917.09,15,288718.11
5771,1951,73,1,80430.4,15,68365.84
5772,1952,115,3,59569.63,0,178708.89
5773,1953,70,3,96084.25,5,273840.11
5774,1953,104,2,13111.9,15,22290.23
5775,1953,30,4,65978.5,20,211131.2
5776,1954,110,3,99175.28,5,282649.55
5777,1954,8,3,42461.96,10,114647.29
5778,1954,2,4,56747.46,5,215640.35
5779,1954,50,1,118553.15,15,100770.18
5780,1955,96,3,47900.21,15,122145.54
5781,1955,107,3,88188.54,10,238109.06
5782,1955,93,1,93446.13,0,93446.13
5783,1955,58,3,53064.77,20,127355.45
5784,1956,108,1,74101.53,10,66691.38
5785,1956,15,4,72941.96,0,291767.84
5786,1957,115,3,59569.63,15,151902.56
5787,1957,47,4,56013.71,0,224054.84
5788,1957,105,1,76452.42,0,76452.42
5789,1957,75,1,110385.22,15,93827.44
5790,1957,92,4,20550.8,15,69872.72
5791,1958,66,4,113554.41,5,431506.76
5792,1958,73,2,80430.4,15,136731.68
5793,1959,98,2,12677.21,20,20283.54
5794,1960,2,2,56747.46,15,96470.68
5795,1960,108,1,74101.53,5,70396.45
5796,1960,56,2,100863.62,15,171468.15
5797,1960,49,4,16434.02,0,65736.08
5798,1961,97,2,9581.58,20,15330.53
5799,1962,113,4,90181.92,0,360727.68
5800,1962,96,1,47900.21,0,47900.21
5801,1963,23,1,79774.8,15,67808.58
5802,1963,24,2,108055.6,10,194500.08
5803,1963,85,2,119988.99,5,227979.08
5804,1963,102,2,8740.33,5,16606.63
5805,1964,36,4,79830.53,0,319322.12
5806,1964,49,4,16434.02,20,52588.86
5807,1964,3,3,110255.0,5,314226.75
5808,1965,57,4,58409.34,10,210273.62
5809,1965,69,2,64817.36,20,103707.78
5810,1965,113,3,90181.92,0,270545.76
5811,1966,101,4,41990.85,10,151167.06
5812,1967,14,1,87561.13,10,78805.02
5813,1967,15,2,72941.96,10,131295.53
5814,1968,98,3,12677.21,0,38031.63
5815,1968,39,4,18108.8,20,57948.16
5816,1968,17,4,30939.34,20,99005.89
5817,1968,47,4,56013.71,20,179243.87
5818,1969,16,1,46530.85,15,39551.22
5819,1969,32,1,72996.06,0,72996.06
5820,1970,70,4,96084.25,20,307469.6
5821,1970,104,4,13111.9,5,49825.22
5822,1971,73,4,80430.4,5,305635.52
5823,1971,47,1,56013.71,15,47611.65
5824,1971,103,4,2011.93,10,7242.95
5825,1972,72,3,58534.22,0,175602.66
5826,1972,65,1,47042.48,5,44690.36
5827,1972,1,4,46213.74,10,166369.46
5828,1972,61,3,18524.26,0,55572.78
5829,1972,3,2,110255.0,0,220510.0
5830,1973,39,1,18108.8,15,15392.48
5831,1973,47,3,56013.71,20,134432.9
5832,1973,35,4,79232.66,20,253544.51
5833,1974,41,1,54922.23,10,49430.01
5834,1974,84,2,2816.3,15,4787.71
5835,1974,95,4,69307.71,10,249507.76
5836,1974,3,3,110255.0,5,314226.75
5837,1975,38,2,80899.08,5,153708.25
5838,1975,95,1,69307.71,20,55446.17
5839,1975,70,3,96084.25,20,230602.2
5840,1976,55,1,54283.34,0,54283.34
5841,1977,63,3,49208.12,20,118099.49
5842,1977,10,1,40072.41,20,32057.93
5843,1977,35,4,79232.66,0,316930.64
5844,1977,95,1,69307.71,10,62376.94
5845,1978,4,2,98554.1,10,177397.38
5846,1978,80,1,39618.64,20,31694.91
5847,1979,17,2,30939.34,20,49502.94
5848,1979,31,4,34786.19,0,139144.76
5849,1979,30,3,65978.5,20,158348.4
5850,1980,44,3,78898.93,10,213027.11
5851,1981,11,1,105306.09,15,89510.18
5852,1981,37,3,11659.77,15,29732.41
5853,1981,77,3,67944.84,0,203834.52
5854,1981,22,3,110532.12,5,315016.54
5855,1982,45,1,93521.24,20,74816.99
5856,1982,77,2,67944.84,0,135889.68
5857,1983,91,2,56071.56,10,100928.81
5858,1983,102,3,8740.33,5,24909.94
5859,1983,60,3,107216.71,5,305567.62
5860,1983,62,3,84917.09,10,229276.14
5861,1984,61,4,18524.26,10,66687.34
5862,1984,15,2,72941.96,20,116707.14
5863,1984,44,1,78898.93,5,74953.98
5864,1985,83,3,30646.45,5,87342.38
5865,1986,2,4,56747.46,10,204290.86
5866,1986,77,4,67944.84,5,258190.39
5867,1986,9,4,81702.42,15,277788.23
5868,1987,17,3,30939.34,20,74254.42
5869,1987,47,2,56013.71,0,112027.42
5870,1988,119,1,1713.06,0,1713.06
5871,1988,107,3,88188.54,5,251337.34
5872,1988,81,4,40831.32,5,155159.02
5873,1989,117,4,41170.49,10,148213.76
5874,1989,9,4,81702.42,20,261447.74
5875,1989,34,1,61585.29,0,61585.29
5876,1990,79,3,22216.62,15,56652.38
5877,1990,68,3,36184.21,5,103125.0
5878,1990,95,2,69307.71,20,110892.34
5879,1991,117,4,41170.49,0,164681.96
5880,1991,89,3,18709.69,5,53322.62
5881,1991,62,1,84917.09,5,80671.24
5882,1991,101,2,41990.85,15,71384.44
5883,1992,93,2,93446.13,5,177547.65
5884,1993,56,3,100863.62,15,257202.23
5885,1994,108,3,74101.53,10,200074.13
5886,1994,95,3,69307.71,0,207923.13
5887,1995,77,1,67944.84,15,57753.11
5888,1995,19,4,64845.01,10,233442.04
5889,1995,93,3,93446.13,20,224270.71
5890,1995,91,2,56071.56,20,89714.5
5891,1996,41,2,54922.23,10,98860.01
5892,1996,110,2,99175.28,20,158680.45
5893,1996,28,4,81439.49,20,260606.37
5894,1997,115,2,59569.63,5,113182.3
5895,1998,7,2,8795.78,15,14952.83
5896,1998,24,3,108055.6,0,324166.8
5897,1999,69,4,64817.36,5,246305.97
5898,1999,48,1,110137.67,5,104630.79
5899,1999,25,2,80193.7,10,144348.66
5900,1999,92,1,20550.8,10,18495.72
5901,1999,105,1,76452.42,15,64984.56
5902,2000,91,3,56071.56,20,134571.74
5903,2000,12,4,69880.47,0,279521.88
5904,2000,47,3,56013.71,0,168041.13
5905,2000,46,3,96591.13,5,275284.72
5906,2001,80,1,39618.64,5,37637.71
5907,2001,21,3,52040.04,5,148314.11
5908,2001,48,1,110137.67,15,93617.02
5909,2001,105,1,76452.42,20,61161.94
5910,2001,110,1,99175.28,5,94216.52
5911,2002,33,4,53293.43,0,213173.72
5912,2002,120,3,10730.75,15,27363.41
5913,2002,98,3,12677.21,10,34228.47
5914,2002,9,4,81702.42,0,326809.68
5915,2002,79,4,22216.62,15,75536.51
5916,2003,3,4,110255.0,0,441020.0
5917,2003,108,4,74101.53,5,281585.81
5918,2004,112,1,33831.93,15,28757.14
5919,2005,72,3,58534.22,15,149262.26
5920,2005,85,4,119988.99,15,407962.57
5921,2005,50,1,118553.15,10,106697.83
5922,2005,65,2,47042.48,5,89380.71
5923,2005,104,4,13111.9,0,52447.6
5924,2006,118,3,84291.46,15,214943.22
5925,2007,68,2,36184.21,0,72368.42
5926,2007,65,3,47042.48,15,119958.32
5927,2007,72,1,58534.22,15,49754.09
5928,2007,13,2,13454.1,20,21526.56
5929,2007,69,1,64817.36,15,55094.76
5930,2008,105,1,76452.42,10,68807.18
5931,2008,88,1,24323.6,20,19458.88
5932,2008,46,4,96591.13,10,347728.07
5933,2008,120,4,10730.75,20,34338.4
5934,2008,54,2,53786.68,15,91437.36
5935,2009,21,1,52040.04,10,46836.04
5936,2009,106,4,85023.38,5,323088.84
5937,2009,1,2,46213.74,15,78563.36
5938,2009,93,2,93446.13,10,168203.03
5939,2010,69,2,64817.36,0,129634.72
5940,2011,14,3,87561.13,10,236415.05
5941,2011,83,2,30646.45,15,52098.96
5942,2011,33,4,53293.43,0,213173.72
5943,2012,68,4,36184.21,10,130263.16
5944,2012,66,1,113554.41,20,90843.53
5945,2012,93,3,93446.13,15,238287.63
5946,2012,54,1,53786.68,0,53786.68
5947,2013,106,3,85023.38,5,242316.63
5948,2013,52,1,73711.95,20,58969.56
5949,2013,27,1,23424.89,15,19911.16
5950,2014,55,2,54283.34,5,103138.35
5951,2014,43,4,59578.07,15,202565.44
5952,2014,98,4,12677.21,5,48173.4
5953,2015,14,4,87561.13,0,350244.52
5954,2015,76,3,3722.49,10,10050.72
5955,2015,101,4,41990.85,5,159565.23
5956,2015,21,1,52040.04,0,52040.04
5957,2016,42,1,23735.01,10,21361.51
5958,2016,4,3,98554.1,20,236529.84
5959,2016,85,1,119988.99,20,95991.19
5960,2017,67,4,45955.53,5,174631.01
5961,2017,66,3,113554.41,15,289563.75
5962,2018,68,1,36184.21,0,36184.21
5963,2018,29,1,74054.03,20,59243.22
5964,2019,3,3,110255.0,0,330765.0
5965,2019,63,4,49208.12,20,157465.98
5966,2020,66,4,113554.41,5,431506.76
5967,2020,80,3,39618.64,0,118855.92
5968,2021,81,1,40831.32,5,38789.75
5969,2021,52,2,73711.95,5,140052.7
5970,2021,8,1,42461.96,5,40338.86
5971,2022,24,3,108055.6,0,324166.8
5972,2023,99,1,102110.04,10,91899.04
5973,2023,111,1,39015.4,15,33163.09
5974,2024,75,4,110385.22,20,353232.7
5975,2024,17,3,30939.34,10,83536.22
5976,2025,11,4,105306.09,20,336979.49
5977,2025,42,3,23735.01,20,56964.02
5978,2025,18,3,702.11,10,1895.7
5979,2025,61,3,18524.26,5,52794.14
5980,2026,108,2,74101.53,15,125972.6
5981,2026,51,2,114029.73,15,193850.54
5982,2026,25,1,80193.7,10,72174.33
5983,2026,93,3,93446.13,0,280338.39
5984,2026,10,2,40072.41,0,80144.82
5985,2027,104,1,13111.9,20,10489.52
5986,2027,16,2,46530.85,20,74449.36
5987,2027,118,4,84291.46,0,337165.84
5988,2027,34,4,61585.29,0,246341.16
5989,2027,101,1,41990.85,10,37791.76
5990,2028,94,4,13417.8,20,42936.96
5991,2028,41,2,54922.23,10,98860.01
5992,2029,9,3,81702.42,0,245107.26
5993,2029,6,3,48116.68,0,144350.04
5994,2029,29,2,74054.03,0,148108.06
5995,2030,90,2,80500.33,5,152950.63
5996,2031,58,3,53064.77,15,135315.16
5997,2031,5,1,27139.36,20,21711.49
5998,2031,65,3,47042.48,0,141127.44
5999,2032,68,2,36184.21,0,72368.42
6000,2032,28,3,81439.49,10,219886.62
6001,2032,9,4,81702.42,10,294128.71
6002,2032,3,3,110255.0,15,281150.25
6003,2033,93,2,93446.13,15,158858.42
6004,2033,35,3,79232.66,10,213928.18
6005,2033,4,4,98554.1,0,394216.4
6006,2033,29,2,74054.03,5,140702.66
6007,2034,39,4,18108.8,0,72435.2
6008,2034,10,2,40072.41,5,76137.58
6009,2034,1,4,46213.74,15,157126.72
6010,2034,107,3,88188.54,5,251337.34
6011,2035,12,1,69880.47,0,69880.47
6012,2035,88,1,24323.6,20,19458.88
6013,2036,29,4,74054.03,10,266594.51
6014,2036,51,1,114029.73,0,114029.73
6015,2036,5,3,27139.36,15,69205.37
6016,2037,100,3,95649.15,20,229557.96
6017,2037,82,3,33751.67,20,81004.01
6018,2037,75,1,110385.22,15,93827.44
6019,2037,105,1,76452.42,5,72629.8
6020,2038,57,4,58409.34,5,221955.49
6021,2039,57,1,58409.34,0,58409.34
6022,2040,5,3,27139.36,20,65134.46
6023,2041,109,4,93069.65,10,335050.74
6024,2041,76,2,3722.49,5,7072.73
6025,2041,55,2,54283.34,20,86853.34
6026,2042,73,4,80430.4,0,321721.6
6027,2042,14,2,87561.13,5,166366.15
6028,2043,24,2,108055.6,15,183694.52
6029,2043,50,1,118553.15,20,94842.52
6030,2043,81,4,40831.32,15,138826.49
6031,2043,52,2,73711.95,0,147423.9
6032,2043,45,4,93521.24,5,355380.71
6033,2044,119,2,1713.06,20,2740.9
6034,2044,118,3,84291.46,20,202299.5
6035,2045,71,3,58843.42,0,176530.26
6036,2045,59,2,28521.98,10,51339.56
6037,2045,85,2,119988.99,0,239977.98
6038,2045,12,4,69880.47,20,223617.5
6039,2046,62,2,84917.09,10,152850.76
6040,2047,51,2,114029.73,10,205253.51
6041,2048,89,3,18709.69,10,50516.16
6042,2048,77,3,67944.84,15,173259.34
6043,2048,58,1,53064.77,5,50411.53
6044,2048,2,2,56747.46,10,102145.43
6045,2048,14,2,87561.13,15,148853.92
6046,2049,17,1,30939.34,10,27845.41
6047,2049,78,1,77308.58,20,61846.86
6048,2049,107,2,88188.54,15,149920.52
6049,2050,11,3,105306.09,15,268530.53
6050,2051,99,1,102110.04,5,97004.54
6051,2051,96,1,47900.21,5,45505.2
6052,2051,80,1,39618.64,0,39618.64
6053,2052,107,4,88188.54,15,299841.04
6054,2052,74,2,87039.67,5,165375.37
6055,2052,80,2,39618.64,0,79237.28
6056,2052,7,1,8795.78,10,7916.2
6057,2053,110,4,99175.28,0,396701.12
6058,2053,116,2,58762.22,5,111648.22
6059,2053,47,1,56013.71,20,44810.97
6060,2053,41,2,54922.23,5,104352.24
6061,2054,16,1,46530.85,5,44204.31
6062,2054,62,1,84917.09,5,80671.24
6063,2054,50,2,118553.15,15,201540.35
6064,2055,117,1,41170.49,15,34994.92
6065,2055,81,4,40831.32,15,138826.49
6066,2055,79,3,22216.62,0,66649.86
6067,2056,94,2,13417.8,20,21468.48
6068,2056,30,2,65978.5,15,112163.45
6069,2056,85,4,119988.99,0,479955.96
6070,2056,23,2,79774.8,15,135617.16
6071,2056,44,2,78898.93,15,134128.18
6072,2057,98,3,12677.21,5,36130.05
6073,2057,33,4,53293.43,20,170538.98
6074,2057,34,4,61585.29,20,197072.93
6075,2057,39,1,18108.8,0,18108.8
6076,2058,91,4,56071.56,15,190643.3
6077,2058,67,1,45955.53,10,41359.98
6078,2058,4,3,98554.1,10,266096.07
6079,2058,42,1,23735.01,15,20174.76
6080,2058,72,2,58534.22,15,99508.17
6081,2059,3,3,110255.0,15,281150.25
6082,2059,92,2,20550.8,15,34936.36
6083,2060,19,3,64845.01,20,155628.02
6084,2060,25,3,80193.7,0,240581.1
6085,2061,73,4,80430.4,20,257377.28
6086,2061,63,2,49208.12,20,78732.99
6087,2061,60,3,107216.71,15,273402.61
6088,2061,99,3,102110.04,10,275697.11
6089,2061,30,1,65978.5,20,52782.8
6090,2062,9,4,81702.42,5,310469.2
6091,2063,84,1,2816.3,0,2816.3
6092,2063,60,2,107216.71,10,192990.08
6093,2063,111,3,39015.4,5,111193.89
6094,2063,56,2,100863.62,5,191640.88
6095,2064,90,3,80500.33,20,193200.79
6096,2064,19,2,64845.01,20,103752.02
6097,2064,74,4,87039.67,5,330750.75
6098,2064,22,2,110532.12,0,221064.24
6099,2064,81,1,40831.32,15,34706.62
6100,2065,46,3,96591.13,5,275284.72
6101,2065,98,2,12677.21,0,25354.42
6102,2065,118,4,84291.46,5,320307.55
6103,2065,38,1,80899.08,0,80899.08
6104,2066,107,4,88188.54,5,335116.45
6105,2066,87,4,90630.87,20,290018.78
6106,2066,9,4,81702.42,5,310469.2
6107,2067,46,1,96591.13,0,96591.13
6108,2067,43,3,59578.07,0,178734.21
6109,2067,12,1,69880.47,20,55904.38
6110,2068,17,2,30939.34,5,58784.75
6111,2068,55,1,54283.34,0,54283.34
6112,2069,20,2,88576.0,0,177152.0
6113,2070,26,2,83816.41,20,134106.26
6114,2070,59,1,28521.98,15,24243.68
6115,2070,43,2,59578.07,20,95324.91
6116,2071,79,4,22216.62,10,79979.83
6117,2071,50,1,118553.15,5,112625.49
6118,2071,108,2,74101.53,0,148203.06
6119,2071,72,3,58534.22,10,158042.39
6120,2072,75,1,110385.22,20,88308.18
6121,2072,60,3,107216.71,10,289485.12
6122,2072,1,3,46213.74,20,110912.98
6123,2073,75,2,110385.22,20,176616.35
6124,2073,53,1,51495.52,20,41196.42
6125,2074,104,4,13111.9,0,52447.6
6126,2074,53,2,51495.52,0,102991.04
6127,2074,79,3,22216.62,5,63317.37
6128,2074,74,3,87039.67,10,235007.11
6129,2074,91,2,56071.56,5,106535.96
6130,2075,108,4,74101.53,10,266765.51
6131,2075,71,2,58843.42,10,105918.16
6132,2075,25,3,80193.7,0,240581.1
6133,2075,59,3,28521.98,15,72731.05
6134,2075,83,4,30646.45,5,116456.51
6135,2076,15,3,72941.96,5,207884.59
6136,2077,91,2,56071.56,15,95321.65
6137,2077,70,1,96084.25,5,91280.04
6138,2077,71,1,58843.42,15,50016.91
6139,2077,69,3,64817.36,20,155561.66
6140,2078,115,4,59569.63,0,238278.52
6141,2078,103,4,2011.93,0,8047.72
6142,2078,65,3,47042.48,5,134071.07
6143,2078,1,2,46213.74,20,73941.98
6144,2078,91,2,56071.56,10,100928.81
6145,2079,113,3,90181.92,20,216436.61
6146,2079,24,4,108055.6,15,367389.04
6147,2079,6,3,48116.68,15,122697.53
6148,2079,42,4,23735.01,20,75952.03
6149,2079,95,1,69307.71,0,69307.71
6150,2080,98,4,12677.21,5,48173.4
6151,2080,43,4,59578.07,10,214481.05
6152,2080,60,3,107216.71,0,321650.13
6153,2081,74,1,87039.67,10,78335.7
6154,2081,60,2,107216.71,5,203711.75
6155,2081,117,1,41170.49,5,39111.97
6156,2081,5,2,27139.36,15,46136.91
6157,2081,103,4,2011.93,0,8047.72
6158,2082,17,2,30939.34,0,61878.68
6159,2083,94,4,13417.8,20,42936.96
6160,2083,108,2,74101.53,15,125972.6
6161,2084,67,4,45955.53,20,147057.7
6162,2084,87,3,90630.87,5,258297.98
6163,2085,74,4,87039.67,5,330750.75
6164,2085,60,1,107216.71,20,85773.37
6165,2086,75,3,110385.22,10,298040.09
6166,2086,79,3,22216.62,15,56652.38
6167,2086,109,3,93069.65,10,251288.05
6168,2086,101,3,41990.85,0,125972.55
6169,2086,94,1,13417.8,15,11405.13
6170,2087,37,3,11659.77,15,29732.41
6171,2087,84,3,2816.3,20,6759.12
6172,2087,30,1,65978.5,15,56081.72
6173,2088,118,3,84291.46,20,202299.5
6174,2088,79,1,22216.62,15,18884.13
6175,2089,97,3,9581.58,15,24433.03
6176,2089,29,1,74054.03,15,62945.93
6177,2089,119,4,1713.06,20,5481.79
6178,2089,87,3,90630.87,5,258297.98
6179,2089,64,3,50185.02,0,150555.06
6180,2090,60,2,107216.71,10,192990.08
6181,2090,50,1,118553.15,0,118553.15
6182,2090,13,4,13454.1,20,43053.12
6183,2090,113,2,90181.92,15,153309.26
6184,2091,37,2,11659.77,15,19821.61
6185,2091,2,3,56747.46,5,161730.26
6186,2091,31,3,34786.19,0,104358.57
6187,2092,41,2,54922.23,10,98860.01
6188,2092,26,3,83816.41,0,251449.23
6189,2092,21,3,52040.04,20,124896.1
6190,2092,59,4,28521.98,5,108383.52
6191,2093,62,3,84917.09,15,216538.58
6192,2093,63,3,49208.12,0,147624.36
6193,2093,10,2,40072.41,10,72130.34
6194,2094,5,4,27139.36,0,108557.44
6195,2094,6,4,48116.68,10,173220.05
6196,2095,36,2,79830.53,0,159661.06
6197,2095,103,2,2011.93,20,3219.09
6198,2095,61,1,18524.26,5,17598.05
6199,2095,51,4,114029.73,0,456118.92
6200,2095,15,4,72941.96,10,262591.06
6201,2096,84,3,2816.3,15,7181.57
6202,2096,31,3,34786.19,10,93922.71
6203,2096,91,4,56071.56,20,179428.99
6204,2096,81,3,40831.32,5,116369.26
6205,2096,4,1,98554.1,10,88698.69
6206,2097,28,1,81439.49,15,69223.57
6207,2097,91,4,56071.56,15,190643.3
6208,2097,43,3,59578.07,5,169797.5
6209,2097,55,2,54283.34,5,103138.35
6210,2098,5,2,27139.36,15,46136.91
6211,2098,4,4,98554.1,5,374505.58
6212,2098,67,4,45955.53,20,147057.7
6213,2098,23,1,79774.8,5,75786.06
6214,2099,87,1,90630.87,15,77036.24
6215,2099,3,1,110255.0,15,93716.75
6216,2099,52,4,73711.95,0,294847.8
6217,2100,75,2,110385.22,10,198693.4
6218,2100,109,3,93069.65,20,223367.16
6219,2101,24,2,108055.6,5,205305.64
6220,2101,94,2,13417.8,20,21468.48
6221,2101,10,1,40072.41,20,32057.93
6222,2101,71,2,58843.42,20,94149.47
6223,2102,62,1,84917.09,5,80671.24
6224,2103,30,3,65978.5,5,188038.72
6225,2103,84,4,2816.3,0,11265.2
6226,2103,60,3,107216.71,10,289485.12
6227,2103,57,3,58409.34,15,148943.82
6228,2103,96,4,47900.21,5,182020.8
6229,2104,107,2,88188.54,15,149920.52
6230,2104,89,1,18709.69,10,16838.72
6231,2104,96,3,47900.21,15,122145.54
6232,2104,4,4,98554.1,10,354794.76
6233,2104,11,3,105306.09,5,300122.36
6234,2105,83,4,30646.45,10,110327.22
6235,2106,71,4,58843.42,15,200067.63
6236,2106,60,3,107216.71,0,321650.13
6237,2106,89,4,18709.69,0,74838.76
6238,2106,33,3,53293.43,15,135898.25
6239,2107,116,4,58762.22,5,223296.44
6240,2107,79,3,22216.62,5,63317.37
6241,2108,88,4,24323.6,10,87564.96
6242,2108,93,1,93446.13,15,79429.21
6243,2108,10,1,40072.41,0,40072.41
6244,2108,91,3,56071.56,5,159803.95
6245,2109,50,4,118553.15,20,379370.08
6246,2109,94,1,13417.8,5,12746.91
6247,2109,92,1,20550.8,15,17468.18
6248,2110,75,1,110385.22,5,104865.96
6249,2110,68,3,36184.21,5,103125.0
6250,2110,25,3,80193.7,5,228552.04
6251,2110,115,3,59569.63,10,160838.0
6252,2111,88,4,24323.6,0,97294.4
6253,2111,34,1,61585.29,15,52347.5
6254,2111,72,1,58534.22,20,46827.38
6255,2111,3,4,110255.0,15,374867.0
6256,2111,67,1,45955.53,10,41359.98
6257,2112,106,2,85023.38,15,144539.75
6258,2112,37,3,11659.77,15,29732.41
6259,2112,8,4,42461.96,15,144370.66
6260,2112,29,2,74054.03,10,133297.25
6261,2113,7,4,8795.78,0,35183.12
6262,2114,48,1,110137.67,5,104630.79
6263,2115,91,2,56071.56,0,112143.12
6264,2115,88,1,24323.6,0,24323.6
6265,2116,83,3,30646.45,5,87342.38
6266,2116,59,4,28521.98,10,102679.13
6267,2116,87,4,90630.87,10,326271.13
6268,2117,98,2,12677.21,0,25354.42
6269,2117,95,3,69307.71,0,207923.13
6270,2117,34,4,61585.29,10,221707.04
6271,2117,86,1,78192.22,10,70373.0
6272,2117,84,2,2816.3,15,4787.71
6273,2118,112,4,33831.93,15,115028.56
6274,2118,57,4,58409.34,15,198591.76
6275,2119,104,4,13111.9,10,47202.84
6276,2120,67,3,45955.53,20,110293.27
6277,2120,66,1,113554.41,20,90843.53
6278,2120,11,1,105306.09,5,100040.79
6279,2120,36,3,79830.53,20,191593.27
6280,2121,34,4,61585.29,5,234024.1
6281,2121,43,2,59578.07,10,107240.53
6282,2121,4,3,98554.1,5,280879.19
6283,2122,89,1,18709.69,20,14967.75
6284,2123,79,2,22216.62,5,42211.58
6285,2123,71,1,58843.42,5,55901.25
6286,2123,86,3,78192.22,20,187661.33
6287,2123,94,4,13417.8,0,53671.2
6288,2123,42,2,23735.01,0,47470.02
6289,2124,2,2,56747.46,5,107820.17
6290,2124,113,4,90181.92,10,324654.91
6291,2124,98,2,12677.21,10,22818.98
6292,2124,6,4,48116.68,5,182843.38
6293,2124,114,1,80348.52,10,72313.67
6294,2125,118,1,84291.46,20,67433.17
6295,2125,102,2,8740.33,0,17480.66
6296,2125,71,3,58843.42,15,150050.72
6297,2125,111,3,39015.4,20,93636.96
6298,2126,75,4,110385.22,0,441540.88
6299,2126,32,4,72996.06,20,233587.39
6300,2127,24,1,108055.6,10,97250.04
6301,2127,64,3,50185.02,5,143027.31
6302,2127,44,2,78898.93,15,134128.18
6303,2127,69,4,64817.36,15,220379.02
6304,2128,38,3,80899.08,15,206292.65
6305,2128,36,3,79830.53,0,239491.59
6306,2128,43,2,59578.07,10,107240.53
6307,2129,114,3,80348.52,20,192836.45
6308,2129,118,4,84291.46,5,320307.55
6309,2129,1,4,46213.74,10,166369.46
6310,2129,89,1,18709.69,20,14967.75
6311,2130,108,3,74101.53,10,200074.13
6312,2130,36,4,79830.53,20,255457.7
6313,2131,53,4,51495.52,5,195682.98
6314,2131,71,2,58843.42,5,111802.5
6315,2131,103,1,2011.93,15,1710.14
6316,2132,30,1,65978.5,5,62679.57
6317,2132,14,2,87561.13,15,148853.92
6318,2132,49,3,16434.02,5,46836.96
6319,2133,9,2,81702.42,10,147064.36
6320,2133,69,3,64817.36,15,165284.27
6321,2133,53,3,51495.52,15,131313.58
6322,2133,82,2,33751.67,0,67503.34
6323,2134,63,2,49208.12,20,78732.99
6324,2135,45,3,93521.24,20,224450.98
6325,2135,80,4,39618.64,15,134703.38
6326,2135,111,2,39015.4,10,70227.72
6327,2136,88,1,24323.6,5,23107.42
6328,2136,67,4,45955.53,15,156248.8
6329,2136,23,1,79774.8,10,71797.32
6330,2136,44,3,78898.93,15,201192.27
6331,2136,18,3,702.11,5,2001.01
6332,2137,43,2,59578.07,0,119156.14
6333,2138,111,2,39015.4,5,74129.26
6334,2138,116,2,58762.22,0,117524.44
6335,2138,59,2,28521.98,15,48487.37
6336,2138,12,4,69880.47,20,223617.5
6337,2138,102,4,8740.33,10,31465.19
6338,2139,24,4,108055.6,15,367389.04
6339,2139,61,1,18524.26,5,17598.05
6340,2139,19,2,64845.01,0,129690.02
6341,2140,96,1,47900.21,15,40715.18
6342,2141,62,4,84917.09,5,322684.94
6343,2141,32,2,72996.06,5,138692.51
6344,2141,44,4,78898.93,15,268256.36
6345,2142,46,1,96591.13,5,91761.57
6346,2142,91,4,56071.56,5,213071.93
6347,2142,75,2,110385.22,5,209731.92
6348,2142,61,3,18524.26,15,47236.86
6349,2142,28,1,81439.49,10,73295.54
6350,2143,117,2,41170.49,20,65872.78
6351,2143,53,4,51495.52,15,175084.77
6352,2143,67,1,45955.53,10,41359.98
6353,2144,101,3,41990.85,15,107076.67
6354,2144,75,4,110385.22,5,419463.84
6355,2144,54,4,53786.68,10,193632.05
6356,2145,64,2,50185.02,5,95351.54
6357,2145,96,1,47900.21,5,45505.2
6358,2145,30,3,65978.5,20,158348.4
6359,2145,27,3,23424.89,10,63247.2
6360,2146,31,3,34786.19,10,93922.71
6361,2146,87,3,90630.87,5,258297.98
6362,2147,42,1,23735.01,5,22548.26
6363,2147,27,2,23424.89,20,37479.82
6364,2147,8,1,42461.96,0,42461.96
6365,2147,11,2,105306.09,20,168489.74
6366,2147,17,4,30939.34,0,123757.36
6367,2148,80,1,39618.64,0,39618.64
6368,2148,7,1,8795.78,0,8795.78
6369,2148,42,3,23735.01,5,67644.78
6370,2148,115,2,59569.63,15,101268.37
6371,2148,114,3,80348.52,5,228993.28
6372,2149,22,1,110532.12,10,99478.91
6373,2149,66,4,113554.41,10,408795.88
6374,2149,99,4,102110.04,20,326752.13
6375,2149,59,3,28521.98,15,72731.05
6376,2150,73,3,80430.4,5,229226.64
6377,2150,48,4,110137.67,5,418523.15
6378,2150,4,1,98554.1,15,83770.99
6379,2150,115,1,59569.63,10,53612.67
6380,2150,44,3,78898.93,10,213027.11
6381,2151,17,3,30939.34,5,88177.12
6382,2151,95,1,69307.71,15,58911.55
6383,2151,110,2,99175.28,0,198350.56
6384,2152,12,3,69880.47,15,178195.2
6385,2152,39,3,18108.8,10,48893.76
6386,2153,61,4,18524.26,20,59277.63
6387,2153,81,3,40831.32,15,104119.87
6388,2154,88,2,24323.6,0,48647.2
6389,2154,110,2,99175.28,10,178515.5
6390,2154,31,3,34786.19,0,104358.57
6391,2155,38,1,80899.08,20,64719.26
6392,2155,83,3,30646.45,0,91939.35
6393,2156,75,1,110385.22,10,99346.7
6394,2156,73,4,80430.4,20,257377.28
6395,2156,8,3,42461.96,0,127385.88
6396,2157,71,1,58843.42,0,58843.42
6397,2158,26,2,83816.41,20,134106.26
6398,2159,54,3,53786.68,5,153292.04
6399,2159,12,1,69880.47,0,69880.47
6400,2159,24,2,108055.6,0,216111.2
6401,2159,64,2,50185.02,20,80296.03
6402,2159,31,1,34786.19,5,33046.88
6403,2160,5,1,27139.36,20,21711.49
6404,2160,21,1,52040.04,20,41632.03
6405,2160,80,4,39618.64,15,134703.38
6406,2160,68,3,36184.21,10,97697.37
6407,2160,78,2,77308.58,5,146886.3
6408,2161,20,3,88576.0,15,225868.8
6409,2161,9,2,81702.42,0,163404.84
6410,2161,86,4,78192.22,5,297130.44
6411,2161,28,2,81439.49,15,138447.13
6412,2161,25,4,80193.7,15,272658.58
6413,2162,89,1,18709.69,20,14967.75
6414,2162,71,1,58843.42,20,47074.74
6415,2163,31,2,34786.19,5,66093.76
6416,2164,10,4,40072.41,15,136246.19
6417,2164,33,3,53293.43,0,159880.29
6418,2164,115,4,59569.63,15,202536.74
6419,2164,67,3,45955.53,5,130973.26
6420,2165,16,1,46530.85,5,44204.31
6421,2165,51,4,114029.73,20,364895.14
6422,2166,109,4,93069.65,5,353664.67
6423,2166,4,1,98554.1,15,83770.99
6424,2166,25,4,80193.7,15,272658.58
6425,2166,98,1,12677.21,0,12677.21
6426,2167,88,2,24323.6,5,46214.84
6427,2167,78,2,77308.58,15,131424.59
6428,2167,32,1,72996.06,0,72996.06
6429,2167,111,4,39015.4,0,156061.6
6430,2168,111,1,39015.4,20,31212.32
6431,2168,117,4,41170.49,5,156447.86
6432,2168,9,2,81702.42,5,155234.6
6433,2168,36,2,79830.53,10,143694.95
6434,2169,113,2,90181.92,20,144291.07
6435,2169,90,2,80500.33,5,152950.63
6436,2169,70,4,96084.25,10,345903.3
6437,2170,108,3,74101.53,10,200074.13
6438,2170,89,3,18709.69,10,50516.16
6439,2170,19,1,64845.01,5,61602.76
6440,2170,88,1,24323.6,20,19458.88
6441,2170,48,4,110137.67,0,440550.68
6442,2171,64,2,50185.02,20,80296.03
6443,2171,70,4,96084.25,5,365120.15
6444,2171,72,4,58534.22,20,187309.5
6445,2171,117,2,41170.49,5,78223.93
6446,2172,57,3,58409.34,15,148943.82
6447,2172,47,4,56013.71,10,201649.36
6448,2172,67,4,45955.53,15,156248.8
6449,2173,5,2,27139.36,0,54278.72
6450,2173,52,4,73711.95,10,265363.02
6451,2174,66,1,113554.41,0,113554.41
6452,2174,39,3,18108.8,10,48893.76
6453,2174,1,1,46213.74,10,41592.37
6454,2175,115,4,59569.63,0,238278.52
6455,2175,9,1,81702.42,10,73532.18
6456,2175,10,4,40072.41,0,160289.64
6457,2175,54,2,53786.68,15,91437.36
6458,2176,91,4,56071.56,10,201857.62
6459,2176,81,3,40831.32,5,116369.26
6460,2176,35,4,79232.66,20,253544.51
6461,2177,58,1,53064.77,5,50411.53
6462,2177,12,3,69880.47,10,188677.27
6463,2177,35,3,79232.66,10,213928.18
6464,2177,104,3,13111.9,20,31468.56
6465,2178,12,4,69880.47,5,265545.79
6466,2179,117,1,41170.49,15,34994.92
6467,2179,35,2,79232.66,15,134695.52
6468,2179,88,2,24323.6,20,38917.76
6469,2179,17,3,30939.34,0,92818.02
6470,2180,34,1,61585.29,15,52347.5
6471,2180,4,3,98554.1,0,295662.3
6472,2181,31,3,34786.19,20,83486.86
6473,2182,89,4,18709.69,5,71096.82
6474,2183,40,2,118080.35,20,188928.56
6475,2184,43,4,59578.07,10,214481.05
6476,2184,38,4,80899.08,5,307416.5
6477,2184,18,4,702.11,10,2527.6
6478,2184,107,2,88188.54,20,141101.66
6479,2184,11,1,105306.09,0,105306.09
6480,2185,75,3,110385.22,20,264924.53
6481,2185,85,2,119988.99,5,227979.08
6482,2185,101,3,41990.85,0,125972.55
6483,2185,37,4,11659.77,5,44307.13
6484,2186,63,1,49208.12,0,49208.12
6485,2186,92,1,20550.8,15,17468.18
6486,2186,12,1,69880.47,15,59398.4
6487,2186,88,1,24323.6,5,23107.42
6488,2186,110,3,99175.28,10,267773.26
6489,2187,39,3,18108.8,5,51610.08
6490,2187,72,2,58534.22,10,105361.6
6491,2187,37,3,11659.77,5,33230.34
6492,2187,12,2,69880.47,5,132772.89
6493,2187,90,4,80500.33,5,305901.25
6494,2188,74,2,87039.67,0,174079.34
6495,2188,72,2,58534.22,15,99508.17
6496,2188,16,3,46530.85,15,118653.67
6497,2188,85,3,119988.99,15,305971.92
6498,2189,114,1,80348.52,20,64278.82
6499,2189,94,4,13417.8,0,53671.2
6500,2190,15,4,72941.96,0,291767.84
6501,2191,14,2,87561.13,0,175122.26
6502,2192,28,3,81439.49,5,232102.55
6503,2192,94,2,13417.8,15,22810.26
6504,2192,105,4,76452.42,10,275228.71
6505,2192,99,4,102110.04,15,347174.14
6506,2193,44,2,78898.93,10,142018.07
6507,2193,32,1,72996.06,5,69346.26
6508,2194,74,4,87039.67,15,295934.88
6509,2194,75,4,110385.22,0,441540.88
6510,2194,8,2,42461.96,20,67939.14
6511,2194,79,4,22216.62,10,79979.83
6512,2195,52,2,73711.95,0,147423.9
6513,2195,98,1,12677.21,0,12677.21
6514,2195,106,2,85023.38,15,144539.75
6515,2196,100,4,95649.15,15,325207.11
6516,2196,8,2,42461.96,5,80677.72
6517,2196,68,1,36184.21,15,30756.58
6518,2196,81,1,40831.32,20,32665.06
6519,2196,66,2,113554.41,10,204397.94
6520,2197,57,2,58409.34,20,93454.94
6521,2197,111,4,39015.4,10,140455.44
6522,2197,53,1,51495.52,15,43771.19
6523,2197,120,3,10730.75,10,28973.03
6524,2197,88,3,24323.6,15,62025.18
6525,2198,12,2,69880.47,20,111808.75
6526,2198,99,1,102110.04,15,86793.53
6527,2198,77,3,67944.84,15,173259.34
6528,2199,97,1,9581.58,5,9102.5
6529,2199,20,4,88576.0,5,336588.8
6530,2200,85,2,119988.99,10,215980.18
6531,2200,116,4,58762.22,5,223296.44
6532,2200,33,2,53293.43,0,106586.86
6533,2200,45,1,93521.24,15,79493.05
6534,2201,66,2,113554.41,10,204397.94
6535,2201,44,4,78898.93,15,268256.36
6536,2201,19,4,64845.01,10,233442.04
6537,2201,83,1,30646.45,5,29114.13
6538,2202,93,3,93446.13,5,266321.47
6539,2203,34,2,61585.29,20,98536.46
6540,2203,17,3,30939.34,15,78895.32
6541,2204,87,2,90630.87,0,181261.74
6542,2204,23,1,79774.8,5,75786.06
6543,2204,24,2,108055.6,15,183694.52
6544,2204,44,1,78898.93,0,78898.93
6545,2205,96,1,47900.21,10,43110.19
6546,2205,58,2,53064.77,5,100823.06
6547,2206,69,3,64817.36,15,165284.27
6548,2206,36,1,79830.53,5,75839.0
6549,2207,13,3,13454.1,0,40362.3
6550,2207,76,4,3722.49,15,12656.47
6551,2207,68,4,36184.21,20,115789.47
6552,2207,103,1,2011.93,15,1710.14
6553,2208,13,4,13454.1,20,43053.12
6554,2208,48,2,110137.67,15,187234.04
6555,2209,81,4,40831.32,5,155159.02
6556,2209,106,4,85023.38,20,272074.82
6557,2210,82,1,33751.67,5,32064.09
6558,2210,103,4,2011.93,20,6438.18
6559,2211,11,3,105306.09,0,315918.27
6560,2211,89,2,18709.69,5,35548.41
6561,2212,88,1,24323.6,5,23107.42
6562,2213,52,4,73711.95,15,250620.63
6563,2213,82,2,33751.67,10,60753.01
6564,2213,86,4,78192.22,15,265853.55
6565,2213,99,4,102110.04,0,408440.16
6566,2213,5,3,27139.36,20,65134.46
6567,2214,12,3,69880.47,5,199159.34
6568,2214,114,3,80348.52,5,228993.28
6569,2214,94,4,13417.8,15,45620.52
6570,2214,1,2,46213.74,5,87806.11
6571,2214,30,1,65978.5,10,59380.65
6572,2215,30,3,65978.5,20,158348.4
6573,2215,77,3,67944.84,0,203834.52
6574,2215,78,2,77308.58,20,123693.73
6575,2215,33,3,53293.43,10,143892.26
6576,2216,26,1,83816.41,20,67053.13
6577,2216,10,4,40072.41,5,152275.16
6578,2216,61,1,18524.26,0,18524.26
6579,2217,49,4,16434.02,5,62449.28
6580,2217,86,2,78192.22,10,140746.0
6581,2218,37,4,11659.77,10,41975.17
6582,2218,118,2,84291.46,20,134866.34
6583,2219,2,4,56747.46,0,226989.84
6584,2219,39,4,18108.8,5,68813.44
6585,2219,71,2,58843.42,15,100033.81
6586,2219,67,3,45955.53,10,124079.93
6587,2219,56,4,100863.62,20,322763.58
6588,2220,81,4,40831.32,15,138826.49
6589,2220,36,1,79830.53,20,63864.42
6590,2220,12,1,69880.47,20,55904.38
6591,2221,82,1,33751.67,10,30376.5
6592,2221,72,3,58534.22,15,149262.26
6593,2221,14,2,87561.13,10,157610.03
6594,2222,70,1,96084.25,10,86475.82
6595,2222,57,2,58409.34,20,93454.94
6596,2223,71,2,58843.42,15,100033.81
6597,2224,31,3,34786.19,10,93922.71
6598,2224,57,1,58409.34,20,46727.47
6599,2224,36,4,79830.53,20,255457.7
6600,2224,32,3,72996.06,20,175190.54
6601,2224,105,2,76452.42,20,122323.87
6602,2225,66,4,113554.41,10,408795.88
6603,2226,33,3,53293.43,5,151886.28
6604,2226,68,1,36184.21,5,34375.0
6605,2226,52,1,73711.95,10,66340.76
6606,2227,6,4,48116.68,20,153973.38
6607,2227,27,3,23424.89,15,59733.47
6608,2227,43,4,59578.07,0,238312.28
6609,2227,112,3,33831.93,20,81196.63
6610,2227,40,1,118080.35,5,112176.33
6611,2228,16,4,46530.85,0,186123.4
6612,2228,85,2,119988.99,5,227979.08
6613,2228,95,1,69307.71,10,62376.94
6614,2228,113,1,90181.92,5,85672.82
6615,2228,11,4,105306.09,10,379101.92
6616,2229,82,1,33751.67,0,33751.67
6617,2230,48,4,110137.67,15,374468.08
6618,2230,17,1,30939.34,0,30939.34
6619,2231,76,4,3722.49,5,14145.46
6620,2231,44,1,78898.93,0,78898.93
6621,2232,70,1,96084.25,10,86475.82
6622,2233,99,4,102110.04,10,367596.14
6623,2233,75,1,110385.22,10,99346.7
6624,2233,15,3,72941.96,0,218825.88
6625,2233,25,1,80193.7,20,64154.96
6626,2233,117,2,41170.49,20,65872.78
6627,2234,10,1,40072.41,10,36065.17
6628,2234,62,2,84917.09,20,135867.34
6629,2234,1,2,46213.74,5,87806.11
6630,2234,69,3,64817.36,0,194452.08
6631,2235,27,2,23424.89,0,46849.78
6632,2235,105,2,76452.42,10,137614.36
6633,2236,86,1,78192.22,5,74282.61
6634,2237,50,4,118553.15,10,426791.34
6635,2237,20,1,88576.0,15,75289.6
6636,2237,92,4,20550.8,0,82203.2
6637,2238,118,4,84291.46,20,269732.67
6638,2238,8,3,42461.96,0,127385.88
6639,2239,56,1,100863.62,0,100863.62
6640,2239,7,2,8795.78,5,16711.98
6641,2239,107,2,88188.54,5,167558.23
6642,2239,83,1,30646.45,5,29114.13
6643,2239,9,3,81702.42,10,220596.53
6644,2240,15,3,72941.96,10,196943.29
6645,2240,102,4,8740.33,20,27969.06
6646,2241,74,4,87039.67,20,278526.94
6647,2242,97,2,9581.58,15,16288.69
6648,2242,7,1,8795.78,20,7036.62
6649,2243,96,4,47900.21,0,191600.84
6650,2243,102,1,8740.33,20,6992.26
6651,2243,104,4,13111.9,0,52447.6
6652,2244,73,1,80430.4,15,68365.84
6653,2244,113,1,90181.92,20,72145.54
6654,2244,46,3,96591.13,20,231818.71
6655,2245,77,3,67944.84,20,163067.62
6656,2245,72,1,58534.22,15,49754.09
6657,2245,29,3,74054.03,5,211053.99
6658,2245,88,3,24323.6,0,72970.8
6659,2246,117,2,41170.49,20,65872.78
6660,2246,56,3,100863.62,15,257202.23
6661,2246,23,4,79774.8,15,271234.32
6662,2246,41,1,54922.23,20,43937.78
6663,2247,18,1,702.11,15,596.79
6664,2247,68,3,36184.21,15,92269.74
6665,2247,81,3,40831.32,20,97995.17
6666,2247,52,1,73711.95,5,70026.35
6667,2248,16,4,46530.85,15,158204.89
6668,2249,67,4,45955.53,15,156248.8
6669,2249,17,1,30939.34,0,30939.34
6670,2249,35,4,79232.66,10,285237.58
6671,2249,104,4,13111.9,5,49825.22
6672,2249,52,4,73711.95,15,250620.63
6673,2250,17,2,30939.34,10,55690.81
6674,2250,27,2,23424.89,10,42164.8
6675,2250,12,2,69880.47,5,132772.89
6676,2250,92,3,20550.8,5,58569.78
6677,2251,40,4,118080.35,5,448705.33
6678,2251,77,1,67944.84,10,61150.36
6679,2251,50,1,118553.15,10,106697.83
6680,2251,113,2,90181.92,0,180363.84
6681,2251,9,3,81702.42,5,232851.9
6682,2252,3,2,110255.0,10,198459.0
6683,2252,43,2,59578.07,5,113198.33
6684,2252,79,2,22216.62,5,42211.58
6685,2252,107,1,88188.54,0,88188.54
6686,2253,93,3,93446.13,0,280338.39
6687,2253,14,3,87561.13,0,262683.39
6688,2254,113,2,90181.92,10,162327.46
6689,2254,107,1,88188.54,5,83779.11
6690,2254,62,1,84917.09,0,84917.09
6691,2254,76,4,3722.49,20,11911.97
6692,2255,11,1,105306.09,20,84244.87
6693,2255,65,4,47042.48,5,178761.42
6694,2255,14,3,87561.13,5,249549.22
6695,2255,84,4,2816.3,10,10138.68
6696,2255,2,4,56747.46,20,181591.87
6697,2256,37,2,11659.77,15,19821.61
6698,2256,100,2,95649.15,10,172168.47
6699,2256,112,2,33831.93,5,64280.67
6700,2256,45,4,93521.24,5,355380.71
6701,2257,42,1,23735.01,15,20174.76
6702,2257,15,2,72941.96,20,116707.14
6703,2258,95,2,69307.71,0,138615.42
6704,2258,68,3,36184.21,15,92269.74
6705,2258,24,4,108055.6,15,367389.04
6706,2258,66,4,113554.41,15,386084.99
6707,2258,61,4,18524.26,0,74097.04
6708,2259,11,1,105306.09,15,89510.18
6709,2259,93,3,93446.13,5,266321.47
6710,2259,86,1,78192.22,5,74282.61
6711,2259,17,4,30939.34,20,99005.89
6712,2260,51,1,114029.73,0,114029.73
6713,2260,17,4,30939.34,10,111381.62
6714,2261,104,4,13111.9,0,52447.6
6715,2262,120,4,10730.75,10,38630.7
6716,2262,40,3,118080.35,5,336529.0
6717,2262,46,2,96591.13,0,193182.26
6718,2262,91,4,56071.56,0,224286.24
6719,2263,120,4,10730.75,0,42923.0
6720,2263,58,1,53064.77,0,53064.77
6721,2263,22,1,110532.12,5,105005.51
6722,2263,80,3,39618.64,5,112913.12
6723,2263,56,3,100863.62,10,272331.77
6724,2264,81,1,40831.32,15,34706.62
6725,2264,9,4,81702.42,0,326809.68
6726,2264,94,2,13417.8,0,26835.6
6727,2264,68,3,36184.21,20,86842.1
6728,2265,66,4,113554.41,10,408795.88
6729,2265,17,1,30939.34,5,29392.37
6730,2266,34,4,61585.29,0,246341.16
6731,2266,72,3,58534.22,15,149262.26
6732,2266,6,2,48116.68,0,96233.36
6733,2267,93,1,93446.13,15,79429.21
6734,2267,110,1,99175.28,5,94216.52
6735,2267,64,4,50185.02,15,170629.07
6736,2267,33,4,53293.43,10,191856.35
6737,2268,21,2,52040.04,0,104080.08
6738,2268,110,2,99175.28,20,158680.45
6739,2269,62,3,84917.09,15,216538.58
6740,2269,72,2,58534.22,15,99508.17
6741,2270,93,4,93446.13,20,299027.62
6742,2270,100,2,95649.15,0,191298.3
6743,2270,47,4,56013.71,15,190446.61
6744,2271,24,2,108055.6,10,194500.08
6745,2272,113,3,90181.92,15,229963.9
6746,2272,72,3,58534.22,0,175602.66
6747,2272,12,2,69880.47,10,125784.85
6748,2272,15,2,72941.96,0,145883.92
6749,2272,67,1,45955.53,15,39062.2
6750,2273,40,2,118080.35,15,200736.6
6751,2274,119,3,1713.06,20,4111.34
6752,2274,47,3,56013.71,5,159639.07
6753,2274,95,1,69307.71,20,55446.17
6754,2275,117,4,41170.49,10,148213.76
6755,2275,89,4,18709.69,5,71096.82
6756,2276,73,4,80430.4,0,321721.6
6757,2276,27,2,23424.89,10,42164.8
6758,2276,47,1,56013.71,15,47611.65
6759,2277,71,3,58843.42,5,167703.75
6760,2278,109,1,93069.65,0,93069.65
6761,2278,52,1,73711.95,0,73711.95
6762,2278,15,1,72941.96,5,69294.86
6763,2278,47,1,56013.71,10,50412.34
6764,2279,33,1,53293.43,10,47964.09
6765,2279,64,1,50185.02,0,50185.02
6766,2279,80,1,39618.64,20,31694.91
6767,2279,21,4,52040.04,0,208160.16
6768,2280,74,2,87039.67,20,139263.47
6769,2280,12,1,69880.47,15,59398.4
6770,2280,44,4,78898.93,20,252476.58
6771,2280,116,4,58762.22,15,199791.55
6772,2280,62,2,84917.09,15,144359.05
6773,2281,59,4,28521.98,10,102679.13
6774,2281,24,2,108055.6,5,205305.64
6775,2282,117,4,41170.49,0,164681.96
6776,2282,47,3,56013.71,10,151237.02
6777,2282,80,4,39618.64,20,126779.65
6778,2283,40,1,118080.35,15,100368.3
6779,2283,87,4,90630.87,5,344397.31
6780,2283,80,2,39618.64,15,67351.69
6781,2284,112,1,33831.93,0,33831.93
6782,2284,83,3,30646.45,20,73551.48
6783,2284,88,4,24323.6,5,92429.68
6784,2284,71,3,58843.42,20,141224.21
6785,2284,54,4,53786.68,15,182874.71
6786,2285,35,1,79232.66,5,75271.03
6787,2285,114,4,80348.52,5,305324.38
6788,2285,64,2,50185.02,15,85314.53
6789,2286,67,4,45955.53,15,156248.8
6790,2286,57,3,58409.34,20,140182.42
6791,2286,84,3,2816.3,15,7181.57
6792,2287,111,1,39015.4,5,37064.63
6793,2287,41,3,54922.23,0,164766.69
6794,2287,83,3,30646.45,5,87342.38
6795,2288,79,3,22216.62,10,59984.87
6796,2288,51,1,114029.73,5,108328.24
6797,2288,41,4,54922.23,10,197720.03
6798,2288,113,3,90181.92,20,216436.61
6799,2288,30,1,65978.5,15,56081.72
6800,2289,48,2,110137.67,20,176220.27
6801,2289,119,1,1713.06,5,1627.41
6802,2289,52,4,73711.95,20,235878.24
6803,2289,75,4,110385.22,10,397386.79
6804,2289,25,1,80193.7,10,72174.33
6805,2290,46,1,96591.13,15,82102.46
6806,2291,53,2,51495.52,20,82392.83
6807,2291,47,4,56013.71,20,179243.87
6808,2292,35,4,79232.66,15,269391.04
6809,2292,89,1,18709.69,5,17774.21
6810,2292,101,2,41990.85,5,79782.61
6811,2292,116,4,58762.22,5,223296.44
6812,2293,91,3,56071.56,0,168214.68
6813,2294,15,1,72941.96,15,62000.67
6814,2294,88,3,24323.6,20,58376.64
6815,2294,112,3,33831.93,20,81196.63
6816,2294,77,4,67944.84,15,231012.46
6817,2294,42,4,23735.01,5,90193.04
6818,2295,114,4,80348.52,10,289254.67
6819,2295,42,3,23735.01,15,60524.28
6820,2296,53,2,51495.52,15,87542.38
6821,2296,5,1,27139.36,15,23068.46
6822,2297,11,1,105306.09,5,100040.79
6823,2297,82,2,33751.67,5,64128.17
6824,2297,109,4,93069.65,0,372278.6
6825,2297,118,2,84291.46,20,134866.34
6826,2298,67,2,45955.53,5,87315.51
6827,2298,39,4,18108.8,15,61569.92
6828,2298,87,4,90630.87,0,362523.48
6829,2298,14,3,87561.13,20,210146.71
6830,2298,90,1,80500.33,15,68425.28
6831,2299,114,1,80348.52,15,68296.24
6832,2300,57,3,58409.34,20,140182.42
6833,2300,68,2,36184.21,0,72368.42
6834,2300,94,2,13417.8,10,24152.04
6835,2301,89,3,18709.69,10,50516.16
6836,2301,87,2,90630.87,15,154072.48
6837,2301,1,2,46213.74,20,73941.98
6838,2302,32,3,72996.06,5,208038.77
6839,2302,102,1,8740.33,15,7429.28
6840,2302,85,4,119988.99,20,383964.77
6841,2302,101,3,41990.85,20,100778.04
6842,2302,50,3,118553.15,10,320093.5
6843,2303,81,4,40831.32,10,146992.75
6844,2303,5,4,27139.36,0,108557.44
6845,2304,96,3,47900.21,5,136515.6
6846,2305,52,2,73711.95,5,140052.7
6847,2305,49,3,16434.02,15,41906.75
6848,2305,26,3,83816.41,10,226304.31
6849,2305,29,1,74054.03,5,70351.33
6850,2305,3,1,110255.0,15,93716.75
6851,2306,88,2,24323.6,5,46214.84
6852,2306,60,1,107216.71,0,107216.71
6853,2307,3,3,110255.0,5,314226.75
6854,2308,120,1,10730.75,10,9657.68
6855,2308,67,1,45955.53,0,45955.53
6856,2308,17,2,30939.34,0,61878.68
6857,2308,104,3,13111.9,10,35402.13
6858,2309,58,2,53064.77,10,95516.59
6859,2309,114,3,80348.52,10,216941.0
6860,2309,27,2,23424.89,20,37479.82
6861,2309,76,1,3722.49,10,3350.24
6862,2309,104,1,13111.9,20,10489.52
6863,2310,120,3,10730.75,0,32192.25
6864,2310,36,3,79830.53,5,227517.01
6865,2310,110,3,99175.28,10,267773.26
6866,2310,17,4,30939.34,15,105193.76
6867,2311,120,1,10730.75,20,8584.6
6868,2312,14,1,87561.13,10,78805.02
6869,2312,87,3,90630.87,20,217514.09
6870,2312,103,1,2011.93,10,1810.74
6871,2312,44,1,78898.93,20,63119.14
6872,2313,118,1,84291.46,15,71647.74
6873,2313,43,4,59578.07,20,190649.82
6874,2314,111,1,39015.4,0,39015.4
6875,2314,43,2,59578.07,5,113198.33
6876,2314,66,4,113554.41,15,386084.99
6877,2315,48,2,110137.67,10,198247.81
6878,2315,74,3,87039.67,0,261119.01
6879,2315,112,2,33831.93,5,64280.67
6880,2316,77,1,67944.84,15,57753.11
6881,2316,61,1,18524.26,10,16671.83
6882,2316,79,3,22216.62,10,59984.87
6883,2316,5,3,27139.36,20,65134.46
6884,2317,55,3,54283.34,15,138422.52
6885,2317,17,4,30939.34,0,123757.36
6886,2317,26,2,83816.41,10,150869.54
6887,2317,87,3,90630.87,20,217514.09
6888,2318,94,1,13417.8,5,12746.91
6889,2318,102,2,8740.33,15,14858.56
6890,2318,3,2,110255.0,15,187433.5
6891,2318,49,4,16434.02,10,59162.47
6892,2318,39,2,18108.8,0,36217.6
6893,2319,8,3,42461.96,10,114647.29
6894,2320,80,3,39618.64,15,101027.53
6895,2320,44,2,78898.93,0,157797.86
6896,2320,114,4,80348.52,20,257115.26
6897,2321,90,4,80500.33,20,257601.06
6898,2321,111,1,39015.4,20,31212.32
6899,2321,98,3,12677.21,0,38031.63
6900,2321,54,3,53786.68,20,129088.03
6901,2322,12,4,69880.47,20,223617.5
6902,2322,48,3,110137.67,5,313892.36
6903,2322,117,1,41170.49,20,32936.39
6904,2322,43,4,59578.07,20,190649.82
6905,2323,112,4,33831.93,0,135327.72
6906,2323,9,3,81702.42,0,245107.26
6907,2324,14,3,87561.13,5,249549.22
6908,2325,88,2,24323.6,5,46214.84
6909,2325,87,4,90630.87,5,344397.31
6910,2326,72,1,58534.22,20,46827.38
6911,2326,82,2,33751.67,20,54002.67
6912,2326,58,3,53064.77,10,143274.88
6913,2326,67,4,45955.53,20,147057.7
6914,2326,22,1,110532.12,15,93952.3
6915,2327,95,2,69307.71,10,124753.88
6916,2327,2,1,56747.46,5,53910.09
6917,2328,40,3,118080.35,15,301104.89
6918,2328,36,2,79830.53,5,151678.01
6919,2328,109,4,93069.65,20,297822.88
6920,2328,4,4,98554.1,15,335083.94
6921,2329,57,3,58409.34,20,140182.42
6922,2329,106,2,85023.38,10,153042.08
6923,2329,110,4,99175.28,20,317360.9
6924,2329,39,4,18108.8,0,72435.2
6925,2330,91,3,56071.56,10,151393.21
6926,2330,43,4,59578.07,15,202565.44
6927,2330,32,3,72996.06,5,208038.77
6928,2330,12,2,69880.47,20,111808.75
6929,2330,104,3,13111.9,0,39335.7
6930,2331,35,4,79232.66,15,269391.04
6931,2331,99,1,102110.04,0,102110.04
6932,2331,76,2,3722.49,5,7072.73
6933,2331,50,2,118553.15,5,225250.98
6934,2332,116,2,58762.22,15,99895.77
6935,2332,7,2,8795.78,5,16711.98
6936,2333,66,4,113554.41,10,408795.88
6937,2333,53,3,51495.52,15,131313.58
6938,2334,87,4,90630.87,10,326271.13
6939,2334,100,4,95649.15,20,306077.28
6940,2334,58,4,53064.77,20,169807.26
6941,2335,118,4,84291.46,15,286590.96
6942,2335,51,3,114029.73,10,307880.27
6943,2336,5,3,27139.36,15,69205.37
6944,2336,48,3,110137.67,5,313892.36
6945,2336,53,3,51495.52,10,139037.9
6946,2336,14,2,87561.13,0,175122.26
6947,2337,92,2,20550.8,0,41101.6
6948,2337,13,2,13454.1,10,24217.38
6949,2337,111,1,39015.4,20,31212.32
6950,2337,48,1,110137.67,20,88110.14
6951,2338,81,2,40831.32,10,73496.38
6952,2338,13,3,13454.1,0,40362.3
6953,2338,31,1,34786.19,10,31307.57
6954,2339,53,4,51495.52,20,164785.66
6955,2339,91,1,56071.56,10,50464.4
6956,2339,27,2,23424.89,5,44507.29
6957,2339,24,2,108055.6,20,172888.96
6958,2340,6,2,48116.68,20,76986.69
6959,2340,5,1,27139.36,20,21711.49
6960,2340,47,3,56013.71,10,151237.02
6961,2340,20,4,88576.0,10,318873.6
6962,2341,3,4,110255.0,0,441020.0
6963,2341,91,1,56071.56,10,50464.4
6964,2341,24,2,108055.6,10,194500.08
6965,2341,45,2,93521.24,0,187042.48
6966,2342,10,2,40072.41,5,76137.58
6967,2342,2,1,56747.46,15,48235.34
6968,2342,77,4,67944.84,10,244601.42
6969,2342,97,3,9581.58,5,27307.5
6970,2343,37,2,11659.77,0,23319.54
6971,2344,55,1,54283.34,5,51569.17
6972,2344,53,2,51495.52,5,97841.49
6973,2344,45,4,93521.24,0,374084.96
6974,2344,51,4,114029.73,10,410507.03
6975,2345,44,4,78898.93,5,299815.93
6976,2345,20,1,88576.0,5,84147.2
6977,2345,54,4,53786.68,15,182874.71
6978,2346,116,4,58762.22,20,188039.1
6979,2346,96,4,47900.21,0,191600.84
6980,2346,109,4,93069.65,20,297822.88
6981,2347,12,2,69880.47,5,132772.89
6982,2347,109,2,93069.65,10,167525.37
6983,2347,50,2,118553.15,20,189685.04
6984,2347,59,2,28521.98,5,54191.76
6985,2347,112,1,33831.93,10,30448.74
6986,2348,43,4,59578.07,20,190649.82
6987,2348,61,3,18524.26,5,52794.14
6988,2348,105,2,76452.42,0,152904.84
6989,2348,8,2,42461.96,0,84923.92
6990,2349,81,3,40831.32,0,122493.96
6991,2349,119,1,1713.06,5,1627.41
6992,2349,88,1,24323.6,10,21891.24
6993,2350,13,2,13454.1,5,25562.79
6994,2350,7,3,8795.78,15,22429.24
6995,2350,78,3,77308.58,5,220329.45
6996,2351,90,4,80500.33,0,322001.32
6997,2351,39,1,18108.8,20,14487.04
6998,2351,25,3,80193.7,0,240581.1
6999,2352,13,4,13454.1,0,53816.4
7000,2352,101,3,41990.85,15,107076.67
7001,2353,111,4,39015.4,0,156061.6
7002,2353,28,4,81439.49,20,260606.37
7003,2354,46,1,96591.13,15,82102.46
7004,2355,93,1,93446.13,15,79429.21
7005,2355,47,2,56013.71,5,106426.05
7006,2355,115,1,59569.63,15,50634.19
7007,2356,93,4,93446.13,10,336406.07
7008,2356,39,3,18108.8,10,48893.76
7009,2356,6,2,48116.68,10,86610.02
7010,2357,1,4,46213.74,5,175612.21
7011,2357,74,1,87039.67,15,73983.72
7012,2357,34,3,61585.29,15,157042.49
7013,2358,4,4,98554.1,0,394216.4
7014,2358,98,1,12677.21,20,10141.77
7015,2358,17,4,30939.34,20,99005.89
7016,2358,120,1,10730.75,0,10730.75
7017,2359,36,1,79830.53,15,67855.95
7018,2359,109,1,93069.65,0,93069.65
7019,2359,74,2,87039.67,5,165375.37
7020,2359,1,4,46213.74,15,157126.72
7021,2359,105,2,76452.42,20,122323.87
7022,2360,36,4,79830.53,5,303356.01
7023,2361,117,4,41170.49,15,139979.67
7024,2361,52,2,73711.95,10,132681.51
7025,2361,40,3,118080.35,15,301104.89
7026,2361,56,1,100863.62,20,80690.9
7027,2361,4,2,98554.1,5,187252.79
7028,2362,120,3,10730.75,20,25753.8
7029,2362,95,2,69307.71,10,124753.88
7030,2362,85,1,119988.99,0,119988.99
7031,2362,59,4,28521.98,10,102679.13
7032,2362,103,1,2011.93,15,1710.14
7033,2363,71,2,58843.42,0,117686.84
7034,2364,58,3,53064.77,20,127355.45
7035,2364,78,3,77308.58,5,220329.45
7036,2364,31,2,34786.19,10,62615.14
7037,2364,48,4,110137.67,20,352440.54
7038,2365,79,2,22216.62,0,44433.24
7039,2366,15,4,72941.96,20,233414.27
7040,2366,74,2,87039.67,5,165375.37
7041,2366,12,3,69880.47,5,199159.34
7042,2366,73,1,80430.4,5,76408.88
7043,2367,83,2,30646.45,20,49034.32
7044,2367,51,4,114029.73,10,410507.03
7045,2367,68,2,36184.21,5,68750.0
7046,2368,100,3,95649.15,15,243905.33
7047,2368,71,1,58843.42,0,58843.42
7048,2368,63,2,49208.12,20,78732.99
7049,2369,22,2,110532.12,0,221064.24
7050,2369,103,4,2011.93,15,6840.56
7051,2369,17,4,30939.34,10,111381.62
7052,2369,18,1,702.11,5,667.0
7053,2369,75,3,110385.22,15,281482.31
7054,2370,93,1,93446.13,15,79429.21
7055,2370,62,3,84917.09,5,242013.71
7056,2370,100,1,95649.15,5,90866.69
7057,2370,109,3,93069.65,5,265248.5
7058,2371,9,3,81702.42,15,208341.17
7059,2372,5,3,27139.36,15,69205.37
7060,2372,94,3,13417.8,15,34215.39
7061,2372,101,2,41990.85,20,67185.36
7062,2372,25,3,80193.7,5,228552.04
7063,2372,49,2,16434.02,20,26294.43
7064,2373,42,3,23735.01,5,67644.78
7065,2373,3,3,110255.0,10,297688.5
7066,2373,52,1,73711.95,0,73711.95
7067,2374,61,3,18524.26,20,44458.22
7068,2374,34,2,61585.29,0,123170.58
7069,2374,80,1,39618.64,0,39618.64
7070,2374,25,1,80193.7,20,64154.96
7071,2374,45,4,93521.24,20,299267.97
7072,2375,32,3,72996.06,20,175190.54
7073,2375,48,1,110137.67,0,110137.67
7074,2375,58,1,53064.77,10,47758.29
7075,2375,42,4,23735.01,0,94940.04
7076,2375,27,2,23424.89,10,42164.8
7077,2376,108,2,74101.53,15,125972.6
7078,2376,120,2,10730.75,10,19315.35
7079,2376,113,3,90181.92,10,243491.18
7080,2377,91,4,56071.56,20,179428.99
7081,2377,33,2,53293.43,5,101257.52
7082,2377,102,2,8740.33,20,13984.53
7083,2378,36,4,79830.53,0,319322.12
7084,2378,50,3,118553.15,10,320093.5
7085,2379,68,3,36184.21,0,108552.63
7086,2379,110,4,99175.28,5,376866.06
7087,2379,10,3,40072.41,5,114206.37
7088,2379,7,1,8795.78,10,7916.2
7089,2379,57,1,58409.34,5,55488.87
7090,2380,50,1,118553.15,20,94842.52
7091,2381,16,2,46530.85,15,79102.44
7092,2381,25,4,80193.7,10,288697.32
7093,2381,28,1,81439.49,5,77367.52
7094,2382,15,3,72941.96,15,186002.0
7095,2382,57,2,58409.34,20,93454.94
7096,2382,83,1,30646.45,10,27581.81
7097,2382,79,2,22216.62,10,39989.92
7098,2382,13,2,13454.1,5,25562.79
7099,2383,75,1,110385.22,10,99346.7
7100,2383,117,1,41170.49,10,37053.44
7101,2383,78,1,77308.58,0,77308.58
7102,2383,35,2,79232.66,20,126772.26
7103,2383,65,3,47042.48,15,119958.32
7104,2384,42,1,23735.01,5,22548.26
7105,2384,20,1,88576.0,0,88576.0
7106,2384,1,4,46213.74,10,166369.46
7107,2384,116,1,58762.22,5,55824.11
7108,2385,67,3,45955.53,20,110293.27
7109,2385,51,1,114029.73,20,91223.78
7110,2385,52,2,73711.95,15,125310.31
7111,2385,47,2,56013.71,20,89621.94
7112,2385,80,1,39618.64,5,37637.71
7113,2386,40,1,118080.35,10,106272.32
7114,2386,35,2,79232.66,5,150542.05
7115,2386,89,1,18709.69,20,14967.75
7116,2386,82,1,33751.67,0,33751.67
7117,2387,46,4,96591.13,20,309091.62
7118,2388,94,2,13417.8,5,25493.82
7119,2389,100,1,95649.15,5,90866.69
7120,2389,21,3,52040.04,5,148314.11
7121,2390,61,2,18524.26,20,29638.82
7122,2390,50,2,118553.15,20,189685.04
7123,2390,4,4,98554.1,15,335083.94
7124,2390,40,4,118080.35,15,401473.19
7125,2391,23,1,79774.8,0,79774.8
7126,2391,102,2,8740.33,5,16606.63
7127,2391,38,1,80899.08,10,72809.17
7128,2392,37,4,11659.77,5,44307.13
7129,2392,103,3,2011.93,10,5432.21
7130,2393,76,4,3722.49,5,14145.46
7131,2393,86,3,78192.22,5,222847.83
7132,2393,27,2,23424.89,20,37479.82
7133,2393,23,1,79774.8,20,63819.84
7134,2393,63,2,49208.12,20,78732.99
7135,2394,100,4,95649.15,20,306077.28
7136,2394,107,4,88188.54,20,282203.33
7137,2395,116,2,58762.22,0,117524.44
7138,2395,118,3,84291.46,20,202299.5
7139,2395,59,2,28521.98,0,57043.96
7140,2396,84,2,2816.3,10,5069.34
7141,2397,64,4,50185.02,10,180666.07
7142,2398,102,3,8740.33,15,22287.84
7143,2398,117,4,41170.49,20,131745.57
7144,2398,52,4,73711.95,15,250620.63
7145,2398,26,2,83816.41,0,167632.82
7146,2398,101,2,41990.85,20,67185.36
7147,2399,36,2,79830.53,10,143694.95
7148,2399,95,3,69307.71,10,187130.82
7149,2399,46,1,96591.13,5,91761.57
7150,2399,96,2,47900.21,0,95800.42
7151,2399,22,3,110532.12,20,265277.09
7152,2400,15,1,72941.96,0,72941.96
7153,2400,118,4,84291.46,15,286590.96
7154,2400,96,3,47900.21,10,129330.57
7155,2401,2,3,56747.46,0,170242.38
7156,2401,110,4,99175.28,5,376866.06
7157,2401,43,4,59578.07,5,226396.67
7158,2401,94,2,13417.8,5,25493.82
7159,2401,4,3,98554.1,5,280879.19
7160,2402,114,2,80348.52,5,152662.19
7161,2402,106,1,85023.38,5,80772.21
7162,2403,97,4,9581.58,10,34493.69
7163,2403,30,2,65978.5,0,131957.0
7164,2403,46,1,96591.13,5,91761.57
7165,2403,111,4,39015.4,10,140455.44
7166,2403,40,4,118080.35,5,448705.33
7167,2404,14,1,87561.13,20,70048.9
7168,2404,115,4,59569.63,5,226364.59
7169,2405,87,1,90630.87,5,86099.33
7170,2405,107,1,88188.54,20,70550.83
7171,2405,4,1,98554.1,5,93626.4
7172,2406,118,1,84291.46,5,80076.89
7173,2407,12,3,69880.47,15,178195.2
7174,2407,58,1,53064.77,15,45105.05
7175,2407,6,4,48116.68,20,153973.38
7176,2407,18,4,702.11,5,2668.02
7177,2407,67,2,45955.53,0,91911.06
7178,2408,25,4,80193.7,10,288697.32
7179,2408,83,2,30646.45,5,58228.25
7180,2408,40,3,118080.35,10,318816.95
7181,2409,38,4,80899.08,0,323596.32
7182,2410,43,3,59578.07,5,169797.5
7183,2410,96,1,47900.21,15,40715.18
7184,2410,59,2,28521.98,5,54191.76
7185,2411,49,4,16434.02,20,52588.86
7186,2411,102,4,8740.33,15,29717.12
7187,2411,100,4,95649.15,15,325207.11
7188,2411,10,4,40072.41,10,144260.68
7189,2412,102,1,8740.33,20,6992.26
7190,2412,28,2,81439.49,20,130303.18
7191,2413,36,3,79830.53,0,239491.59
7192,2414,83,4,30646.45,5,116456.51
7193,2415,32,1,72996.06,10,65696.45
7194,2416,99,3,102110.04,5,291013.61
7195,2417,25,4,80193.7,0,320774.8
7196,2417,99,3,102110.04,10,275697.11
7197,2417,31,1,34786.19,15,29568.26
7198,2417,75,2,110385.22,20,176616.35
7199,2417,24,3,108055.6,15,275541.78
7200,2418,99,3,102110.04,5,291013.61
7201,2419,88,3,24323.6,5,69322.26
7202,2419,84,3,2816.3,10,7604.01
7203,2419,45,3,93521.24,0,280563.72
7204,2420,69,2,64817.36,5,123152.98
7205,2420,103,1,2011.93,0,2011.93
7206,2420,76,1,3722.49,15,3164.12
7207,2420,119,2,1713.06,0,3426.12
7208,2420,113,3,90181.92,0,270545.76
7209,2421,52,4,73711.95,10,265363.02
7210,2421,14,4,87561.13,20,280195.62
7211,2421,89,1,18709.69,10,16838.72
7212,2422,54,2,53786.68,10,96816.02
7213,2422,33,3,53293.43,15,135898.25
7214,2422,35,1,79232.66,10,71309.39
7215,2422,20,4,88576.0,15,301158.4
7216,2422,56,1,100863.62,0,100863.62
7217,2423,32,3,72996.06,15,186139.95
7218,2423,21,1,52040.04,10,46836.04
7219,2424,85,4,119988.99,10,431960.36
7220,2424,55,1,54283.34,5,51569.17
7221,2424,99,1,102110.04,10,91899.04
7222,2424,68,2,36184.21,20,57894.74
7223,2425,74,2,87039.67,10,156671.41
7224,2425,19,4,64845.01,0,259380.04
7225,2425,34,3,61585.29,20,147804.7
7226,2425,52,1,73711.95,0,73711.95
7227,2425,108,2,74101.53,0,148203.06
7228,2426,119,4,1713.06,10,6167.02
7229,2426,46,1,96591.13,20,77272.9
7230,2426,89,1,18709.69,5,17774.21
7231,2427,116,4,58762.22,10,211543.99
7232,2427,98,2,12677.21,5,24086.7
7233,2428,27,3,23424.89,0,70274.67
7234,2428,49,2,16434.02,5,31224.64
7235,2428,18,1,702.11,0,702.11
7236,2429,4,1,98554.1,15,83770.99
7237,2429,49,1,16434.02,5,15612.32
7238,2430,10,3,40072.41,10,108195.51
7239,2430,87,2,90630.87,15,154072.48
7240,2431,86,4,78192.22,0,312768.88
7241,2431,18,1,702.11,15,596.79
7242,2431,41,1,54922.23,10,49430.01
7243,2432,69,3,64817.36,10,175006.87
7244,2433,17,1,30939.34,20,24751.47
7245,2433,93,1,93446.13,10,84101.52
7246,2433,83,3,30646.45,0,91939.35
7247,2433,80,2,39618.64,5,75275.42
7248,2433,48,2,110137.67,5,209261.57
7249,2434,89,2,18709.69,10,33677.44
7250,2435,41,1,54922.23,20,43937.78
7251,2435,6,4,48116.68,5,182843.38
7252,2435,112,3,33831.93,10,91346.21
7253,2435,64,3,50185.02,5,143027.31
7254,2436,37,3,11659.77,20,27983.45
7255,2436,100,4,95649.15,10,344336.94
7256,2436,117,2,41170.49,0,82340.98
7257,2437,69,4,64817.36,10,233342.5
7258,2437,112,4,33831.93,5,128561.33
7259,2437,66,4,113554.41,10,408795.88
7260,2437,119,3,1713.06,5,4882.22
7261,2437,18,4,702.11,15,2387.17
7262,2438,75,1,110385.22,5,104865.96
7263,2439,104,2,13111.9,20,20979.04
7264,2439,46,4,96591.13,0,386364.52
7265,2439,94,1,13417.8,15,11405.13
7266,2440,19,1,64845.01,15,55118.26
7267,2440,51,3,114029.73,5,324984.73
7268,2440,18,1,702.11,15,596.79
7269,2440,47,1,56013.71,5,53213.02
7270,2440,86,2,78192.22,10,140746.0
7271,2441,66,2,113554.41,15,193042.5
7272,2441,120,3,10730.75,5,30582.64
7273,2441,68,2,36184.21,15,61513.16
7274,2441,34,1,61585.29,15,52347.5
7275,2441,35,3,79232.66,20,190158.38
7276,2442,46,1,96591.13,5,91761.57
7277,2442,108,4,74101.53,5,281585.81
7278,2442,59,1,28521.98,15,24243.68
7279,2442,94,3,13417.8,5,38240.73
7280,2442,65,4,47042.48,0,188169.92
7281,2443,77,4,67944.84,5,258190.39
7282,2443,27,4,23424.89,15,79644.63
7283,2444,36,4,79830.53,10,287389.91
7284,2445,11,2,105306.09,5,200081.57
7285,2445,16,2,46530.85,0,93061.7
7286,2445,3,4,110255.0,10,396918.0
7287,2445,45,3,93521.24,20,224450.98
7288,2445,1,3,46213.74,5,131709.16
7289,2446,27,2,23424.89,10,42164.8
7290,2446,80,3,39618.64,5,112913.12
7291,2447,78,2,77308.58,0,154617.16
7292,2447,54,3,53786.68,0,161360.04
7293,2448,33,2,53293.43,10,95928.17
7294,2449,112,1,33831.93,10,30448.74
7295,2449,64,3,50185.02,15,127971.8
7296,2450,25,1,80193.7,20,64154.96
7297,2450,9,3,81702.42,0,245107.26
7298,2450,72,4,58534.22,20,187309.5
7299,2450,59,2,28521.98,5,54191.76
7300,2450,29,4,74054.03,15,251783.7
7301,2451,11,3,105306.09,0,315918.27
7302,2451,95,2,69307.71,15,117823.11
7303,2451,40,3,118080.35,20,283392.84
7304,2452,1,1,46213.74,15,39281.68
7305,2453,67,3,45955.53,10,124079.93
7306,2454,27,3,23424.89,20,56219.74
7307,2454,10,4,40072.41,10,144260.68
7308,2455,2,1,56747.46,15,48235.34
7309,2455,105,1,76452.42,20,61161.94
7310,2456,16,1,46530.85,0,46530.85
7311,2456,29,4,74054.03,20,236972.9
7312,2456,120,4,10730.75,15,36484.55
7313,2457,76,3,3722.49,20,8933.98
7314,2458,116,4,58762.22,15,199791.55
7315,2458,32,3,72996.06,15,186139.95
7316,2459,117,2,41170.49,0,82340.98
7317,2459,16,3,46530.85,5,132612.92
7318,2459,37,3,11659.77,10,31481.38
7319,2459,99,1,102110.04,10,91899.04
7320,2459,89,4,18709.69,5,71096.82
7321,2460,110,3,99175.28,0,297525.84
7322,2460,74,4,87039.67,15,295934.88
7323,2461,73,3,80430.4,20,193032.96
7324,2461,66,3,113554.41,15,289563.75
7325,2461,95,3,69307.71,20,166338.5
7326,2461,107,1,88188.54,0,88188.54
7327,2462,65,4,47042.48,20,150535.94
7328,2463,61,3,18524.26,20,44458.22
7329,2463,7,2,8795.78,0,17591.56
7330,2463,10,4,40072.41,10,144260.68
7331,2463,21,3,52040.04,20,124896.1
7332,2464,1,2,46213.74,15,78563.36
7333,2464,38,3,80899.08,0,242697.24
7334,2464,6,4,48116.68,10,173220.05
7335,2464,62,4,84917.09,20,271734.69
7336,2465,61,3,18524.26,15,47236.86
7337,2465,27,1,23424.89,5,22253.65
7338,2466,4,3,98554.1,15,251312.96
7339,2467,24,4,108055.6,15,367389.04
7340,2467,44,1,78898.93,0,78898.93
7341,2467,100,1,95649.15,10,86084.24
7342,2468,26,3,83816.41,0,251449.23
7343,2469,56,3,100863.62,20,242072.69
7344,2469,94,4,13417.8,15,45620.52
7345,2469,120,1,10730.75,15,9121.14
7346,2470,107,3,88188.54,5,251337.34
7347,2471,40,4,118080.35,20,377857.12
7348,2471,115,4,59569.63,0,238278.52
7349,2471,37,4,11659.77,5,44307.13
7350,2471,26,4,83816.41,15,284975.79
7351,2472,33,4,53293.43,15,181197.66
7352,2472,48,1,110137.67,20,88110.14
7353,2472,107,2,88188.54,10,158739.37
7354,2473,47,3,56013.71,0,168041.13
7355,2473,113,4,90181.92,5,342691.3
7356,2473,30,4,65978.5,5,250718.3
7357,2473,81,3,40831.32,20,97995.17
7358,2473,9,2,81702.42,0,163404.84
7359,2474,115,1,59569.63,10,53612.67
7360,2474,108,1,74101.53,0,74101.53
7361,2474,105,4,76452.42,0,305809.68
7362,2474,118,2,84291.46,5,160153.77
7363,2474,21,1,52040.04,10,46836.04
7364,2475,47,3,56013.71,0,168041.13
7365,2476,76,1,3722.49,15,3164.12
7366,2476,108,3,74101.53,10,200074.13
7367,2476,30,4,65978.5,15,224326.9
7368,2476,74,4,87039.67,15,295934.88
7369,2476,11,4,105306.09,10,379101.92
7370,2477,6,1,48116.68,20,38493.34
7371,2477,72,3,58534.22,5,166822.53
7372,2477,46,4,96591.13,10,347728.07
7373,2477,17,3,30939.34,10,83536.22
7374,2478,69,4,64817.36,5,246305.97
7375,2478,67,4,45955.53,10,165439.91
7376,2478,64,3,50185.02,10,135499.55
7377,2478,68,2,36184.21,5,68750.0
7378,2478,18,1,702.11,15,596.79
7379,2479,77,4,67944.84,5,258190.39
7380,2479,106,4,85023.38,10,306084.17
7381,2480,75,2,110385.22,5,209731.92
7382,2480,5,1,27139.36,10,24425.42
7383,2481,31,1,34786.19,0,34786.19
7384,2481,106,1,85023.38,0,85023.38
7385,2482,69,3,64817.36,10,175006.87
7386,2482,42,2,23735.01,10,42723.02
7387,2482,44,3,78898.93,5,224861.95
7388,2482,67,4,45955.53,0,183822.12
7389,2482,64,3,50185.02,0,150555.06
7390,2483,91,1,56071.56,15,47660.83
7391,2483,67,2,45955.53,20,73528.85
7392,2483,28,4,81439.49,0,325757.96
7393,2483,41,2,54922.23,10,98860.01
7394,2484,104,3,13111.9,20,31468.56
7395,2484,108,4,74101.53,10,266765.51
7396,2485,77,1,67944.84,15,57753.11
7397,2486,76,4,3722.49,20,11911.97
7398,2486,26,3,83816.41,5,238876.77
7399,2487,56,1,100863.62,0,100863.62
7400,2487,62,1,84917.09,5,80671.24
7401,2488,110,2,99175.28,0,198350.56
7402,2488,93,2,93446.13,20,149513.81
7403,2488,95,4,69307.71,5,263369.3
7404,2489,116,4,58762.22,5,223296.44
7405,2489,46,3,96591.13,10,260796.05
7406,2489,94,4,13417.8,5,50987.64
7407,2490,78,3,77308.58,0,231925.74
7408,2490,28,2,81439.49,10,146591.08
7409,2491,36,1,79830.53,5,75839.0
7410,2492,108,2,74101.53,0,148203.06
7411,2492,37,2,11659.77,10,20987.59
7412,2492,9,3,81702.42,5,232851.9
7413,2492,87,3,90630.87,0,271892.61
7414,2492,36,4,79830.53,10,287389.91
7415,2493,110,4,99175.28,0,396701.12
7416,2494,4,1,98554.1,15,83770.99
7417,2495,97,4,9581.58,15,32577.37
7418,2495,112,2,33831.93,15,57514.28
7419,2496,57,4,58409.34,5,221955.49
7420,2496,46,3,96591.13,10,260796.05
7421,2497,53,2,51495.52,20,82392.83
7422,2497,55,2,54283.34,20,86853.34
7423,2497,14,2,87561.13,20,140097.81
7424,2497,44,3,78898.93,5,224861.95
7425,2498,27,3,23424.89,5,66760.94
7426,2499,79,2,22216.62,10,39989.92
7427,2499,83,4,30646.45,15,104197.93
7428,2499,114,2,80348.52,5,152662.19
7429,2499,43,1,59578.07,5,56599.17
7430,2499,65,1,47042.48,5,44690.36
7431,2500,90,1,80500.33,10,72450.3
7432,2500,101,2,41990.85,0,83981.7
7433,2500,47,1,56013.71,15,47611.65
7434,2500,41,2,54922.23,5,104352.24
7435,2500,60,1,107216.71,15,91134.2
7436,2501,107,4,88188.54,10,317478.74
7437,2501,33,2,53293.43,15,90598.83
7438,2501,25,3,80193.7,10,216522.99
7439,2502,12,1,69880.47,0,69880.47
7440,2502,33,4,53293.43,5,202515.03
7441,2502,19,2,64845.01,15,110236.52
7442,2502,21,4,52040.04,20,166528.13
7443,2502,89,2,18709.69,10,33677.44
7444,2503,41,2,54922.23,5,104352.24
7445,2503,86,3,78192.22,5,222847.83
7446,2503,62,1,84917.09,0,84917.09
7447,2503,14,1,87561.13,20,70048.9
7448,2503,8,1,42461.96,0,42461.96
7449,2504,83,3,30646.45,10,82745.42
7450,2504,61,4,18524.26,10,66687.34
7451,2504,120,4,10730.75,0,42923.0
7452,2504,58,4,53064.77,5,201646.13
7453,2505,82,3,33751.67,15,86066.76
7454,2505,28,3,81439.49,15,207670.7
7455,2505,29,3,74054.03,0,222162.09
7456,2505,24,3,108055.6,10,291750.12
7457,2506,41,1,54922.23,20,43937.78
7458,2506,97,3,9581.58,0,28744.74
7459,2507,117,3,41170.49,15,104984.75
7460,2507,75,1,110385.22,0,110385.22
7461,2507,53,2,51495.52,5,97841.49
7462,2508,67,2,45955.53,0,91911.06
7463,2508,33,1,53293.43,20,42634.74
7464,2508,82,2,33751.67,5,64128.17
7465,2509,82,4,33751.67,5,128256.35
7466,2509,48,2,110137.67,15,187234.04
7467,2509,108,4,74101.53,15,251945.2
7468,2509,93,1,93446.13,10,84101.52
7469,2509,26,1,83816.41,10,75434.77
7470,2510,70,1,96084.25,5,91280.04
7471,2511,80,2,39618.64,10,71313.55
7472,2512,82,3,33751.67,20,81004.01
7473,2512,48,4,110137.67,5,418523.15
7474,2512,5,3,27139.36,0,81418.08
7475,2512,12,4,69880.47,15,237593.6
7476,2512,92,3,20550.8,5,58569.78
7477,2513,97,4,9581.58,20,30661.06
7478,2513,64,1,50185.02,0,50185.02
7479,2513,52,4,73711.95,20,235878.24
7480,2514,40,1,118080.35,20,94464.28
7481,2514,89,3,18709.69,5,53322.62
7482,2514,72,4,58534.22,20,187309.5
7483,2514,29,2,74054.03,10,133297.25
7484,2514,56,1,100863.62,20,80690.9
7485,2515,49,2,16434.02,5,31224.64
7486,2515,73,2,80430.4,10,144774.72
7487,2516,105,1,76452.42,10,68807.18
7488,2516,92,4,20550.8,5,78093.04
7489,2516,78,2,77308.58,5,146886.3
7490,2516,22,3,110532.12,10,298436.72
7491,2516,61,4,18524.26,15,62982.48
7492,2517,94,1,13417.8,15,11405.13
7493,2517,96,4,47900.21,5,182020.8
7494,2517,50,4,118553.15,20,379370.08
7495,2517,12,4,69880.47,20,223617.5
7496,2517,70,2,96084.25,10,172951.65
7497,2518,47,3,56013.71,15,142834.96
7498,2518,11,1,105306.09,5,100040.79
7499,2518,67,3,45955.53,10,124079.93
7500,2518,55,1,54283.34,20,43426.67
7501,2518,80,2,39618.64,5,75275.42
7502,2519,35,4,79232.66,20,253544.51
7503,2519,61,1,18524.26,5,17598.05
7504,2520,71,2,58843.42,5,111802.5
7505,2520,104,1,13111.9,0,13111.9
7506,2520,1,4,46213.74,5,175612.21
7507,2520,12,1,69880.47,20,55904.38
7508,2520,100,3,95649.15,5,272600.08
7509,2521,10,2,40072.41,5,76137.58
7510,2521,119,4,1713.06,5,6509.63
7511,2522,63,2,49208.12,5,93495.43
7512,2522,6,1,48116.68,20,38493.34
7513,2523,45,2,93521.24,0,187042.48
7514,2523,78,4,77308.58,15,262849.17
7515,2523,3,3,110255.0,15,281150.25
7516,2523,115,1,59569.63,0,59569.63
7517,2523,109,1,93069.65,0,93069.65
7518,2524,38,3,80899.08,20,194157.79
7519,2524,109,2,93069.65,10,167525.37
7520,2525,93,4,93446.13,20,299027.62
7521,2525,64,1,50185.02,0,50185.02
7522,2525,39,4,18108.8,0,72435.2
7523,2526,116,3,58762.22,0,176286.66
7524,2526,5,1,27139.36,20,21711.49
7525,2527,83,2,30646.45,0,61292.9
7526,2527,15,4,72941.96,0,291767.84
7527,2527,23,1,79774.8,10,71797.32
7528,2527,108,2,74101.53,5,140792.91
7529,2527,27,3,23424.89,0,70274.67
7530,2528,21,1,52040.04,5,49438.04
7531,2528,47,1,56013.71,5,53213.02
7532,2528,19,1,64845.01,0,64845.01
7533,2528,84,4,2816.3,15,9575.42
7534,2529,22,4,110532.12,15,375809.21
7535,2529,114,1,80348.52,0,80348.52
7536,2530,102,4,8740.33,5,33213.25
7537,2530,107,1,88188.54,5,83779.11
7538,2530,95,3,69307.71,0,207923.13
7539,2530,69,3,64817.36,5,184729.48
7540,2531,22,3,110532.12,0,331596.36
7541,2531,6,4,48116.68,10,173220.05
7542,2532,78,3,77308.58,0,231925.74
7543,2533,68,3,36184.21,20,86842.1
7544,2534,65,4,47042.48,0,188169.92
7545,2534,33,1,53293.43,20,42634.74
7546,2534,56,2,100863.62,0,201727.24
7547,2534,58,4,53064.77,15,180420.22
7548,2535,42,1,23735.01,0,23735.01
7549,2535,92,4,20550.8,5,78093.04
7550,2535,115,4,59569.63,5,226364.59
7551,2536,16,2,46530.85,5,88408.61
7552,2537,4,2,98554.1,15,167541.97
7553,2537,55,1,54283.34,0,54283.34
7554,2537,115,1,59569.63,10,53612.67
7555,2538,82,4,33751.67,0,135006.68
7556,2538,92,1,20550.8,15,17468.18
7557,2538,107,1,88188.54,15,74960.26
7558,2538,35,3,79232.66,20,190158.38
7559,2539,21,3,52040.04,0,156120.12
7560,2540,70,1,96084.25,20,76867.4
7561,2540,85,1,119988.99,0,119988.99
7562,2541,60,1,107216.71,20,85773.37
7563,2541,57,3,58409.34,5,166466.62
7564,2541,54,3,53786.68,20,129088.03
7565,2541,116,4,58762.22,0,235048.88
7566,2542,40,4,118080.35,15,401473.19
7567,2542,43,1,59578.07,5,56599.17
7568,2542,10,2,40072.41,5,76137.58
7569,2542,120,1,10730.75,10,9657.68
7570,2543,59,2,28521.98,5,54191.76
7571,2543,85,1,119988.99,20,95991.19
7572,2543,18,3,702.11,20,1685.06
7573,2543,42,2,23735.01,20,37976.02
7574,2544,59,2,28521.98,5,54191.76
7575,2544,22,3,110532.12,15,281856.91
7576,2545,74,4,87039.67,15,295934.88
7577,2545,65,2,47042.48,20,75267.97
7578,2546,87,2,90630.87,20,145009.39
7579,2546,59,2,28521.98,10,51339.56
7580,2547,54,2,53786.68,15,91437.36
7581,2547,85,2,119988.99,10,215980.18
7582,2547,59,2,28521.98,5,54191.76
7583,2547,52,3,73711.95,0,221135.85
7584,2547,22,4,110532.12,5,420022.06
7585,2548,34,2,61585.29,0,123170.58
7586,2549,52,4,73711.95,5,280105.41
7587,2549,22,2,110532.12,5,210011.03
7588,2550,95,3,69307.71,5,197526.97
7589,2551,114,3,80348.52,20,192836.45
7590,2551,74,3,87039.67,15,221951.16
7591,2551,34,3,61585.29,5,175518.08
7592,2552,116,3,58762.22,0,176286.66
7593,2553,23,3,79774.8,5,227358.18
7594,2553,116,4,58762.22,5,223296.44
7595,2553,33,3,53293.43,15,135898.25
7596,2553,85,2,119988.99,10,215980.18
7597,2553,50,2,118553.15,20,189685.04
7598,2554,110,1,99175.28,15,84298.99
7599,2554,1,3,46213.74,0,138641.22
7600,2555,23,1,79774.8,10,71797.32
7601,2555,118,4,84291.46,20,269732.67
7602,2555,88,2,24323.6,10,43782.48
7603,2555,115,3,59569.63,5,169773.45
7604,2555,31,1,34786.19,0,34786.19
7605,2556,96,4,47900.21,5,182020.8
7606,2556,62,3,84917.09,5,242013.71
7607,2557,50,4,118553.15,5,450501.97
7608,2557,15,4,72941.96,10,262591.06
7609,2557,93,1,93446.13,5,88773.82
7610,2557,4,1,98554.1,20,78843.28
7611,2557,49,4,16434.02,20,52588.86
7612,2558,57,1,58409.34,0,58409.34
7613,2558,11,1,105306.09,5,100040.79
7614,2558,45,3,93521.24,0,280563.72
7615,2559,24,4,108055.6,5,410611.28
7616,2560,8,4,42461.96,0,169847.84
7617,2560,71,3,58843.42,20,141224.21
7618,2561,98,4,12677.21,20,40567.07
7619,2561,49,3,16434.02,5,46836.96
7620,2561,80,1,39618.64,0,39618.64
7621,2561,78,1,77308.58,10,69577.72
7622,2562,29,2,74054.03,20,118486.45
7623,2562,108,4,74101.53,0,296406.12
7624,2562,63,3,49208.12,20,118099.49
7625,2562,22,3,110532.12,5,315016.54
7626,2563,59,4,28521.98,15,96974.73
7627,2563,42,2,23735.01,15,40349.52
7628,2563,85,2,119988.99,20,191982.38
7629,2564,83,4,30646.45,15,104197.93
7630,2564,69,4,64817.36,0,259269.44
7631,2564,109,4,93069.65,10,335050.74
7632,2564,107,1,88188.54,0,88188.54
7633,2564,27,3,23424.89,20,56219.74
7634,2565,105,1,76452.42,5,72629.8
7635,2565,109,3,93069.65,15,237327.61
7636,2565,30,1,65978.5,5,62679.57
7637,2566,54,4,53786.68,15,182874.71
7638,2566,28,1,81439.49,15,69223.57
7639,2566,46,3,96591.13,0,289773.39
7640,2566,40,2,118080.35,0,236160.7
7641,2566,87,1,90630.87,0,90630.87
7642,2567,108,1,74101.53,20,59281.22
7643,2567,84,1,2816.3,5,2675.49
7644,2567,37,3,11659.77,10,31481.38
7645,2568,42,3,23735.01,5,67644.78
7646,2568,52,3,73711.95,5,210079.06
7647,2569,5,4,27139.36,10,97701.7
7648,2569,106,3,85023.38,15,216809.62
7649,2569,58,2,53064.77,15,90210.11
7650,2570,43,3,59578.07,15,151924.08
7651,2570,105,4,76452.42,20,244647.74
7652,2571,110,2,99175.28,20,158680.45
7653,2571,62,3,84917.09,20,203801.02
7654,2572,33,1,53293.43,5,50628.76
7655,2572,87,1,90630.87,5,86099.33
7656,2572,112,3,33831.93,10,91346.21
7657,2572,75,1,110385.22,15,93827.44
7658,2573,37,4,11659.77,20,37311.26
7659,2573,19,3,64845.01,15,165354.78
7660,2574,87,4,90630.87,15,308144.96
7661,2574,78,2,77308.58,10,139155.44
7662,2575,96,1,47900.21,20,38320.17
7663,2575,22,3,110532.12,5,315016.54
7664,2575,3,1,110255.0,15,93716.75
7665,2575,35,2,79232.66,5,150542.05
7666,2576,25,2,80193.7,15,136329.29
7667,2576,58,3,53064.77,20,127355.45
7668,2576,19,2,64845.01,5,123205.52
7669,2576,67,1,45955.53,10,41359.98
7670,2577,32,2,72996.06,5,138692.51
7671,2578,32,4,72996.06,0,291984.24
7672,2578,54,2,53786.68,0,107573.36
7673,2578,84,2,2816.3,0,5632.6
7674,2579,75,2,110385.22,15,187654.87
7675,2580,98,3,12677.21,10,34228.47
7676,2580,59,3,28521.98,10,77009.35
7677,2580,49,3,16434.02,20,39441.65
7678,2581,26,1,83816.41,0,83816.41
7679,2581,46,1,96591.13,5,91761.57
7680,2581,99,4,102110.04,20,326752.13
7681,2582,80,2,39618.64,5,75275.42
7682,2582,94,1,13417.8,5,12746.91
7683,2582,97,3,9581.58,0,28744.74
7684,2582,18,3,702.11,20,1685.06
7685,2582,25,3,80193.7,10,216522.99
7686,2583,18,1,702.11,15,596.79
7687,2583,103,4,2011.93,10,7242.95
7688,2583,102,1,8740.33,10,7866.3
7689,2583,55,1,54283.34,10,48855.01
7690,2584,72,3,58534.22,5,166822.53
7691,2584,32,4,72996.06,20,233587.39
7692,2584,95,4,69307.71,5,263369.3
7693,2585,45,1,93521.24,5,88845.18
7694,2585,22,2,110532.12,10,198957.82
7695,2586,70,3,96084.25,20,230602.2
7696,2586,24,1,108055.6,20,86444.48
7697,2586,69,3,64817.36,20,155561.66
7698,2587,36,3,79830.53,10,215542.43
7699,2587,41,4,54922.23,10,197720.03
7700,2587,108,3,74101.53,5,211189.36
7701,2587,105,2,76452.42,20,122323.87
7702,2587,51,1,114029.73,0,114029.73
7703,2588,49,3,16434.02,15,41906.75
7704,2588,64,1,50185.02,0,50185.02
7705,2588,69,4,64817.36,15,220379.02
7706,2588,47,3,56013.71,0,168041.13
7707,2588,43,1,59578.07,10,53620.26
7708,2589,63,3,49208.12,0,147624.36
7709,2589,19,2,64845.01,20,103752.02
7710,2589,98,1,12677.21,0,12677.21
7711,2589,83,3,30646.45,0,91939.35
7712,2590,6,4,48116.68,0,192466.72
7713,2590,87,2,90630.87,10,163135.57
7714,2590,32,1,72996.06,15,62046.65
7715,2590,14,2,87561.13,0,175122.26
7716,2591,37,2,11659.77,5,22153.56
7717,2591,83,4,30646.45,15,104197.93
7718,2591,23,3,79774.8,0,239324.4
7719,2592,45,3,93521.24,15,238479.16
7720,2593,54,3,53786.68,0,161360.04
7721,2593,72,2,58534.22,15,99508.17
7722,2593,75,2,110385.22,15,187654.87
7723,2593,115,3,59569.63,15,151902.56
7724,2594,15,2,72941.96,5,138589.72
7725,2594,111,3,39015.4,15,99489.27
7726,2594,117,2,41170.49,5,78223.93
7727,2594,10,2,40072.41,10,72130.34
7728,2595,9,2,81702.42,15,138894.11
7729,2595,76,4,3722.49,10,13400.96
7730,2595,17,4,30939.34,20,99005.89
7731,2595,11,4,105306.09,20,336979.49
7732,2596,11,4,105306.09,5,400163.14
7733,2596,74,1,87039.67,10,78335.7
7734,2597,98,1,12677.21,15,10775.63
7735,2597,45,3,93521.24,5,266535.53
7736,2598,15,4,72941.96,15,248002.66
7737,2599,88,3,24323.6,10,65673.72
7738,2599,84,2,2816.3,15,4787.71
7739,2599,3,1,110255.0,15,93716.75
7740,2599,108,2,74101.53,5,140792.91
7741,2600,63,4,49208.12,20,157465.98
7742,2600,59,3,28521.98,5,81287.64
7743,2600,48,3,110137.67,0,330413.01
7744,2601,61,1,18524.26,5,17598.05
7745,2601,27,2,23424.89,10,42164.8
7746,2602,27,2,23424.89,5,44507.29
7747,2602,96,3,47900.21,15,122145.54
7748,2602,102,1,8740.33,0,8740.33
7749,2602,42,2,23735.01,0,47470.02
7750,2603,43,1,59578.07,20,47662.46
7751,2603,65,3,47042.48,5,134071.07
7752,2603,86,1,78192.22,0,78192.22
7753,2603,53,1,51495.52,5,48920.74
7754,2603,18,1,702.11,15,596.79
7755,2604,51,3,114029.73,15,290775.81
7756,2604,84,2,2816.3,20,4506.08
7757,2605,66,2,113554.41,15,193042.5
7758,2605,36,1,79830.53,5,75839.0
7759,2605,44,3,78898.93,0,236696.79
7760,2605,2,2,56747.46,15,96470.68
7761,2605,25,3,80193.7,5,228552.04
7762,2606,95,4,69307.71,10,249507.76
7763,2606,44,4,78898.93,15,268256.36
7764,2606,17,1,30939.34,20,24751.47
7765,2607,59,2,28521.98,15,48487.37
7766,2607,72,3,58534.22,5,166822.53
7767,2607,8,3,42461.96,20,101908.7
7768,2607,102,3,8740.33,20,20976.79
7769,2607,9,1,81702.42,20,65361.94
7770,2608,42,1,23735.01,10,21361.51
7771,2609,52,1,73711.95,15,62655.16
7772,2609,93,3,93446.13,15,238287.63
7773,2610,14,3,87561.13,10,236415.05
7774,2610,108,1,74101.53,5,70396.45
7775,2610,73,3,80430.4,20,193032.96
7776,2610,84,3,2816.3,20,6759.12
7777,2611,62,4,84917.09,0,339668.36
7778,2611,107,2,88188.54,20,141101.66
7779,2611,104,4,13111.9,10,47202.84
7780,2611,53,3,51495.52,0,154486.56
7781,2612,96,2,47900.21,5,91010.4
7782,2612,57,3,58409.34,20,140182.42
7783,2612,66,2,113554.41,15,193042.5
7784,2612,25,1,80193.7,0,80193.7
7785,2613,72,3,58534.22,5,166822.53
7786,2614,1,2,46213.74,0,92427.48
7787,2614,86,2,78192.22,5,148565.22
7788,2615,55,4,54283.34,5,206276.69
7789,2615,51,1,114029.73,5,108328.24
7790,2615,110,4,99175.28,5,376866.06
7791,2615,62,3,84917.09,10,229276.14
7792,2615,29,2,74054.03,15,125891.85
7793,2616,45,4,93521.24,10,336676.46
7794,2617,34,4,61585.29,5,234024.1
7795,2617,51,2,114029.73,0,228059.46
7796,2617,105,4,76452.42,10,275228.71
7797,2618,84,1,2816.3,10,2534.67
7798,2618,69,4,64817.36,20,207415.55
7799,2618,64,1,50185.02,0,50185.02
7800,2618,96,2,47900.21,10,86220.38
7801,2618,31,2,34786.19,0,69572.38
7802,2619,100,1,95649.15,20,76519.32
7803,2619,66,3,113554.41,20,272530.58
7804,2619,115,1,59569.63,10,53612.67
7805,2619,7,1,8795.78,0,8795.78
7806,2620,6,1,48116.68,0,48116.68
7807,2621,33,2,53293.43,10,95928.17
7808,2621,51,4,114029.73,10,410507.03
7809,2621,57,2,58409.34,15,99295.88
7810,2622,27,1,23424.89,20,18739.91
7811,2623,26,1,83816.41,10,75434.77
7812,2624,12,1,69880.47,5,66386.45
7813,2625,37,4,11659.77,20,37311.26
7814,2625,9,1,81702.42,5,77617.3
7815,2625,106,2,85023.38,5,161544.42
7816,2625,24,4,108055.6,15,367389.04
7817,2625,41,4,54922.23,15,186735.58
7818,2626,74,2,87039.67,10,156671.41
7819,2626,41,1,54922.23,5,52176.12
7820,2626,115,4,59569.63,20,190622.82
7821,2626,108,2,74101.53,20,118562.45
7822,2626,10,4,40072.41,10,144260.68
7823,2627,31,2,34786.19,20,55657.9
7824,2627,21,4,52040.04,0,208160.16
7825,2627,89,2,18709.69,15,31806.47
7826,2627,97,4,9581.58,5,36410.0
7827,2628,11,2,105306.09,0,210612.18
7828,2628,71,1,58843.42,15,50016.91
7829,2628,42,4,23735.01,0,94940.04
7830,2628,16,3,46530.85,15,118653.67
7831,2628,29,4,74054.03,15,251783.7
7832,2629,71,2,58843.42,0,117686.84
7833,2629,78,2,77308.58,20,123693.73
7834,2629,18,4,702.11,10,2527.6
7835,2629,98,4,12677.21,10,45637.96
7836,2629,5,1,27139.36,10,24425.42
7837,2630,57,1,58409.34,20,46727.47
7838,2630,63,2,49208.12,10,88574.62
7839,2630,68,4,36184.21,5,137500.0
7840,2630,62,4,84917.09,10,305701.52
7841,2631,34,3,61585.29,10,166280.28
7842,2631,90,2,80500.33,15,136850.56
7843,2631,47,3,56013.71,5,159639.07
7844,2631,13,3,13454.1,15,34307.96
7845,2632,93,1,93446.13,0,93446.13
7846,2632,54,3,53786.68,0,161360.04
7847,2633,70,3,96084.25,0,288252.75
7848,2633,111,3,39015.4,15,99489.27
7849,2634,97,1,9581.58,20,7665.26
7850,2634,111,2,39015.4,20,62424.64
7851,2634,109,2,93069.65,0,186139.3
7852,2634,69,2,64817.36,10,116671.25
7853,2635,32,3,72996.06,10,197089.36
7854,2636,80,2,39618.64,10,71313.55
7855,2636,114,3,80348.52,15,204888.73
7856,2636,47,1,56013.71,10,50412.34
7857,2637,52,1,73711.95,5,70026.35
7858,2637,25,2,80193.7,10,144348.66
7859,2638,99,4,102110.04,20,326752.13
7860,2638,21,4,52040.04,10,187344.14
7861,2638,92,4,20550.8,15,69872.72
7862,2638,119,2,1713.06,5,3254.81
7863,2639,72,2,58534.22,15,99508.17
7864,2639,97,1,9581.58,20,7665.26
7865,2639,57,2,58409.34,0,116818.68
7866,2639,112,2,33831.93,5,64280.67
7867,2640,18,1,702.11,15,596.79
7868,2640,66,2,113554.41,10,204397.94
7869,2641,44,1,78898.93,20,63119.14
7870,2641,48,2,110137.67,10,198247.81
7871,2641,36,2,79830.53,0,159661.06
7872,2642,116,2,58762.22,20,94019.55
7873,2642,118,2,84291.46,15,143295.48
7874,2643,58,4,53064.77,10,191033.17
7875,2643,75,4,110385.22,0,441540.88
7876,2643,105,4,76452.42,20,244647.74
7877,2644,8,2,42461.96,20,67939.14
7878,2644,68,4,36184.21,20,115789.47
7879,2644,54,3,53786.68,15,137156.03
7880,2645,106,1,85023.38,20,68018.7
7881,2645,112,2,33831.93,10,60897.47
7882,2645,69,4,64817.36,5,246305.97
7883,2645,23,3,79774.8,15,203425.74
7884,2645,27,4,23424.89,5,89014.58
7885,2646,50,4,118553.15,5,450501.97
7886,2646,6,4,48116.68,5,182843.38
7887,2646,14,1,87561.13,5,83183.07
7888,2647,37,1,11659.77,15,9910.8
7889,2647,74,2,87039.67,10,156671.41
7890,2647,11,2,105306.09,0,210612.18
7891,2647,81,2,40831.32,0,81662.64
7892,2648,23,3,79774.8,10,215391.96
7893,2648,97,3,9581.58,10,25870.27
7894,2648,19,1,64845.01,10,58360.51
7895,2648,68,1,36184.21,20,28947.37
7896,2649,10,1,40072.41,0,40072.41
7897,2649,98,3,12677.21,20,30425.3
7898,2649,108,4,74101.53,0,296406.12
7899,2650,111,1,39015.4,10,35113.86
7900,2650,50,4,118553.15,20,379370.08
7901,2651,66,1,113554.41,15,96521.25
7902,2651,107,2,88188.54,10,158739.37
7903,2652,37,2,11659.77,5,22153.56
7904,2652,41,1,54922.23,15,46683.9
7905,2652,61,3,18524.26,0,55572.78
7906,2652,112,2,33831.93,10,60897.47
7907,2652,120,2,10730.75,5,20388.42
7908,2653,10,1,40072.41,15,34061.55
7909,2653,103,2,2011.93,20,3219.09
7910,2653,9,3,81702.42,0,245107.26
7911,2653,83,2,30646.45,5,58228.25
7912,2654,13,2,13454.1,5,25562.79
7913,2654,33,2,53293.43,0,106586.86
7914,2654,70,4,96084.25,0,384337.0
7915,2654,44,3,78898.93,15,201192.27
7916,2655,38,2,80899.08,5,153708.25
7917,2655,97,1,9581.58,5,9102.5
7918,2656,18,4,702.11,15,2387.17
7919,2656,15,1,72941.96,0,72941.96
7920,2656,109,2,93069.65,15,158218.4
7921,2657,95,3,69307.71,20,166338.5
7922,2657,30,1,65978.5,5,62679.57
7923,2657,92,3,20550.8,5,58569.78
7924,2657,18,1,702.11,5,667.0
7925,2658,33,2,53293.43,5,101257.52
7926,2658,77,2,67944.84,20,108711.74
7927,2658,51,3,114029.73,10,307880.27
7928,2658,105,1,76452.42,5,72629.8
7929,2659,35,3,79232.66,20,190158.38
7930,2659,20,1,88576.0,5,84147.2
7931,2659,108,2,74101.53,0,148203.06
7932,2659,94,4,13417.8,10,48304.08
7933,2659,72,1,58534.22,10,52680.8
7934,2660,104,1,13111.9,10,11800.71
7935,2660,3,4,110255.0,0,441020.0
7936,2660,43,3,59578.07,20,142987.37
7937,2661,22,1,110532.12,15,93952.3
7938,2661,14,3,87561.13,10,236415.05
7939,2661,8,3,42461.96,15,108278.0
7940,2661,79,2,22216.62,20,35546.59
7941,2662,4,2,98554.1,10,177397.38
7942,2663,62,3,84917.09,20,203801.02
7943,2663,38,4,80899.08,15,275056.87
7944,2664,99,3,102110.04,15,260380.6
7945,2665,56,2,100863.62,20,161381.79
7946,2665,67,2,45955.53,10,82719.95
7947,2666,15,2,72941.96,15,124001.33
7948,2666,52,3,73711.95,15,187965.47
7949,2666,3,4,110255.0,10,396918.0
7950,2667,28,1,81439.49,15,69223.57
7951,2668,107,1,88188.54,5,83779.11
7952,2668,83,3,30646.45,5,87342.38
7953,2668,71,4,58843.42,15,200067.63
7954,2669,2,3,56747.46,5,161730.26
7955,2669,27,3,23424.89,5,66760.94
7956,2670,24,4,108055.6,5,410611.28
7957,2670,77,3,67944.84,0,203834.52
7958,2671,59,4,28521.98,5,108383.52
7959,2671,43,4,59578.07,15,202565.44
7960,2671,35,1,79232.66,10,71309.39
7961,2672,40,3,118080.35,20,283392.84
7962,2672,47,4,56013.71,15,190446.61
7963,2672,106,2,85023.38,20,136037.41
7964,2672,102,4,8740.33,0,34961.32
7965,2672,50,1,118553.15,5,112625.49
7966,2673,116,1,58762.22,20,47009.78
7967,2673,109,1,93069.65,10,83762.68
7968,2673,94,1,13417.8,15,11405.13
7969,2673,75,3,110385.22,15,281482.31
7970,2673,13,3,13454.1,5,38344.18
7971,2674,85,4,119988.99,20,383964.77
7972,2674,59,1,28521.98,15,24243.68
7973,2674,103,3,2011.93,20,4828.63
7974,2674,9,4,81702.42,5,310469.2
7975,2675,110,4,99175.28,15,337195.95
7976,2675,43,1,59578.07,5,56599.17
7977,2675,57,4,58409.34,10,210273.62
7978,2675,72,4,58534.22,5,222430.04
7979,2675,118,1,84291.46,20,67433.17
7980,2676,66,3,113554.41,20,272530.58
7981,2676,47,1,56013.71,20,44810.97
7982,2676,117,4,41170.49,0,164681.96
7983,2676,84,3,2816.3,0,8448.9
7984,2676,22,3,110532.12,20,265277.09
7985,2677,28,4,81439.49,5,309470.06
7986,2677,59,1,28521.98,20,22817.58
7987,2677,116,3,58762.22,10,158657.99
7988,2678,107,1,88188.54,10,79369.69
7989,2678,33,3,53293.43,0,159880.29
7990,2678,71,1,58843.42,0,58843.42
7991,2678,91,3,56071.56,0,168214.68
7992,2678,119,4,1713.06,10,6167.02
7993,2679,100,4,95649.15,5,363466.77
7994,2679,6,4,48116.68,20,153973.38
7995,2679,57,2,58409.34,5,110977.75
7996,2680,34,4,61585.29,20,197072.93
7997,2680,76,2,3722.49,10,6700.48
7998,2680,92,1,20550.8,20,16440.64
7999,2681,58,4,53064.77,20,169807.26
8000,2681,94,2,13417.8,15,22810.26
8001,2681,47,1,56013.71,0,56013.71
8002,2682,83,1,30646.45,15,26049.48
8003,2682,92,4,20550.8,15,69872.72
8004,2682,76,1,3722.49,20,2977.99
8005,2683,33,1,53293.43,5,50628.76
8006,2684,88,4,24323.6,10,87564.96
8007,2684,51,2,114029.73,15,193850.54
8008,2684,109,1,93069.65,15,79109.2
8009,2684,64,1,50185.02,5,47675.77
8010,2685,2,3,56747.46,5,161730.26
8011,2685,53,4,51495.52,5,195682.98
8012,2685,112,1,33831.93,10,30448.74
8013,2686,109,4,93069.65,0,372278.6
8014,2686,114,2,80348.52,10,144627.34
8015,2687,40,2,118080.35,10,212544.63
8016,2687,54,4,53786.68,0,215146.72
8017,2687,35,3,79232.66,15,202043.28
8018,2687,114,4,80348.52,20,257115.26
8019,2687,62,2,84917.09,0,169834.18
8020,2688,91,3,56071.56,0,168214.68
8021,2688,102,2,8740.33,15,14858.56
8022,2688,90,1,80500.33,5,76475.31
8023,2689,105,4,76452.42,15,259938.23
8024,2690,95,2,69307.71,10,124753.88
8025,2690,82,2,33751.67,0,67503.34
8026,2691,96,1,47900.21,10,43110.19
8027,2691,56,1,100863.62,5,95820.44
8028,2691,117,1,41170.49,10,37053.44
8029,2691,10,4,40072.41,5,152275.16
8030,2691,60,2,107216.71,0,214433.42
8031,2692,107,4,88188.54,0,352754.16
8032,2692,48,3,110137.67,0,330413.01
8033,2692,18,1,702.11,15,596.79
8034,2693,48,4,110137.67,10,396495.61
8035,2693,5,3,27139.36,0,81418.08
8036,2693,72,2,58534.22,5,111215.02
8037,2693,52,3,73711.95,20,176908.68
8038,2693,69,4,64817.36,5,246305.97
8039,2694,56,4,100863.62,5,383281.76
8040,2694,4,3,98554.1,10,266096.07
8041,2694,5,1,27139.36,10,24425.42
8042,2695,61,3,18524.26,20,44458.22
8043,2695,113,3,90181.92,5,257018.47
8044,2696,68,1,36184.21,20,28947.37
8045,2696,83,4,30646.45,15,104197.93
8046,2696,3,2,110255.0,0,220510.0
8047,2697,41,2,54922.23,15,93367.79
8048,2698,116,4,58762.22,0,235048.88
8049,2698,113,1,90181.92,0,90181.92
8050,2698,100,1,95649.15,10,86084.24
8051,2699,72,3,58534.22,5,166822.53
8052,2699,69,4,64817.36,10,233342.5
8053,2699,35,1,79232.66,5,75271.03
8054,2699,6,4,48116.68,20,153973.38
8055,2699,100,1,95649.15,15,81301.78
8056,2700,66,1,113554.41,10,102198.97
8057,2700,70,1,96084.25,20,76867.4
8058,2700,104,1,13111.9,10,11800.71
8059,2701,108,1,74101.53,10,66691.38
8060,2701,95,4,69307.71,5,263369.3
8061,2701,15,3,72941.96,20,175060.7
8062,2701,89,4,18709.69,20,59871.01
8063,2701,93,1,93446.13,5,88773.82
8064,2702,39,1,18108.8,5,17203.36
8065,2702,54,3,53786.68,15,137156.03
8066,2702,3,4,110255.0,15,374867.0
8067,2702,114,3,80348.52,5,228993.28
8068,2702,18,1,702.11,5,667.0
8069,2703,7,3,8795.78,20,21109.87
8070,2703,59,3,28521.98,20,68452.75
8071,2704,111,2,39015.4,0,78030.8
8072,2705,88,1,24323.6,15,20675.06
8073,2705,46,4,96591.13,10,347728.07
8074,2705,64,4,50185.02,20,160592.06
8075,2705,92,1,20550.8,5,19523.26
8076,2706,87,1,90630.87,15,77036.24
8077,2706,97,3,9581.58,10,25870.27
8078,2706,51,1,114029.73,20,91223.78
8079,2706,38,4,80899.08,5,307416.5
8080,2706,84,3,2816.3,5,8026.46
8081,2707,115,4,59569.63,15,202536.74
8082,2707,94,3,13417.8,0,40253.4
8083,2707,71,2,58843.42,15,100033.81
8084,2708,16,3,46530.85,20,111674.04
8085,2708,65,2,47042.48,20,75267.97
8086,2708,96,2,47900.21,10,86220.38
8087,2708,2,1,56747.46,20,45397.97
8088,2709,66,1,113554.41,20,90843.53
8089,2709,68,2,36184.21,0,72368.42
8090,2709,46,4,96591.13,20,309091.62
8091,2709,73,4,80430.4,10,289549.44
8092,2710,104,2,13111.9,5,24912.61
8093,2710,19,2,64845.01,15,110236.52
8094,2710,59,2,28521.98,0,57043.96
8095,2710,56,2,100863.62,15,171468.15
8096,2711,91,4,56071.56,20,179428.99
8097,2711,97,1,9581.58,5,9102.5
8098,2711,45,2,93521.24,20,149633.98
8099,2711,44,1,78898.93,0,78898.93
8100,2711,82,4,33751.67,15,114755.68
8101,2712,18,4,702.11,20,2246.75
8102,2713,113,3,90181.92,5,257018.47
8103,2714,106,4,85023.38,15,289079.49
8104,2715,61,2,18524.26,0,37048.52
8105,2715,62,1,84917.09,0,84917.09
8106,2715,83,1,30646.45,10,27581.81
8107,2716,23,4,79774.8,15,271234.32
8108,2716,51,4,114029.73,20,364895.14
8109,2716,3,3,110255.0,5,314226.75
8110,2716,102,2,8740.33,10,15732.59
8111,2716,11,2,105306.09,5,200081.57
8112,2717,114,4,80348.52,15,273184.97
8113,2717,98,2,12677.21,15,21551.26
8114,2717,64,4,50185.02,10,180666.07
8115,2718,68,1,36184.21,10,32565.79
8116,2718,113,3,90181.92,15,229963.9
8117,2718,45,1,93521.24,5,88845.18
8118,2718,24,4,108055.6,5,410611.28
8119,2718,12,2,69880.47,20,111808.75
8120,2719,98,3,12677.21,15,32326.89
8121,2720,97,4,9581.58,20,30661.06
8122,2720,61,2,18524.26,20,29638.82
8123,2720,8,2,42461.96,20,67939.14
8124,2720,113,3,90181.92,5,257018.47
8125,2721,92,4,20550.8,20,65762.56
8126,2721,86,3,78192.22,15,199390.16
8127,2721,91,4,56071.56,15,190643.3
8128,2721,83,1,30646.45,20,24517.16
8129,2722,112,3,33831.93,20,81196.63
8130,2722,74,3,87039.67,10,235007.11
8131,2723,96,2,47900.21,10,86220.38
8132,2723,57,1,58409.34,0,58409.34
8133,2723,23,3,79774.8,15,203425.74
8134,2724,65,4,47042.48,10,169352.93
8135,2724,118,3,84291.46,20,202299.5
8136,2725,71,2,58843.42,0,117686.84
8137,2725,81,1,40831.32,20,32665.06
8138,2725,20,1,88576.0,0,88576.0
8139,2725,104,1,13111.9,0,13111.9
8140,2726,51,2,114029.73,10,205253.51
8141,2727,99,4,102110.04,15,347174.14
8142,2727,97,1,9581.58,0,9581.58
8143,2727,98,1,12677.21,0,12677.21
8144,2727,6,3,48116.68,10,129915.04
8145,2727,73,4,80430.4,5,305635.52
8146,2728,51,2,114029.73,20,182447.57
8147,2728,55,3,54283.34,20,130280.02
8148,2728,45,2,93521.24,0,187042.48
8149,2728,91,3,56071.56,0,168214.68
8150,2728,85,4,119988.99,0,479955.96
8151,2729,111,3,39015.4,5,111193.89
8152,2729,117,2,41170.49,10,74106.88
8153,2730,28,2,81439.49,15,138447.13
8154,2730,33,3,53293.43,20,127904.23
8155,2730,116,4,58762.22,10,211543.99
8156,2730,93,1,93446.13,5,88773.82
8157,2731,1,4,46213.74,0,184854.96
8158,2731,61,2,18524.26,20,29638.82
8159,2731,117,1,41170.49,15,34994.92
8160,2732,78,3,77308.58,15,197136.88
8161,2732,98,2,12677.21,0,25354.42
8162,2732,64,4,50185.02,0,200740.08
8163,2732,107,2,88188.54,10,158739.37
8164,2733,28,2,81439.49,10,146591.08
8165,2734,69,4,64817.36,15,220379.02
8166,2734,58,2,53064.77,10,95516.59
8167,2734,94,1,13417.8,15,11405.13
8168,2735,89,4,18709.69,15,63612.95
8169,2735,29,3,74054.03,15,188837.78
8170,2735,84,1,2816.3,5,2675.49
8171,2735,77,4,67944.84,0,271779.36
8172,2735,39,3,18108.8,20,43461.12
8173,2736,99,4,102110.04,5,388018.15
8174,2737,75,3,110385.22,0,331155.66
8175,2738,84,4,2816.3,5,10701.94
8176,2739,8,4,42461.96,0,169847.84
8177,2739,58,3,53064.77,20,127355.45
8178,2739,66,1,113554.41,0,113554.41
8179,2740,78,3,77308.58,5,220329.45
8180,2740,54,4,53786.68,5,204389.38
8181,2741,90,3,80500.33,20,193200.79
8182,2741,8,1,42461.96,15,36092.67
8183,2741,43,1,59578.07,5,56599.17
8184,2741,47,4,56013.71,20,179243.87
8185,2742,2,2,56747.46,5,107820.17
8186,2742,7,1,8795.78,5,8355.99
8187,2742,85,2,119988.99,15,203981.28
8188,2742,17,2,30939.34,15,52596.88
8189,2743,109,4,93069.65,15,316436.81
8190,2743,69,1,64817.36,5,61576.49
8191,2743,37,1,11659.77,20,9327.82
8192,2743,10,3,40072.41,5,114206.37
8193,2743,47,3,56013.71,0,168041.13
8194,2744,44,2,78898.93,5,149907.97
8195,2744,72,2,58534.22,10,105361.6
8196,2744,77,3,67944.84,5,193642.79
8197,2745,1,2,46213.74,5,87806.11
8198,2745,101,2,41990.85,20,67185.36
8199,2746,79,2,22216.62,10,39989.92
8200,2746,64,4,50185.02,10,180666.07
8201,2746,14,4,87561.13,5,332732.29
8202,2746,48,4,110137.67,20,352440.54
8203,2746,93,3,93446.13,15,238287.63
8204,2747,115,2,59569.63,0,119139.26
8205,2747,67,1,45955.53,0,45955.53
8206,2748,41,3,54922.23,0,164766.69
8207,2748,52,3,73711.95,20,176908.68
8208,2748,95,1,69307.71,0,69307.71
8209,2748,40,3,118080.35,20,283392.84
8210,2749,77,3,67944.84,15,173259.34
8211,2749,63,4,49208.12,0,196832.48
8212,2749,103,2,2011.93,15,3420.28
8213,2749,34,4,61585.29,15,209389.99
8214,2750,39,4,18108.8,15,61569.92
8215,2750,105,3,76452.42,20,183485.81
8216,2751,102,4,8740.33,5,33213.25
8217,2751,111,1,39015.4,20,31212.32
8218,2752,71,4,58843.42,5,223605.0
8219,2752,114,3,80348.52,10,216941.0
8220,2753,33,4,53293.43,5,202515.03
8221,2754,55,3,54283.34,20,130280.02
8222,2754,21,4,52040.04,15,176936.14
8223,2754,77,2,67944.84,15,115506.23
8224,2754,10,4,40072.41,0,160289.64
8225,2754,35,3,79232.66,20,190158.38
8226,2755,50,3,118553.15,5,337876.48
8227,2755,56,4,100863.62,20,322763.58
8228,2756,116,3,58762.22,15,149843.66
8229,2756,84,1,2816.3,5,2675.49
8230,2756,112,1,33831.93,20,27065.54
8231,2757,32,2,72996.06,10,131392.91
8232,2757,109,4,93069.65,10,335050.74
8233,2757,73,4,80430.4,15,273463.36
8234,2757,41,4,54922.23,10,197720.03
8235,2758,59,1,28521.98,20,22817.58
8236,2758,57,1,58409.34,20,46727.47
8237,2758,48,4,110137.67,10,396495.61
8238,2758,50,3,118553.15,15,302310.53
8239,2758,116,2,58762.22,5,111648.22
8240,2759,2,1,56747.46,15,48235.34
8241,2759,41,2,54922.23,15,93367.79
8242,2759,37,3,11659.77,20,27983.45
8243,2759,45,3,93521.24,10,252507.35
8244,2759,95,1,69307.71,10,62376.94
8245,2760,53,4,51495.52,0,205982.08
8246,2760,17,2,30939.34,5,58784.75
8247,2760,111,2,39015.4,5,74129.26
8248,2761,79,1,22216.62,20,17773.3
8249,2761,61,4,18524.26,5,70392.19
8250,2761,41,2,54922.23,0,109844.46
8251,2762,82,2,33751.67,15,57377.84
8252,2762,61,2,18524.26,15,31491.24
8253,2762,65,4,47042.48,5,178761.42
8254,2763,112,4,33831.93,15,115028.56
8255,2763,56,1,100863.62,20,80690.9
8256,2764,88,3,24323.6,10,65673.72
8257,2765,115,1,59569.63,0,59569.63
8258,2765,94,4,13417.8,20,42936.96
8259,2765,99,2,102110.04,5,194009.08
8260,2765,95,2,69307.71,15,117823.11
8261,2765,4,3,98554.1,5,280879.19
8262,2766,80,1,39618.64,10,35656.78
8263,2766,39,4,18108.8,15,61569.92
8264,2766,86,1,78192.22,0,78192.22
8265,2767,22,3,110532.12,20,265277.09
8266,2767,36,1,79830.53,20,63864.42
8267,2767,103,4,2011.93,0,8047.72
8268,2767,82,3,33751.67,0,101255.01
8269,2768,95,3,69307.71,20,166338.5
8270,2768,51,4,114029.73,5,433312.97
8271,2769,45,1,93521.24,5,88845.18
8272,2770,69,3,64817.36,15,165284.27
8273,2770,14,2,87561.13,20,140097.81
8274,2771,73,2,80430.4,0,160860.8
8275,2771,113,3,90181.92,20,216436.61
8276,2771,105,2,76452.42,10,137614.36
8277,2771,72,1,58534.22,5,55607.51
8278,2772,73,3,80430.4,20,193032.96
8279,2772,5,2,27139.36,0,54278.72
8280,2773,119,2,1713.06,20,2740.9
8281,2773,16,4,46530.85,15,158204.89
8282,2773,55,3,54283.34,15,138422.52
8283,2773,57,1,58409.34,15,49647.94
8284,2773,21,4,52040.04,15,176936.14
8285,2774,13,3,13454.1,15,34307.96
8286,2774,104,4,13111.9,5,49825.22
8287,2774,1,3,46213.74,0,138641.22
8288,2775,71,3,58843.42,10,158877.23
8289,2775,9,4,81702.42,5,310469.2
8290,2775,4,2,98554.1,10,177397.38
8291,2775,81,4,40831.32,20,130660.22
8292,2775,70,3,96084.25,10,259427.48
8293,2776,3,3,110255.0,0,330765.0
8294,2777,49,1,16434.02,15,13968.92
8295,2777,2,1,56747.46,0,56747.46
8296,2777,67,3,45955.53,10,124079.93
8297,2777,86,4,78192.22,15,265853.55
8298,2778,6,3,48116.68,10,129915.04
8299,2778,112,3,33831.93,0,101495.79
8300,2778,107,2,88188.54,5,167558.23
8301,2779,40,2,118080.35,10,212544.63
8302,2779,78,4,77308.58,10,278310.89
8303,2779,102,1,8740.33,5,8303.31
8304,2779,80,4,39618.64,5,150550.83
8305,2780,47,1,56013.71,15,47611.65
8306,2780,42,1,23735.01,20,18988.01
8307,2780,99,2,102110.04,5,194009.08
8308,2781,81,2,40831.32,20,65330.11
8309,2781,107,1,88188.54,0,88188.54
8310,2781,91,1,56071.56,10,50464.4
8311,2781,53,3,51495.52,5,146762.23
8312,2781,52,1,73711.95,10,66340.76
8313,2782,2,4,56747.46,0,226989.84
8314,2782,88,4,24323.6,0,97294.4
8315,2782,74,4,87039.67,5,330750.75
8316,2783,69,2,64817.36,0,129634.72
8317,2783,117,2,41170.49,20,65872.78
8318,2783,72,3,58534.22,15,149262.26
8319,2783,14,1,87561.13,5,83183.07
8320,2784,119,2,1713.06,10,3083.51
8321,2784,53,4,51495.52,5,195682.98
8322,2784,50,1,118553.15,5,112625.49
8323,2785,65,2,47042.48,20,75267.97
8324,2785,58,3,53064.77,15,135315.16
8325,2785,51,3,114029.73,15,290775.81
8326,2785,23,3,79774.8,10,215391.96
8327,2785,99,1,102110.04,20,81688.03
8328,2786,12,3,69880.47,15,178195.2
8329,2786,98,1,12677.21,15,10775.63
8330,2787,12,1,69880.47,10,62892.42
8331,2787,115,3,59569.63,0,178708.89
8332,2787,54,3,53786.68,5,153292.04
8333,2787,43,4,59578.07,10,214481.05
8334,2788,33,1,53293.43,5,50628.76
8335,2788,12,4,69880.47,20,223617.5
8336,2788,85,1,119988.99,10,107990.09
8337,2789,104,4,13111.9,10,47202.84
8338,2789,25,2,80193.7,10,144348.66
8339,2789,57,2,58409.34,15,99295.88
8340,2789,32,4,72996.06,0,291984.24
8341,2789,77,4,67944.84,10,244601.42
8342,2790,102,2,8740.33,15,14858.56
8343,2791,44,2,78898.93,5,149907.97
8344,2791,50,4,118553.15,5,450501.97
8345,2791,12,1,69880.47,5,66386.45
8346,2792,86,3,78192.22,5,222847.83
8347,2792,46,4,96591.13,10,347728.07
8348,2792,35,1,79232.66,10,71309.39
8349,2792,120,4,10730.75,20,34338.4
8350,2792,17,1,30939.34,20,24751.47
8351,2793,20,4,88576.0,5,336588.8
8352,2794,68,2,36184.21,5,68750.0
8353,2794,120,4,10730.75,15,36484.55
8354,2794,14,2,87561.13,15,148853.92
8355,2794,94,2,13417.8,5,25493.82
8356,2795,38,3,80899.08,20,194157.79
8357,2795,56,1,100863.62,20,80690.9
8358,2795,113,3,90181.92,15,229963.9
8359,2795,79,4,22216.62,15,75536.51
8360,2796,101,2,41990.85,15,71384.44
8361,2796,10,4,40072.41,10,144260.68
8362,2797,113,2,90181.92,15,153309.26
8363,2797,1,4,46213.74,15,157126.72
8364,2797,117,2,41170.49,5,78223.93
8365,2797,88,1,24323.6,5,23107.42
8366,2797,43,1,59578.07,15,50641.36
8367,2798,32,2,72996.06,20,116793.7
8368,2798,39,2,18108.8,5,34406.72
8369,2798,6,2,48116.68,0,96233.36
8370,2799,70,2,96084.25,5,182560.07
8371,2799,105,4,76452.42,5,290519.2
8372,2799,2,1,56747.46,0,56747.46
8373,2800,83,1,30646.45,10,27581.81
8374,2800,112,3,33831.93,5,96421.0
8375,2800,47,4,56013.71,20,179243.87
8376,2800,25,1,80193.7,10,72174.33
8377,2800,10,4,40072.41,5,152275.16
8378,2801,2,2,56747.46,5,107820.17
8379,2801,65,4,47042.48,10,169352.93
8380,2801,54,1,53786.68,10,48408.01
8381,2801,109,4,93069.65,0,372278.6
8382,2802,71,2,58843.42,10,105918.16
8383,2802,82,1,33751.67,20,27001.34
8384,2802,78,2,77308.58,15,131424.59
8385,2802,17,1,30939.34,5,29392.37
8386,2803,10,3,40072.41,15,102184.65
8387,2804,114,4,80348.52,10,289254.67
8388,2804,68,2,36184.21,15,61513.16
8389,2804,9,4,81702.42,15,277788.23
8390,2804,5,3,27139.36,0,81418.08
8391,2804,73,2,80430.4,15,136731.68
8392,2805,29,4,74054.03,0,296216.12
8393,2805,61,3,18524.26,5,52794.14
8394,2805,26,1,83816.41,5,79625.59
8395,2805,7,1,8795.78,20,7036.62
8396,2806,23,4,79774.8,0,319099.2
8397,2806,51,2,114029.73,10,205253.51
8398,2806,102,4,8740.33,10,31465.19
8399,2806,6,3,48116.68,15,122697.53
8400,2807,16,2,46530.85,5,88408.61
8401,2807,114,2,80348.52,20,128557.63
8402,2807,43,4,59578.07,5,226396.67
8403,2807,23,3,79774.8,10,215391.96
8404,2807,20,1,88576.0,0,88576.0
8405,2808,31,4,34786.19,10,125230.28
8406,2808,83,3,30646.45,20,73551.48
8407,2808,11,3,105306.09,15,268530.53
8408,2809,28,2,81439.49,15,138447.13
8409,2809,52,3,73711.95,10,199022.26
8410,2809,53,3,51495.52,0,154486.56
8411,2809,77,3,67944.84,10,183451.07
8412,2810,96,1,47900.21,5,45505.2
8413,2810,60,1,107216.71,15,91134.2
8414,2810,5,2,27139.36,0,54278.72
8415,2810,79,1,22216.62,5,21105.79
8416,2811,87,4,90630.87,10,326271.13
8417,2811,54,1,53786.68,0,53786.68
8418,2811,75,1,110385.22,0,110385.22
8419,2812,24,4,108055.6,5,410611.28
8420,2812,1,2,46213.74,15,78563.36
8421,2812,109,1,93069.65,20,74455.72
8422,2813,108,4,74101.53,0,296406.12
8423,2813,120,3,10730.75,0,32192.25
8424,2813,30,2,65978.5,5,125359.15
8425,2813,15,1,72941.96,0,72941.96
8426,2814,41,3,54922.23,0,164766.69
8427,2814,60,3,107216.71,0,321650.13
8428,2814,118,3,84291.46,0,252874.38
8429,2815,82,2,33751.67,15,57377.84
8430,2815,46,2,96591.13,10,173864.03
8431,2816,15,1,72941.96,5,69294.86
8432,2816,31,2,34786.19,20,55657.9
8433,2816,84,4,2816.3,15,9575.42
8434,2817,38,2,80899.08,5,153708.25
8435,2817,75,3,110385.22,15,281482.31
8436,2818,11,2,105306.09,5,200081.57
8437,2818,64,4,50185.02,20,160592.06
8438,2818,44,4,78898.93,10,284036.15
8439,2818,25,2,80193.7,15,136329.29
8440,2819,104,2,13111.9,0,26223.8
8441,2819,92,4,20550.8,0,82203.2
8442,2819,15,3,72941.96,0,218825.88
8443,2819,52,1,73711.95,0,73711.95
8444,2819,105,3,76452.42,5,217889.4
8445,2820,47,4,56013.71,15,190446.61
8446,2820,114,2,80348.52,0,160697.04
8447,2820,40,2,118080.35,15,200736.6
8448,2821,52,3,73711.95,0,221135.85
8449,2821,77,3,67944.84,15,173259.34
8450,2821,42,1,23735.01,5,22548.26
8451,2821,40,3,118080.35,0,354241.05
8452,2822,4,1,98554.1,0,98554.1
8453,2822,50,1,118553.15,5,112625.49
8454,2822,14,4,87561.13,5,332732.29
8455,2822,27,2,23424.89,0,46849.78
8456,2823,61,3,18524.26,15,47236.86
8457,2823,76,3,3722.49,0,11167.47
8458,2823,49,1,16434.02,0,16434.02
8459,2824,91,4,56071.56,20,179428.99
8460,2825,35,2,79232.66,10,142618.79
8461,2825,98,1,12677.21,0,12677.21
8462,2826,117,2,41170.49,5,78223.93
8463,2826,97,2,9581.58,0,19163.16
8464,2826,68,4,36184.21,10,130263.16
8465,2827,67,3,45955.53,0,137866.59
8466,2827,104,3,13111.9,20,31468.56
8467,2828,109,4,93069.65,10,335050.74
8468,2829,75,1,110385.22,15,93827.44
8469,2829,102,1,8740.33,10,7866.3
8470,2829,41,3,54922.23,0,164766.69
8471,2830,83,2,30646.45,0,61292.9
8472,2830,55,1,54283.34,15,46140.84
8473,2830,96,1,47900.21,15,40715.18
8474,2831,30,3,65978.5,10,178141.95
8475,2831,2,3,56747.46,15,144706.02
8476,2831,36,3,79830.53,15,203567.85
8477,2831,14,2,87561.13,5,166366.15
8478,2831,90,3,80500.33,5,229425.94
8479,2832,13,4,13454.1,20,43053.12
8480,2833,103,3,2011.93,0,6035.79
8481,2833,111,2,39015.4,15,66326.18
8482,2833,41,1,54922.23,0,54922.23
8483,2833,7,1,8795.78,20,7036.62
8484,2834,95,3,69307.71,5,197526.97
8485,2835,118,1,84291.46,20,67433.17
8486,2835,74,3,87039.67,15,221951.16
8487,2835,20,2,88576.0,15,150579.2
8488,2835,65,4,47042.48,20,150535.94
8489,2836,10,1,40072.41,0,40072.41
8490,2836,55,3,54283.34,10,146565.02
8491,2836,82,1,33751.67,15,28688.92
8492,2837,51,2,114029.73,0,228059.46
8493,2838,78,2,77308.58,5,146886.3
8494,2838,18,2,702.11,5,1334.01
8495,2838,113,1,90181.92,5,85672.82
8496,2839,67,3,45955.53,15,117186.6
8497,2839,109,1,93069.65,15,79109.2
8498,2840,25,3,80193.7,5,228552.04
8499,2841,30,3,65978.5,5,188038.72
8500,2841,90,1,80500.33,10,72450.3
8501,2841,63,2,49208.12,0,98416.24
8502,2841,111,3,39015.4,5,111193.89
8503,2842,59,3,28521.98,5,81287.64
8504,2842,9,3,81702.42,0,245107.26
8505,2842,80,3,39618.64,20,95084.74
8506,2842,91,2,56071.56,10,100928.81
8507,2842,79,2,22216.62,0,44433.24
8508,2843,29,2,74054.03,15,125891.85
8509,2843,51,2,114029.73,15,193850.54
8510,2843,38,3,80899.08,15,206292.65
8511,2843,86,2,78192.22,5,148565.22
8512,2843,101,1,41990.85,15,35692.22
8513,2844,14,1,87561.13,5,83183.07
8514,2844,85,2,119988.99,0,239977.98
8515,2844,114,1,80348.52,0,80348.52
8516,2845,74,3,87039.67,0,261119.01
8517,2845,36,2,79830.53,5,151678.01
8518,2845,68,2,36184.21,5,68750.0
8519,2845,107,2,88188.54,5,167558.23
8520,2846,114,4,80348.52,0,321394.08
8521,2846,91,3,56071.56,5,159803.95
8522,2846,111,1,39015.4,5,37064.63
8523,2847,80,1,39618.64,15,33675.84
8524,2847,22,2,110532.12,5,210011.03
8525,2847,16,4,46530.85,0,186123.4
8526,2847,29,1,74054.03,20,59243.22
8527,2848,10,4,40072.41,20,128231.71
8528,2848,119,3,1713.06,10,4625.26
8529,2849,84,2,2816.3,20,4506.08
8530,2849,57,1,58409.34,0,58409.34
8531,2849,114,2,80348.52,5,152662.19
8532,2850,41,4,54922.23,15,186735.58
8533,2850,40,1,118080.35,0,118080.35
8534,2850,4,3,98554.1,5,280879.19
8535,2851,71,1,58843.42,20,47074.74
8536,2851,93,1,93446.13,20,74756.9
8537,2851,13,2,13454.1,20,21526.56
8538,2852,63,2,49208.12,10,88574.62
8539,2852,62,4,84917.09,10,305701.52
8540,2852,76,2,3722.49,15,6328.23
8541,2853,96,4,47900.21,0,191600.84
8542,2853,5,4,27139.36,15,92273.82
8543,2854,13,1,13454.1,15,11435.99
8544,2855,77,2,67944.84,15,115506.23
8545,2856,10,4,40072.41,20,128231.71
8546,2856,60,2,107216.71,0,214433.42
8547,2856,2,4,56747.46,0,226989.84
8548,2856,100,2,95649.15,0,191298.3
8549,2856,28,1,81439.49,10,73295.54
8550,2857,24,3,108055.6,5,307958.46
8551,2857,107,3,88188.54,15,224880.78
8552,2857,35,3,79232.66,15,202043.28
8553,2857,58,2,53064.77,5,100823.06
8554,2858,4,4,98554.1,15,335083.94
8555,2858,43,1,59578.07,5,56599.17
8556,2858,92,1,20550.8,15,17468.18
8557,2858,115,2,59569.63,0,119139.26
8558,2858,29,3,74054.03,15,188837.78
8559,2859,2,1,56747.46,20,45397.97
8560,2859,118,4,84291.46,20,269732.67
8561,2859,69,3,64817.36,10,175006.87
8562,2860,100,3,95649.15,10,258252.7
8563,2860,11,2,105306.09,0,210612.18
8564,2860,106,3,85023.38,10,229563.13
8565,2860,94,1,13417.8,10,12076.02
8566,2860,58,1,53064.77,10,47758.29
8567,2861,73,2,80430.4,0,160860.8
8568,2862,5,1,27139.36,0,27139.36
8569,2862,119,2,1713.06,10,3083.51
8570,2863,7,1,8795.78,10,7916.2
8571,2863,50,3,118553.15,15,302310.53
8572,2863,81,3,40831.32,10,110244.56
8573,2863,62,3,84917.09,0,254751.27
8574,2863,3,1,110255.0,0,110255.0
8575,2864,33,4,53293.43,20,170538.98
8576,2864,80,2,39618.64,10,71313.55
8577,2864,60,4,107216.71,10,385980.16
8578,2865,78,4,77308.58,5,293772.6
8579,2865,19,3,64845.01,15,165354.78
8580,2865,111,4,39015.4,0,156061.6
8581,2865,37,1,11659.77,5,11076.78
8582,2865,51,1,114029.73,15,96925.27
8583,2866,102,4,8740.33,10,31465.19
8584,2867,43,1,59578.07,10,53620.26
8585,2867,78,1,77308.58,15,65712.29
8586,2867,3,1,110255.0,15,93716.75
8587,2867,40,3,118080.35,0,354241.05
8588,2867,31,4,34786.19,10,125230.28
8589,2868,100,2,95649.15,5,181733.38
8590,2868,106,1,85023.38,20,68018.7
8591,2869,53,3,51495.52,10,139037.9
8592,2870,78,3,77308.58,0,231925.74
8593,2870,116,2,58762.22,5,111648.22
8594,2870,98,1,12677.21,0,12677.21
8595,2870,24,2,108055.6,15,183694.52
8596,2870,33,2,53293.43,10,95928.17
8597,2871,59,1,28521.98,10,25669.78
8598,2871,96,3,47900.21,20,114960.5
8599,2871,92,3,20550.8,0,61652.4
8600,2871,42,1,23735.01,20,18988.01
8601,2871,74,3,87039.67,15,221951.16
8602,2872,83,3,30646.45,20,73551.48
8603,2872,96,4,47900.21,20,153280.67
8604,2873,54,4,53786.68,5,204389.38
8605,2873,103,4,2011.93,20,6438.18
8606,2873,33,1,53293.43,10,47964.09
8607,2873,110,2,99175.28,10,178515.5
8608,2874,16,4,46530.85,10,167511.06
8609,2874,55,4,54283.34,15,184563.36
8610,2874,17,4,30939.34,15,105193.76
8611,2874,109,4,93069.65,15,316436.81
8612,2875,49,3,16434.02,5,46836.96
8613,2875,108,3,74101.53,20,177843.67
8614,2876,109,3,93069.65,15,237327.61
8615,2876,119,4,1713.06,10,6167.02
8616,2876,2,1,56747.46,0,56747.46
8617,2876,68,3,36184.21,15,92269.74
8618,2877,62,3,84917.09,0,254751.27
8619,2877,118,3,84291.46,15,214943.22
8620,2877,106,4,85023.38,0,340093.52
8621,2877,15,2,72941.96,10,131295.53
8622,2878,37,3,11659.77,15,29732.41
8623,2878,5,3,27139.36,5,77347.18
8624,2878,82,3,33751.67,15,86066.76
8625,2878,107,2,88188.54,15,149920.52
8626,2878,101,3,41990.85,10,113375.29
8627,2879,50,4,118553.15,5,450501.97
8628,2879,107,2,88188.54,10,158739.37
8629,2879,97,3,9581.58,5,27307.5
8630,2879,87,1,90630.87,10,81567.78
8631,2880,119,2,1713.06,15,2912.2
8632,2880,94,4,13417.8,20,42936.96
8633,2880,61,3,18524.26,20,44458.22
8634,2880,17,4,30939.34,0,123757.36
8635,2881,53,4,51495.52,20,164785.66
8636,2881,119,1,1713.06,5,1627.41
8637,2882,106,3,85023.38,0,255070.14
8638,2882,103,1,2011.93,15,1710.14
8639,2882,37,4,11659.77,0,46639.08
8640,2882,26,4,83816.41,10,301739.08
8641,2882,89,2,18709.69,15,31806.47
8642,2883,73,1,80430.4,15,68365.84
8643,2883,9,2,81702.42,15,138894.11
8644,2883,76,3,3722.49,0,11167.47
8645,2884,13,4,13454.1,20,43053.12
8646,2885,66,1,113554.41,0,113554.41
8647,2885,19,1,64845.01,5,61602.76
8648,2885,27,2,23424.89,10,42164.8
8649,2885,7,1,8795.78,5,8355.99
8650,2885,62,2,84917.09,15,144359.05
8651,2886,80,1,39618.64,0,39618.64
8652,2886,37,4,11659.77,20,37311.26
8653,2886,13,3,13454.1,20,32289.84
8654,2887,116,1,58762.22,0,58762.22
8655,2887,34,2,61585.29,20,98536.46
8656,2887,6,4,48116.68,20,153973.38
8657,2887,32,1,72996.06,10,65696.45
8658,2888,106,1,85023.38,10,76521.04
8659,2888,30,4,65978.5,15,224326.9
8660,2889,72,2,58534.22,15,99508.17
8661,2889,87,3,90630.87,10,244703.35
8662,2890,40,3,118080.35,0,354241.05
8663,2890,81,2,40831.32,0,81662.64
8664,2891,74,4,87039.67,5,330750.75
8665,2891,27,3,23424.89,0,70274.67
8666,2891,105,3,76452.42,10,206421.53
8667,2891,10,2,40072.41,5,76137.58
8668,2892,32,4,72996.06,15,248186.6
8669,2892,89,2,18709.69,20,29935.5
8670,2892,60,3,107216.71,20,257320.1
8671,2892,19,1,64845.01,5,61602.76
8672,2892,51,4,114029.73,15,387701.08
8673,2893,118,3,84291.46,0,252874.38
8674,2893,79,4,22216.62,15,75536.51
8675,2893,11,2,105306.09,20,168489.74
8676,2893,7,4,8795.78,20,28146.5
8677,2894,29,1,74054.03,5,70351.33
8678,2894,10,1,40072.41,10,36065.17
8679,2894,86,1,78192.22,10,70373.0
8680,2894,66,1,113554.41,0,113554.41
8681,2895,101,2,41990.85,15,71384.44
8682,2895,89,1,18709.69,5,17774.21
8683,2896,103,3,2011.93,0,6035.79
8684,2896,46,1,96591.13,20,77272.9
8685,2897,66,4,113554.41,15,386084.99
8686,2897,39,2,18108.8,0,36217.6
8687,2897,48,2,110137.67,15,187234.04
8688,2898,36,4,79830.53,10,287389.91
8689,2898,73,4,80430.4,0,321721.6
8690,2898,25,4,80193.7,5,304736.06
8691,2898,12,1,69880.47,5,66386.45
8692,2899,104,1,13111.9,0,13111.9
8693,2899,82,1,33751.67,10,30376.5
8694,2899,85,2,119988.99,15,203981.28
8695,2899,6,2,48116.68,0,96233.36
8696,2900,10,3,40072.41,10,108195.51
8697,2900,27,4,23424.89,15,79644.63
8698,2900,68,1,36184.21,5,34375.0
8699,2900,49,3,16434.02,0,49302.06
8700,2901,11,1,105306.09,0,105306.09
8701,2901,9,3,81702.42,10,220596.53
8702,2901,107,1,88188.54,0,88188.54
8703,2901,72,3,58534.22,5,166822.53
8704,2902,8,4,42461.96,20,135878.27
8705,2902,107,2,88188.54,10,158739.37
8706,2902,20,4,88576.0,15,301158.4
8707,2902,62,4,84917.09,15,288718.11
8708,2903,45,2,93521.24,5,177690.36
8709,2903,2,3,56747.46,15,144706.02
8710,2903,108,3,74101.53,0,222304.59
8711,2903,35,4,79232.66,20,253544.51
8712,2904,95,2,69307.71,15,117823.11
8713,2905,8,1,42461.96,20,33969.57
8714,2905,48,4,110137.67,10,396495.61
8715,2905,72,3,58534.22,15,149262.26
8716,2905,3,1,110255.0,20,88204.0
8717,2906,34,3,61585.29,10,166280.28
8718,2907,96,4,47900.21,0,191600.84
8719,2907,52,1,73711.95,10,66340.76
8720,2908,85,4,119988.99,20,383964.77
8721,2908,54,3,53786.68,20,129088.03
8722,2908,99,4,102110.04,0,408440.16
8723,2908,113,3,90181.92,5,257018.47
8724,2908,23,3,79774.8,0,239324.4
8725,2909,49,4,16434.02,0,65736.08
8726,2909,85,1,119988.99,15,101990.64
8727,2909,69,1,64817.36,10,58335.62
8728,2909,11,2,105306.09,15,179020.35
8729,2910,51,1,114029.73,10,102626.76
8730,2910,53,3,51495.52,0,154486.56
8731,2910,95,4,69307.71,0,277230.84
8732,2910,14,3,87561.13,0,262683.39
8733,2911,97,1,9581.58,0,9581.58
8734,2911,15,4,72941.96,15,248002.66
8735,2911,91,3,56071.56,5,159803.95
8736,2912,118,4,84291.46,15,286590.96
8737,2912,62,4,84917.09,5,322684.94
8738,2912,103,1,2011.93,20,1609.54
8739,2912,6,2,48116.68,5,91421.69
8740,2913,102,4,8740.33,5,33213.25
8741,2913,20,3,88576.0,20,212582.4
8742,2913,15,4,72941.96,20,233414.27
8743,2913,47,2,56013.71,5,106426.05
8744,2913,21,4,52040.04,15,176936.14
8745,2914,45,3,93521.24,10,252507.35
8746,2915,12,2,69880.47,5,132772.89
8747,2916,111,1,39015.4,5,37064.63
8748,2917,95,4,69307.71,5,263369.3
8749,2918,41,1,54922.23,15,46683.9
8750,2919,113,4,90181.92,5,342691.3
8751,2919,104,4,13111.9,0,52447.6
8752,2919,45,2,93521.24,10,168338.23
8753,2919,70,2,96084.25,15,163343.23
8754,2920,112,1,33831.93,20,27065.54
8755,2920,36,1,79830.53,15,67855.95
8756,2920,47,3,56013.71,0,168041.13
8757,2921,118,1,84291.46,0,84291.46
8758,2921,26,1,83816.41,0,83816.41
8759,2921,82,4,33751.67,15,114755.68
8760,2921,114,3,80348.52,20,192836.45
8761,2921,37,3,11659.77,20,27983.45
8762,2922,90,3,80500.33,15,205275.84
8763,2922,104,1,13111.9,20,10489.52
8764,2923,61,1,18524.26,10,16671.83
8765,2923,48,3,110137.67,15,280851.06
8766,2924,34,4,61585.29,0,246341.16
8767,2925,25,1,80193.7,0,80193.7
8768,2926,43,1,59578.07,20,47662.46
8769,2926,39,3,18108.8,5,51610.08
8770,2926,62,4,84917.09,10,305701.52
8771,2926,27,1,23424.89,15,19911.16
8772,2927,45,2,93521.24,5,177690.36
8773,2927,41,1,54922.23,10,49430.01
8774,2928,25,3,80193.7,5,228552.04
8775,2929,2,1,56747.46,5,53910.09
8776,2929,93,1,93446.13,20,74756.9
8777,2929,47,3,56013.71,0,168041.13
8778,2930,3,1,110255.0,15,93716.75
8779,2930,92,3,20550.8,0,61652.4
8780,2931,103,2,2011.93,15,3420.28
8781,2931,99,4,102110.04,20,326752.13
8782,2932,6,2,48116.68,10,86610.02
8783,2932,73,2,80430.4,5,152817.76
8784,2933,57,1,58409.34,5,55488.87
8785,2934,12,1,69880.47,20,55904.38
8786,2934,18,2,702.11,15,1193.59
8787,2934,83,4,30646.45,20,98068.64
8788,2934,41,3,54922.23,5,156528.36
8789,2934,69,4,64817.36,10,233342.5
8790,2935,89,3,18709.69,10,50516.16
8791,2935,77,4,67944.84,20,217423.49
8792,2935,102,1,8740.33,10,7866.3
8793,2936,69,4,64817.36,20,207415.55
8794,2937,17,2,30939.34,0,61878.68
8795,2938,14,4,87561.13,0,350244.52
8796,2938,85,2,119988.99,10,215980.18
8797,2939,32,4,72996.06,15,248186.6
8798,2939,100,4,95649.15,20,306077.28
8799,2939,107,3,88188.54,15,224880.78
8800,2940,62,4,84917.09,15,288718.11
8801,2940,94,2,13417.8,15,22810.26
8802,2940,65,1,47042.48,10,42338.23
8803,2941,26,1,83816.41,20,67053.13
8804,2941,25,4,80193.7,0,320774.8
8805,2942,47,4,56013.71,5,212852.1
8806,2942,13,1,13454.1,0,13454.1
8807,2942,68,4,36184.21,5,137500.0
8808,2942,89,4,18709.69,15,63612.95
8809,2943,50,4,118553.15,20,379370.08
8810,2943,2,1,56747.46,5,53910.09
8811,2943,49,4,16434.02,20,52588.86
8812,2943,100,1,95649.15,10,86084.24
8813,2943,114,2,80348.52,10,144627.34
8814,2944,70,4,96084.25,20,307469.6
8815,2944,100,2,95649.15,5,181733.38
8816,2944,10,3,40072.41,0,120217.23
8817,2944,87,4,90630.87,20,290018.78
8818,2945,34,1,61585.29,20,49268.23
8819,2945,72,3,58534.22,10,158042.39
8820,2946,32,3,72996.06,20,175190.54
8821,2946,25,4,80193.7,15,272658.58
8822,2946,33,2,53293.43,15,90598.83
8823,2946,54,1,53786.68,5,51097.35
8824,2946,116,1,58762.22,5,55824.11
8825,2947,8,4,42461.96,10,152863.06
8826,2947,41,2,54922.23,0,109844.46
8827,2947,119,4,1713.06,20,5481.79
8828,2948,91,2,56071.56,15,95321.65
8829,2948,119,1,1713.06,5,1627.41
8830,2948,108,4,74101.53,20,237124.9
8831,2949,70,4,96084.25,5,365120.15
8832,2949,82,1,33751.67,10,30376.5
8833,2949,13,2,13454.1,0,26908.2
8834,2949,31,4,34786.19,10,125230.28
8835,2950,32,1,72996.06,15,62046.65
8836,2950,26,2,83816.41,15,142487.9
8837,2950,107,2,88188.54,0,176377.08
8838,2951,106,4,85023.38,20,272074.82
8839,2951,2,3,56747.46,15,144706.02
8840,2951,118,3,84291.46,0,252874.38
8841,2952,15,4,72941.96,20,233414.27
8842,2952,77,3,67944.84,15,173259.34
8843,2953,34,4,61585.29,15,209389.99
8844,2953,43,4,59578.07,5,226396.67
8845,2954,61,4,18524.26,0,74097.04
8846,2954,79,1,22216.62,10,19994.96
8847,2954,35,3,79232.66,0,237697.98
8848,2954,6,2,48116.68,20,76986.69
8849,2955,31,2,34786.19,5,66093.76
8850,2955,79,4,22216.62,5,84423.16
8851,2956,53,2,51495.52,10,92691.94
8852,2956,115,4,59569.63,10,214450.67
8853,2956,56,4,100863.62,10,363109.03
8854,2956,12,1,69880.47,20,55904.38
8855,2956,8,3,42461.96,5,121016.59
8856,2957,53,4,51495.52,5,195682.98
8857,2957,19,3,64845.01,0,194535.03
8858,2958,111,1,39015.4,20,31212.32
8859,2958,37,4,11659.77,0,46639.08
8860,2958,110,3,99175.28,20,238020.67
8861,2958,50,1,118553.15,20,94842.52
8862,2959,107,3,88188.54,10,238109.06
8863,2959,86,3,78192.22,10,211118.99
8864,2959,76,2,3722.49,0,7444.98
8865,2960,94,2,13417.8,0,26835.6
8866,2960,39,3,18108.8,5,51610.08
8867,2960,111,2,39015.4,10,70227.72
8868,2960,98,4,12677.21,5,48173.4
8869,2961,106,4,85023.38,20,272074.82
8870,2961,100,1,95649.15,0,95649.15
8871,2961,116,4,58762.22,0,235048.88
8872,2962,86,3,78192.22,0,234576.66
8873,2962,117,2,41170.49,10,74106.88
8874,2963,117,3,41170.49,20,98809.18
8875,2963,101,3,41990.85,15,107076.67
8876,2963,33,3,53293.43,5,151886.28
8877,2963,32,4,72996.06,10,262785.82
8878,2964,11,2,105306.09,20,168489.74
8879,2964,53,3,51495.52,20,123589.25
8880,2964,2,3,56747.46,5,161730.26
8881,2965,119,2,1713.06,0,3426.12
8882,2965,41,3,54922.23,0,164766.69
8883,2965,73,3,80430.4,10,217162.08
8884,2965,120,2,10730.75,20,17169.2
8885,2966,3,2,110255.0,5,209484.5
8886,2966,117,4,41170.49,15,139979.67
8887,2967,76,3,3722.49,10,10050.72
8888,2967,90,4,80500.33,20,257601.06
8889,2968,17,4,30939.34,10,111381.62
8890,2968,34,4,61585.29,5,234024.1
8891,2968,82,2,33751.67,10,60753.01
8892,2968,98,1,12677.21,20,10141.77
8893,2969,57,2,58409.34,20,93454.94
8894,2969,72,2,58534.22,0,117068.44
8895,2969,38,4,80899.08,10,291236.69
8896,2969,23,2,79774.8,0,159549.6
8897,2969,79,2,22216.62,20,35546.59
8898,2970,118,2,84291.46,10,151724.63
8899,2971,74,3,87039.67,5,248063.06
8900,2971,73,3,80430.4,10,217162.08
8901,2971,12,4,69880.47,10,251569.69
8902,2971,47,1,56013.71,5,53213.02
8903,2971,99,2,102110.04,10,183798.07
8904,2972,54,2,53786.68,0,107573.36
8905,2973,96,3,47900.21,20,114960.5
8906,2973,101,1,41990.85,15,35692.22
8907,2973,84,2,2816.3,0,5632.6
8908,2973,118,2,84291.46,20,134866.34
8909,2973,35,2,79232.66,0,158465.32
8910,2974,85,1,119988.99,10,107990.09
8911,2975,7,1,8795.78,15,7476.41
8912,2975,63,1,49208.12,20,39366.5
8913,2975,8,3,42461.96,0,127385.88
8914,2975,48,4,110137.67,5,418523.15
8915,2976,17,3,30939.34,15,78895.32
8916,2976,55,2,54283.34,0,108566.68
8917,2977,102,4,8740.33,20,27969.06
8918,2977,96,4,47900.21,15,162860.71
8919,2977,109,3,93069.65,5,265248.5
8920,2977,83,2,30646.45,20,49034.32
8921,2977,31,4,34786.19,5,132187.52
8922,2978,111,2,39015.4,20,62424.64
8923,2979,104,1,13111.9,0,13111.9
8924,2979,19,4,64845.01,10,233442.04
8925,2979,96,1,47900.21,10,43110.19
8926,2979,78,3,77308.58,5,220329.45
8927,2980,95,2,69307.71,0,138615.42
8928,2980,29,4,74054.03,20,236972.9
8929,2980,25,2,80193.7,0,160387.4
8930,2981,113,4,90181.92,0,360727.68
8931,2981,9,4,81702.42,15,277788.23
8932,2981,79,3,22216.62,0,66649.86
8933,2981,107,2,88188.54,0,176377.08
8934,2982,85,3,119988.99,20,287973.58
8935,2982,79,4,22216.62,0,88866.48
8936,2982,99,1,102110.04,10,91899.04
8937,2983,112,4,33831.93,5,128561.33
8938,2984,27,2,23424.89,15,39822.31
8939,2984,22,3,110532.12,15,281856.91
8940,2984,94,2,13417.8,5,25493.82
8941,2984,72,4,58534.22,20,187309.5
8942,2984,60,4,107216.71,10,385980.16
8943,2985,69,2,64817.36,0,129634.72
8944,2985,63,4,49208.12,10,177149.23
8945,2986,33,3,53293.43,0,159880.29
8946,2986,84,4,2816.3,10,10138.68
8947,2986,78,3,77308.58,20,185540.59
8948,2987,1,2,46213.74,15,78563.36
8949,2987,74,4,87039.67,0,348158.68
8950,2987,120,3,10730.75,15,27363.41
8951,2988,42,1,23735.01,20,18988.01
8952,2989,84,4,2816.3,15,9575.42
8953,2990,54,1,53786.68,20,43029.34
8954,2990,55,4,54283.34,15,184563.36
8955,2990,117,4,41170.49,15,139979.67
8956,2991,35,1,79232.66,0,79232.66
8957,2991,1,2,46213.74,15,78563.36
8958,2992,54,4,53786.68,10,193632.05
8959,2992,109,4,93069.65,5,353664.67
8960,2992,83,2,30646.45,20,49034.32
8961,2993,56,3,100863.62,20,242072.69
8962,2994,98,3,12677.21,15,32326.89
8963,2994,90,1,80500.33,15,68425.28
8964,2994,24,1,108055.6,15,91847.26
8965,2994,16,3,46530.85,5,132612.92
8966,2995,70,1,96084.25,15,81671.61
8967,2995,77,1,67944.84,15,57753.11
8968,2996,46,1,96591.13,15,82102.46
8969,2997,56,4,100863.62,0,403454.48
8970,2997,109,3,93069.65,20,223367.16
8971,2998,57,2,58409.34,0,116818.68
8972,2998,78,3,77308.58,15,197136.88
8973,2998,56,4,100863.62,0,403454.48
8974,2998,87,4,90630.87,0,362523.48
8975,2999,78,2,77308.58,0,154617.16
8976,2999,111,4,39015.4,20,124849.28
8977,3000,33,2,53293.43,15,90598.83
8978,3000,100,3,95649.15,20,229557.96
8979,3001,118,2,84291.46,0,168582.92
8980,3001,65,1,47042.48,20,37633.98
8981,3001,24,4,108055.6,0,432222.4
8982,3002,15,2,72941.96,5,138589.72
8983,3003,58,1,53064.77,10,47758.29
8984,3003,98,1,12677.21,20,10141.77
8985,3003,94,2,13417.8,20,21468.48
8986,3003,67,2,45955.53,10,82719.95
8987,3004,54,3,53786.68,0,161360.04
8988,3005,53,1,51495.52,5,48920.74
8989,3005,82,1,33751.67,20,27001.34
8990,3005,31,1,34786.19,10,31307.57
8991,3005,61,1,18524.26,20,14819.41
8992,3005,69,1,64817.36,5,61576.49
8993,3006,39,4,18108.8,10,65191.68
8994,3007,43,1,59578.07,20,47662.46
8995,3008,80,2,39618.64,15,67351.69
8996,3009,82,4,33751.67,20,108005.34
8997,3010,13,4,13454.1,5,51125.58
8998,3010,14,3,87561.13,5,249549.22
8999,3010,62,1,84917.09,15,72179.53
9000,3010,98,4,12677.21,0,50708.84
9001,3011,20,4,88576.0,15,301158.4
9002,3011,36,3,79830.53,15,203567.85
9003,3011,87,2,90630.87,10,163135.57
9004,3011,2,1,56747.46,0,56747.46
9005,3011,33,2,53293.43,0,106586.86
9006,3012,45,4,93521.24,5,355380.71
9007,3012,76,2,3722.49,10,6700.48
9008,3012,72,3,58534.22,15,149262.26
9009,3012,78,4,77308.58,10,278310.89
9010,3013,47,1,56013.71,0,56013.71
9011,3013,10,1,40072.41,5,38068.79
9012,3014,57,4,58409.34,15,198591.76
9013,3014,118,1,84291.46,20,67433.17
9014,3015,79,3,22216.62,10,59984.87
9015,3015,85,3,119988.99,5,341968.62
9016,3016,16,1,46530.85,10,41877.76
9017,3017,112,3,33831.93,10,91346.21
9018,3017,14,2,87561.13,5,166366.15
9019,3017,27,2,23424.89,15,39822.31
9020,3018,115,3,59569.63,5,169773.45
9021,3018,22,2,110532.12,5,210011.03
9022,3018,105,3,76452.42,5,217889.4
9023,3019,102,3,8740.33,15,22287.84
9024,3019,74,2,87039.67,20,139263.47
9025,3019,114,1,80348.52,15,68296.24
9026,3019,56,2,100863.62,5,191640.88
9027,3020,93,3,93446.13,20,224270.71
9028,3020,67,2,45955.53,20,73528.85
9029,3020,6,3,48116.68,0,144350.04
9030,3021,67,2,45955.53,20,73528.85
9031,3021,57,2,58409.34,15,99295.88
9032,3021,96,1,47900.21,15,40715.18
9033,3022,68,1,36184.21,10,32565.79
9034,3023,53,4,51495.52,10,185383.87
9035,3024,96,3,47900.21,0,143700.63
9036,3024,4,3,98554.1,15,251312.96
9037,3024,100,4,95649.15,10,344336.94
9038,3024,28,4,81439.49,20,260606.37
9039,3025,76,1,3722.49,10,3350.24
9040,3025,69,2,64817.36,20,103707.78
9041,3025,61,2,18524.26,20,29638.82
9042,3025,2,1,56747.46,5,53910.09
9043,3025,68,2,36184.21,5,68750.0
9044,3026,98,4,12677.21,15,43102.51
9045,3026,83,3,30646.45,10,82745.42
9046,3027,20,2,88576.0,10,159436.8
9047,3027,2,4,56747.46,10,204290.86
9048,3028,27,1,23424.89,15,19911.16
9049,3029,78,3,77308.58,10,208733.17
9050,3029,77,1,67944.84,0,67944.84
9051,3030,19,4,64845.01,0,259380.04
9052,3030,75,3,110385.22,5,314597.88
9053,3030,67,4,45955.53,20,147057.7
9054,3030,94,3,13417.8,15,34215.39
9055,3031,47,4,56013.71,20,179243.87
9056,3032,50,2,118553.15,10,213395.67
9057,3032,79,2,22216.62,20,35546.59
9058,3032,39,1,18108.8,20,14487.04
9059,3032,10,4,40072.41,0,160289.64
9060,3032,18,1,702.11,0,702.11
9061,3033,91,1,56071.56,5,53267.98
9062,3033,52,4,73711.95,20,235878.24
9063,3034,103,4,2011.93,5,7645.33
9064,3034,107,1,88188.54,5,83779.11
9065,3035,100,1,95649.15,20,76519.32
9066,3035,10,1,40072.41,10,36065.17
9067,3036,73,4,80430.4,20,257377.28
9068,3036,63,3,49208.12,5,140243.14
9069,3036,43,1,59578.07,20,47662.46
9070,3036,99,1,102110.04,20,81688.03
9071,3037,12,1,69880.47,0,69880.47
9072,3037,92,2,20550.8,15,34936.36
9073,3037,89,3,18709.69,20,44903.26
9074,3037,115,4,59569.63,10,214450.67
9075,3037,30,4,65978.5,0,263914.0
9076,3038,68,1,36184.21,10,32565.79
9077,3038,15,2,72941.96,5,138589.72
9078,3038,58,2,53064.77,15,90210.11
9079,3038,101,3,41990.85,20,100778.04
9080,3039,54,2,53786.68,0,107573.36
9081,3040,113,1,90181.92,20,72145.54
9082,3040,51,1,114029.73,0,114029.73
9083,3041,78,3,77308.58,0,231925.74
9084,3041,85,2,119988.99,15,203981.28
9085,3041,108,2,74101.53,5,140792.91
9086,3041,24,2,108055.6,20,172888.96
9087,3042,109,1,93069.65,20,74455.72
9088,3043,105,1,76452.42,15,64984.56
9089,3043,52,4,73711.95,5,280105.41
9090,3044,71,2,58843.42,10,105918.16
9091,3044,1,2,46213.74,5,87806.11
9092,3044,56,2,100863.62,10,181554.52
9093,3044,95,1,69307.71,0,69307.71
9094,3044,108,4,74101.53,5,281585.81
9095,3045,49,2,16434.02,0,32868.04
9096,3045,16,3,46530.85,0,139592.55
9097,3045,63,3,49208.12,0,147624.36
9098,3046,111,2,39015.4,10,70227.72
9099,3047,73,4,80430.4,15,273463.36
9100,3047,81,3,40831.32,5,116369.26
9101,3047,88,2,24323.6,20,38917.76
9102,3048,36,1,79830.53,20,63864.42
9103,3048,26,3,83816.41,20,201159.38
9104,3048,29,1,74054.03,0,74054.03
9105,3048,78,1,77308.58,20,61846.86
9106,3049,92,3,20550.8,15,52404.54
9107,3050,74,3,87039.67,10,235007.11
9108,3050,33,3,53293.43,15,135898.25
9109,3051,3,1,110255.0,15,93716.75
9110,3051,18,3,702.11,0,2106.33
9111,3051,28,1,81439.49,15,69223.57
9112,3051,22,1,110532.12,20,88425.7
9113,3051,1,1,46213.74,15,39281.68
9114,3052,119,4,1713.06,15,5824.4
9115,3052,21,3,52040.04,0,156120.12
9116,3052,50,3,118553.15,15,302310.53
9117,3052,105,1,76452.42,15,64984.56
9118,3052,116,2,58762.22,5,111648.22
9119,3053,69,4,64817.36,5,246305.97
9120,3053,113,1,90181.92,5,85672.82
9121,3053,96,1,47900.21,10,43110.19
9122,3053,112,4,33831.93,0,135327.72
9123,3054,97,3,9581.58,5,27307.5
9124,3054,38,4,80899.08,0,323596.32
9125,3054,12,4,69880.47,10,251569.69
9126,3054,33,3,53293.43,5,151886.28
9127,3055,7,2,8795.78,20,14073.25
9128,3056,41,3,54922.23,5,156528.36
9129,3056,55,4,54283.34,5,206276.69
9130,3057,73,2,80430.4,10,144774.72
9131,3058,20,2,88576.0,15,150579.2
9132,3059,22,2,110532.12,10,198957.82
9133,3060,58,4,53064.77,5,201646.13
9134,3061,48,1,110137.67,15,93617.02
9135,3061,35,2,79232.66,15,134695.52
9136,3061,87,1,90630.87,10,81567.78
9137,3061,5,3,27139.36,20,65134.46
9138,3062,96,1,47900.21,0,47900.21
9139,3062,52,2,73711.95,20,117939.12
9140,3062,80,4,39618.64,10,142627.1
9141,3062,81,4,40831.32,0,163325.28
9142,3062,116,2,58762.22,0,117524.44
9143,3063,34,3,61585.29,15,157042.49
9144,3063,60,2,107216.71,10,192990.08
9145,3063,72,1,58534.22,20,46827.38
9146,3063,105,3,76452.42,10,206421.53
9147,3064,73,1,80430.4,20,64344.32
9148,3064,20,2,88576.0,20,141721.6
9149,3064,46,4,96591.13,0,386364.52
9150,3064,60,1,107216.71,5,101855.87
9151,3064,113,3,90181.92,10,243491.18
9152,3065,88,1,24323.6,5,23107.42
9153,3065,43,2,59578.07,20,95324.91
9154,3065,19,4,64845.01,10,233442.04
9155,3066,5,2,27139.36,20,43422.98
9156,3066,100,1,95649.15,10,86084.24
9157,3066,45,2,93521.24,0,187042.48
9158,3066,24,4,108055.6,15,367389.04
9159,3066,68,2,36184.21,0,72368.42
9160,3067,3,4,110255.0,15,374867.0
9161,3067,14,4,87561.13,15,297707.84
9162,3067,95,2,69307.71,0,138615.42
9163,3068,75,4,110385.22,0,441540.88
9164,3069,4,1,98554.1,10,88698.69
9165,3069,109,2,93069.65,20,148911.44
9166,3069,56,4,100863.62,15,342936.31
9167,3070,96,4,47900.21,15,162860.71
9168,3070,103,4,2011.93,20,6438.18
9169,3070,48,3,110137.67,20,264330.41
9170,3071,22,4,110532.12,5,420022.06
9171,3071,92,2,20550.8,10,36991.44
9172,3072,11,4,105306.09,15,358040.71
9173,3072,74,3,87039.67,0,261119.01
9174,3072,86,3,78192.22,0,234576.66
9175,3072,6,2,48116.68,10,86610.02
9176,3072,42,2,23735.01,0,47470.02
9177,3073,57,1,58409.34,15,49647.94
9178,3073,50,1,118553.15,10,106697.83
9179,3073,104,1,13111.9,20,10489.52
9180,3073,89,1,18709.69,15,15903.24
9181,3073,71,1,58843.42,5,55901.25
9182,3074,94,4,13417.8,5,50987.64
9183,3074,85,1,119988.99,0,119988.99
9184,3074,28,2,81439.49,0,162878.98
9185,3075,92,2,20550.8,15,34936.36
9186,3075,16,1,46530.85,0,46530.85
9187,3075,104,1,13111.9,10,11800.71
9188,3075,56,4,100863.62,15,342936.31
9189,3076,114,3,80348.52,10,216941.0
9190,3076,102,1,8740.33,10,7866.3
9191,3076,97,3,9581.58,10,25870.27
9192,3076,30,4,65978.5,10,237522.6
9193,3077,42,4,23735.01,0,94940.04
9194,3077,76,1,3722.49,20,2977.99
9195,3077,23,3,79774.8,5,227358.18
9196,3077,52,2,73711.95,0,147423.9
9197,3077,30,1,65978.5,10,59380.65
9198,3078,48,1,110137.67,10,99123.9
9199,3078,116,1,58762.22,20,47009.78
9200,3078,56,1,100863.62,5,95820.44
9201,3078,2,3,56747.46,10,153218.14
9202,3079,60,2,107216.71,10,192990.08
9203,3080,11,2,105306.09,0,210612.18
9204,3080,34,1,61585.29,5,58506.03
9205,3081,44,2,78898.93,0,157797.86
9206,3081,1,2,46213.74,10,83184.73
9207,3081,84,1,2816.3,0,2816.3
9208,3082,26,1,83816.41,5,79625.59
9209,3082,72,2,58534.22,15,99508.17
9210,3082,89,2,18709.69,5,35548.41
9211,3082,53,4,51495.52,20,164785.66
9212,3083,24,2,108055.6,0,216111.2
9213,3083,47,2,56013.71,0,112027.42
9214,3083,89,2,18709.69,15,31806.47
9215,3083,65,4,47042.48,0,188169.92
9216,3083,69,4,64817.36,0,259269.44
9217,3084,98,1,12677.21,5,12043.35
9218,3084,67,4,45955.53,10,165439.91
9219,3084,59,1,28521.98,15,24243.68
9220,3084,52,2,73711.95,15,125310.31
9221,3085,32,1,72996.06,15,62046.65
9222,3086,79,3,22216.62,20,53319.89
9223,3086,82,2,33751.67,0,67503.34
9224,3086,29,2,74054.03,5,140702.66
9225,3086,78,4,77308.58,20,247387.46
9226,3087,106,4,85023.38,20,272074.82
9227,3087,100,2,95649.15,5,181733.38
9228,3088,13,3,13454.1,15,34307.96
9229,3088,111,2,39015.4,5,74129.26
9230,3088,87,1,90630.87,15,77036.24
9231,3088,11,4,105306.09,20,336979.49
9232,3089,91,2,56071.56,20,89714.5
9233,3089,10,1,40072.41,10,36065.17
9234,3089,109,3,93069.65,15,237327.61
9235,3090,71,3,58843.42,15,150050.72
9236,3090,58,2,53064.77,5,100823.06
9237,3090,40,4,118080.35,20,377857.12
9238,3091,103,4,2011.93,15,6840.56
9239,3091,58,1,53064.77,15,45105.05
9240,3092,73,3,80430.4,15,205097.52
9241,3092,111,3,39015.4,0,117046.2
9242,3092,75,4,110385.22,20,353232.7
9243,3092,7,3,8795.78,5,25067.97
9244,3092,55,4,54283.34,15,184563.36
9245,3093,100,3,95649.15,10,258252.7
9246,3093,11,2,105306.09,10,189550.96
9247,3093,116,4,58762.22,15,199791.55
9248,3093,111,4,39015.4,15,132652.36
9249,3094,65,1,47042.48,20,37633.98
9250,3094,30,2,65978.5,15,112163.45
9251,3094,53,3,51495.52,10,139037.9
9252,3095,37,2,11659.77,10,20987.59
9253,3096,82,4,33751.67,20,108005.34
9254,3096,8,2,42461.96,20,67939.14
9255,3096,20,3,88576.0,20,212582.4
9256,3096,16,1,46530.85,15,39551.22
9257,3097,76,1,3722.49,5,3536.37
9258,3097,38,1,80899.08,10,72809.17
9259,3098,66,4,113554.41,10,408795.88
9260,3099,106,4,85023.38,20,272074.82
9261,3099,76,2,3722.49,20,5955.98
9262,3099,60,2,107216.71,0,214433.42
9263,3099,118,2,84291.46,5,160153.77
9264,3099,1,3,46213.74,0,138641.22
9265,3100,9,4,81702.42,10,294128.71
9266,3101,82,1,33751.67,0,33751.67
9267,3101,20,4,88576.0,0,354304.0
9268,3102,67,3,45955.53,0,137866.59
9269,3102,92,1,20550.8,20,16440.64
9270,3103,113,1,90181.92,10,81163.73
9271,3103,103,2,2011.93,0,4023.86
9272,3103,87,4,90630.87,15,308144.96
9273,3103,111,4,39015.4,0,156061.6
9274,3104,60,1,107216.71,10,96495.04
9275,3104,90,2,80500.33,5,152950.63
9276,3104,76,4,3722.49,20,11911.97
9277,3104,12,4,69880.47,10,251569.69
9278,3104,66,4,113554.41,10,408795.88
9279,3105,100,1,95649.15,10,86084.24
9280,3105,24,2,108055.6,5,205305.64
9281,3105,54,2,53786.68,10,96816.02
9282,3106,91,1,56071.56,20,44857.25
9283,3106,101,4,41990.85,10,151167.06
9284,3106,110,1,99175.28,10,89257.75
9285,3106,120,1,10730.75,10,9657.68
9286,3106,93,1,93446.13,5,88773.82
9287,3107,103,4,2011.93,0,8047.72
9288,3107,96,2,47900.21,15,81430.36
9289,3108,83,2,30646.45,0,61292.9
9290,3108,89,2,18709.69,10,33677.44
9291,3108,38,3,80899.08,10,218427.52
9292,3108,28,4,81439.49,20,260606.37
9293,3108,9,1,81702.42,0,81702.42
9294,3109,17,2,30939.34,15,52596.88
9295,3109,32,3,72996.06,15,186139.95
9296,3109,8,2,42461.96,15,72185.33
9297,3109,49,1,16434.02,10,14790.62
9298,3110,49,2,16434.02,5,31224.64
9299,3110,63,2,49208.12,10,88574.62
9300,3110,78,4,77308.58,15,262849.17
9301,3110,47,2,56013.71,15,95223.31
9302,3111,16,3,46530.85,10,125633.29
9303,3111,104,3,13111.9,0,39335.7
9304,3111,17,2,30939.34,20,49502.94
9305,3111,4,3,98554.1,10,266096.07
9306,3111,108,2,74101.53,20,118562.45
9307,3112,16,4,46530.85,15,158204.89
9308,3112,31,4,34786.19,10,125230.28
9309,3112,87,4,90630.87,20,290018.78
9310,3113,55,3,54283.34,0,162850.02
9311,3113,30,2,65978.5,10,118761.3
9312,3113,73,1,80430.4,20,64344.32
9313,3113,117,3,41170.49,20,98809.18
9314,3113,11,1,105306.09,10,94775.48
9315,3114,18,3,702.11,5,2001.01
9316,3114,47,4,56013.71,20,179243.87
9317,3114,39,4,18108.8,0,72435.2
9318,3114,35,1,79232.66,20,63386.13
9319,3115,59,3,28521.98,0,85565.94
9320,3116,31,4,34786.19,20,111315.81
9321,3117,89,3,18709.69,20,44903.26
9322,3117,15,4,72941.96,15,248002.66
9323,3117,87,4,90630.87,0,362523.48
9324,3117,116,4,58762.22,10,211543.99
9325,3117,3,1,110255.0,0,110255.0
9326,3118,108,3,74101.53,15,188958.9
9327,3118,79,2,22216.62,0,44433.24
9328,3118,120,4,10730.75,15,36484.55
9329,3118,62,1,84917.09,20,67933.67
9330,3119,9,2,81702.42,20,130723.87
9331,3119,52,4,73711.95,5,280105.41
9332,3119,116,1,58762.22,5,55824.11
9333,3119,30,1,65978.5,5,62679.57
9334,3120,79,3,22216.62,15,56652.38
9335,3121,51,3,114029.73,5,324984.73
9336,3121,39,3,18108.8,20,43461.12
9337,3122,22,1,110532.12,0,110532.12
9338,3122,7,2,8795.78,20,14073.25
9339,3122,116,2,58762.22,10,105772.0
9340,3122,70,2,96084.25,20,153734.8
9341,3123,4,3,98554.1,15,251312.96
9342,3123,37,4,11659.77,20,37311.26
9343,3123,82,4,33751.67,20,108005.34
9344,3124,101,3,41990.85,5,119673.92
9345,3125,42,2,23735.01,15,40349.52
9346,3125,66,4,113554.41,20,363374.11
9347,3125,89,4,18709.69,0,74838.76
9348,3125,35,2,79232.66,15,134695.52
9349,3126,108,2,74101.53,0,148203.06
9350,3126,79,1,22216.62,20,17773.3
9351,3126,40,3,118080.35,10,318816.95
9352,3126,116,3,58762.22,15,149843.66
9353,3127,7,3,8795.78,0,26387.34
9354,3127,94,1,13417.8,5,12746.91
9355,3127,54,1,53786.68,20,43029.34
9356,3128,28,4,81439.49,10,293182.16
9357,3128,33,3,53293.43,10,143892.26
9358,3129,95,2,69307.71,15,117823.11
9359,3129,53,3,51495.52,10,139037.9
9360,3129,59,1,28521.98,0,28521.98
9361,3130,87,3,90630.87,5,258297.98
9362,3130,27,3,23424.89,10,63247.2
9363,3130,106,2,85023.38,10,153042.08
9364,3131,64,1,50185.02,5,47675.77
9365,3132,95,3,69307.71,0,207923.13
9366,3132,98,4,12677.21,10,45637.96
9367,3133,86,1,78192.22,10,70373.0
9368,3133,34,3,61585.29,10,166280.28
9369,3134,85,4,119988.99,0,479955.96
9370,3135,43,1,59578.07,5,56599.17
9371,3135,31,1,34786.19,10,31307.57
9372,3136,35,2,79232.66,20,126772.26
9373,3136,115,1,59569.63,10,53612.67
9374,3136,107,3,88188.54,0,264565.62
9375,3137,61,4,18524.26,5,70392.19
9376,3138,82,2,33751.67,5,64128.17
9377,3138,94,2,13417.8,15,22810.26
9378,3138,98,2,12677.21,0,25354.42
9379,3139,105,3,76452.42,20,183485.81
9380,3139,19,4,64845.01,10,233442.04
9381,3139,114,4,80348.52,10,289254.67
9382,3139,65,4,47042.48,20,150535.94
9383,3140,10,3,40072.41,0,120217.23
9384,3140,4,3,98554.1,15,251312.96
9385,3141,62,2,84917.09,20,135867.34
9386,3141,24,4,108055.6,20,345777.92
9387,3141,93,2,93446.13,0,186892.26
9388,3142,38,1,80899.08,15,68764.22
9389,3142,52,3,73711.95,10,199022.26
9390,3142,97,4,9581.58,5,36410.0
9391,3142,102,3,8740.33,15,22287.84
9392,3142,82,4,33751.67,0,135006.68
9393,3143,58,1,53064.77,20,42451.82
9394,3143,46,1,96591.13,5,91761.57
9395,3143,67,1,45955.53,15,39062.2
9396,3143,106,3,85023.38,5,242316.63
9397,3143,43,1,59578.07,10,53620.26
9398,3144,106,3,85023.38,15,216809.62
9399,3144,34,4,61585.29,5,234024.1
9400,3144,118,2,84291.46,0,168582.92
9401,3144,69,2,64817.36,10,116671.25
9402,3145,62,1,84917.09,0,84917.09
9403,3145,11,1,105306.09,5,100040.79
9404,3145,117,1,41170.49,5,39111.97
9405,3145,70,4,96084.25,15,326686.45
9406,3145,84,2,2816.3,20,4506.08
9407,3146,119,4,1713.06,0,6852.24
9408,3146,17,4,30939.34,15,105193.76
9409,3146,115,4,59569.63,10,214450.67
9410,3147,44,1,78898.93,20,63119.14
9411,3147,54,2,53786.68,0,107573.36
9412,3147,47,2,56013.71,0,112027.42
9413,3147,18,1,702.11,0,702.11
9414,3148,21,1,52040.04,0,52040.04
9415,3148,73,4,80430.4,10,289549.44
9416,3148,120,1,10730.75,15,9121.14
9417,3149,19,2,64845.01,0,129690.02
9418,3149,72,4,58534.22,15,199016.35
9419,3149,110,2,99175.28,5,188433.03
9420,3150,5,4,27139.36,0,108557.44
9421,3151,117,2,41170.49,0,82340.98
9422,3151,59,3,28521.98,0,85565.94
9423,3151,68,1,36184.21,0,36184.21
9424,3151,69,1,64817.36,15,55094.76
9425,3152,93,1,93446.13,0,93446.13
9426,3153,95,3,69307.71,15,176734.66
9427,3153,43,3,59578.07,15,151924.08
9428,3153,70,1,96084.25,5,91280.04
9429,3153,81,2,40831.32,15,69413.24
9430,3154,120,1,10730.75,20,8584.6
9431,3154,78,2,77308.58,15,131424.59
9432,3154,11,3,105306.09,20,252734.62
9433,3154,107,4,88188.54,10,317478.74
9434,3155,34,2,61585.29,0,123170.58
9435,3155,113,3,90181.92,20,216436.61
9436,3156,20,4,88576.0,15,301158.4
9437,3157,56,1,100863.62,15,85734.08
9438,3157,104,2,13111.9,20,20979.04
9439,3157,38,2,80899.08,10,145618.34
9440,3157,102,1,8740.33,0,8740.33
9441,3157,92,4,20550.8,5,78093.04
9442,3158,21,4,52040.04,5,197752.15
9443,3158,12,2,69880.47,0,139760.94
9444,3158,61,1,18524.26,10,16671.83
9445,3158,103,1,2011.93,20,1609.54
9446,3158,23,4,79774.8,0,319099.2
9447,3159,8,3,42461.96,15,108278.0
9448,3159,51,4,114029.73,5,433312.97
9449,3160,1,1,46213.74,15,39281.68
9450,3161,62,4,84917.09,0,339668.36
9451,3161,26,1,83816.41,0,83816.41
9452,3161,106,4,85023.38,0,340093.52
9453,3161,84,4,2816.3,20,9012.16
9454,3162,38,4,80899.08,5,307416.5
9455,3163,38,3,80899.08,15,206292.65
9456,3163,24,4,108055.6,15,367389.04
9457,3163,44,4,78898.93,15,268256.36
9458,3163,23,2,79774.8,20,127639.68
9459,3164,86,2,78192.22,15,132926.77
9460,3164,84,1,2816.3,0,2816.3
9461,3165,102,3,8740.33,0,26220.99
9462,3165,83,4,30646.45,5,116456.51
9463,3165,104,2,13111.9,5,24912.61
9464,3165,10,1,40072.41,10,36065.17
9465,3166,47,3,56013.71,5,159639.07
9466,3167,88,4,24323.6,5,92429.68
9467,3167,117,1,41170.49,10,37053.44
9468,3167,116,4,58762.22,15,199791.55
9469,3167,100,1,95649.15,5,90866.69
9470,3167,3,1,110255.0,20,88204.0
9471,3168,105,4,76452.42,5,290519.2
9472,3168,73,3,80430.4,15,205097.52
9473,3168,27,1,23424.89,20,18739.91
9474,3169,13,4,13454.1,15,45743.94
9475,3169,91,2,56071.56,0,112143.12
9476,3169,55,4,54283.34,10,195420.02
9477,3170,18,2,702.11,10,1263.8
9478,3170,51,4,114029.73,0,456118.92
9479,3171,72,1,58534.22,20,46827.38
9480,3171,91,3,56071.56,10,151393.21
9481,3172,14,2,87561.13,10,157610.03
9482,3172,111,1,39015.4,5,37064.63
9483,3173,103,4,2011.93,10,7242.95
9484,3173,14,3,87561.13,15,223280.88
9485,3173,80,4,39618.64,10,142627.1
9486,3174,103,2,2011.93,0,4023.86
9487,3174,43,4,59578.07,10,214481.05
9488,3174,98,1,12677.21,15,10775.63
9489,3174,15,1,72941.96,5,69294.86
9490,3174,53,3,51495.52,5,146762.23
9491,3175,1,3,46213.74,15,117845.04
9492,3175,81,3,40831.32,10,110244.56
9493,3175,3,1,110255.0,15,93716.75
9494,3176,70,2,96084.25,0,192168.5
9495,3176,86,2,78192.22,15,132926.77
9496,3177,70,2,96084.25,10,172951.65
9497,3177,23,3,79774.8,5,227358.18
9498,3177,82,3,33751.67,20,81004.01
9499,3178,14,3,87561.13,10,236415.05
9500,3178,63,4,49208.12,0,196832.48
9501,3178,55,3,54283.34,0,162850.02
9502,3179,73,1,80430.4,5,76408.88
9503,3179,83,2,30646.45,10,55163.61
9504,3180,61,4,18524.26,15,62982.48
9505,3180,10,1,40072.41,10,36065.17
9506,3180,18,4,702.11,20,2246.75
9507,3180,114,3,80348.52,5,228993.28
9508,3181,63,3,49208.12,0,147624.36
9509,3181,73,1,80430.4,5,76408.88
9510,3181,117,1,41170.49,20,32936.39
9511,3182,78,4,77308.58,10,278310.89
9512,3183,42,4,23735.01,10,85446.04
9513,3183,17,4,30939.34,5,117569.49
9514,3183,106,1,85023.38,5,80772.21
9515,3184,2,1,56747.46,10,51072.71
9516,3185,2,2,56747.46,15,96470.68
9517,3185,1,2,46213.74,20,73941.98
9518,3185,90,4,80500.33,20,257601.06
9519,3185,32,4,72996.06,5,277385.03
9520,3185,43,2,59578.07,0,119156.14
9521,3186,116,4,58762.22,20,188039.1
9522,3187,22,1,110532.12,10,99478.91
9523,3187,15,1,72941.96,20,58353.57
9524,3187,47,1,56013.71,15,47611.65
9525,3187,35,1,79232.66,5,75271.03
9526,3188,53,2,51495.52,10,92691.94
9527,3188,28,2,81439.49,15,138447.13
9528,3188,43,2,59578.07,20,95324.91
9529,3188,69,4,64817.36,10,233342.5
9530,3188,99,3,102110.04,10,275697.11
9531,3189,31,3,34786.19,20,83486.86
9532,3189,47,3,56013.71,15,142834.96
9533,3190,105,1,76452.42,20,61161.94
9534,3190,78,1,77308.58,10,69577.72
9535,3190,13,3,13454.1,20,32289.84
9536,3190,114,4,80348.52,10,289254.67
9537,3190,56,2,100863.62,0,201727.24
9538,3191,77,3,67944.84,0,203834.52
9539,3191,86,4,78192.22,15,265853.55
9540,3191,98,3,12677.21,5,36130.05
9541,3191,8,1,42461.96,5,40338.86
9542,3191,102,4,8740.33,20,27969.06
9543,3192,104,1,13111.9,20,10489.52
9544,3193,39,3,18108.8,0,54326.4
9545,3193,69,1,64817.36,20,51853.89
9546,3193,95,2,69307.71,15,117823.11
9547,3193,62,2,84917.09,20,135867.34
9548,3193,35,4,79232.66,10,285237.58
9549,3194,82,1,33751.67,0,33751.67
9550,3194,85,4,119988.99,10,431960.36
9551,3194,3,2,110255.0,10,198459.0
9552,3194,46,4,96591.13,10,347728.07
9553,3194,59,2,28521.98,20,45635.17
9554,3195,4,4,98554.1,20,315373.12
9555,3195,90,1,80500.33,0,80500.33
9556,3195,89,1,18709.69,10,16838.72
9557,3195,71,1,58843.42,5,55901.25
9558,3195,35,2,79232.66,15,134695.52
9559,3196,101,1,41990.85,0,41990.85
9560,3196,62,2,84917.09,10,152850.76
9561,3196,87,1,90630.87,20,72504.7
9562,3197,100,3,95649.15,15,243905.33
9563,3197,55,4,54283.34,5,206276.69
9564,3197,7,3,8795.78,20,21109.87
9565,3198,28,1,81439.49,20,65151.59
9566,3198,43,1,59578.07,0,59578.07
9567,3198,57,1,58409.34,15,49647.94
9568,3198,17,2,30939.34,10,55690.81
9569,3198,86,4,78192.22,10,281491.99
9570,3199,87,2,90630.87,5,172198.65
9571,3200,28,4,81439.49,20,260606.37
9572,3200,100,2,95649.15,20,153038.64
9573,3201,18,4,702.11,20,2246.75
9574,3201,43,3,59578.07,15,151924.08
9575,3201,66,3,113554.41,0,340663.23
9576,3202,40,1,118080.35,5,112176.33
9577,3202,112,1,33831.93,0,33831.93
9578,3202,66,1,113554.41,5,107876.69
9579,3202,61,3,18524.26,10,50015.5
9580,3203,66,3,113554.41,10,306596.91
9581,3203,45,4,93521.24,0,374084.96
9582,3203,18,3,702.11,0,2106.33
9583,3203,75,3,110385.22,10,298040.09
9584,3203,34,1,61585.29,10,55426.76
9585,3204,84,1,2816.3,20,2253.04
9586,3204,14,1,87561.13,20,70048.9
9587,3204,110,4,99175.28,0,396701.12
9588,3205,21,1,52040.04,5,49438.04
9589,3205,23,2,79774.8,5,151572.12
9590,3205,74,3,87039.67,0,261119.01
9591,3206,92,4,20550.8,15,69872.72
9592,3207,80,3,39618.64,20,95084.74
9593,3207,1,2,46213.74,15,78563.36
9594,3207,111,1,39015.4,10,35113.86
9595,3207,76,2,3722.49,15,6328.23
9596,3207,67,3,45955.53,15,117186.6
9597,3208,69,4,64817.36,0,259269.44
9598,3208,75,4,110385.22,0,441540.88
9599,3208,28,4,81439.49,15,276894.27
9600,3208,92,4,20550.8,10,73982.88
9601,3208,65,3,47042.48,20,112901.95
9602,3209,21,4,52040.04,20,166528.13
9603,3209,93,1,93446.13,0,93446.13
9604,3209,9,3,81702.42,5,232851.9
9605,3210,39,3,18108.8,10,48893.76
9606,3210,8,3,42461.96,20,101908.7
9607,3210,18,4,702.11,15,2387.17
9608,3210,117,3,41170.49,10,111160.32
9609,3211,67,2,45955.53,0,91911.06
9610,3211,31,2,34786.19,10,62615.14
9611,3211,58,3,53064.77,0,159194.31
9612,3211,111,2,39015.4,5,74129.26
9613,3212,8,3,42461.96,15,108278.0
9614,3212,96,1,47900.21,0,47900.21
9615,3212,24,4,108055.6,5,410611.28
9616,3212,37,4,11659.77,10,41975.17
9617,3212,45,2,93521.24,10,168338.23
9618,3213,20,2,88576.0,0,177152.0
9619,3214,1,4,46213.74,15,157126.72
9620,3214,100,2,95649.15,10,172168.47
9621,3214,81,3,40831.32,5,116369.26
9622,3214,110,2,99175.28,10,178515.5
9623,3215,93,4,93446.13,10,336406.07
9624,3215,47,1,56013.71,15,47611.65
9625,3216,93,3,93446.13,5,266321.47
9626,3216,113,3,90181.92,0,270545.76
9627,3216,12,4,69880.47,5,265545.79
9628,3217,69,4,64817.36,0,259269.44
9629,3217,47,2,56013.71,5,106426.05
9630,3217,22,3,110532.12,10,298436.72
9631,3218,103,2,2011.93,0,4023.86
9632,3218,105,4,76452.42,0,305809.68
9633,3218,115,1,59569.63,5,56591.15
9634,3219,61,2,18524.26,5,35196.09
9635,3219,47,3,56013.71,0,168041.13
9636,3220,29,3,74054.03,10,199945.88
9637,3220,43,4,59578.07,5,226396.67
9638,3221,73,4,80430.4,20,257377.28
9639,3221,100,1,95649.15,0,95649.15
9640,3221,57,3,58409.34,10,157705.22
9641,3221,39,4,18108.8,5,68813.44
9642,3221,68,2,36184.21,20,57894.74
9643,3222,2,4,56747.46,10,204290.86
9644,3222,39,1,18108.8,0,18108.8
9645,3222,33,4,53293.43,10,191856.35
9646,3223,77,1,67944.84,15,57753.11
9647,3223,98,3,12677.21,20,30425.3
9648,3223,79,4,22216.62,20,71093.18
9649,3223,82,4,33751.67,5,128256.35
9650,3223,96,2,47900.21,5,91010.4
9651,3224,31,1,34786.19,0,34786.19
9652,3224,89,4,18709.69,20,59871.01
9653,3224,9,4,81702.42,0,326809.68
9654,3224,74,2,87039.67,15,147967.44
9655,3225,92,1,20550.8,5,19523.26
9656,3225,19,4,64845.01,0,259380.04
9657,3225,107,2,88188.54,5,167558.23
9658,3226,82,3,33751.67,10,91129.51
9659,3226,37,2,11659.77,5,22153.56
9660,3227,89,1,18709.69,0,18709.69
9661,3227,17,1,30939.34,0,30939.34
9662,3228,34,2,61585.29,10,110853.52
9663,3228,85,1,119988.99,20,95991.19
9664,3229,42,4,23735.01,5,90193.04
9665,3229,49,3,16434.02,20,39441.65
9666,3229,15,3,72941.96,15,186002.0
9667,3229,82,4,33751.67,15,114755.68
9668,3229,63,3,49208.12,0,147624.36
9669,3230,9,2,81702.42,0,163404.84
9670,3230,116,4,58762.22,0,235048.88
9671,3230,36,1,79830.53,15,67855.95
9672,3230,1,2,46213.74,5,87806.11
9673,3231,55,2,54283.34,15,92281.68
9674,3231,61,1,18524.26,15,15745.62
9675,3231,108,2,74101.53,15,125972.6
9676,3232,74,4,87039.67,5,330750.75
9677,3232,61,2,18524.26,10,33343.67
9678,3232,91,2,56071.56,20,89714.5
9679,3232,58,2,53064.77,0,106129.54
9680,3232,111,3,39015.4,15,99489.27
9681,3233,26,1,83816.41,5,79625.59
9682,3233,67,3,45955.53,5,130973.26
9683,3234,63,1,49208.12,20,39366.5
9684,3234,88,3,24323.6,0,72970.8
9685,3235,119,2,1713.06,10,3083.51
9686,3235,21,3,52040.04,15,132702.1
9687,3235,24,4,108055.6,0,432222.4
9688,3236,5,2,27139.36,20,43422.98
9689,3236,36,2,79830.53,5,151678.01
9690,3236,54,4,53786.68,10,193632.05
9691,3237,27,4,23424.89,20,74959.65
9692,3237,92,3,20550.8,20,49321.92
9693,3238,44,3,78898.93,20,189357.43
9694,3238,72,3,58534.22,0,175602.66
9695,3238,62,2,84917.09,10,152850.76
9696,3239,2,4,56747.46,0,226989.84
9697,3239,1,4,46213.74,0,184854.96
9698,3240,60,3,107216.71,5,305567.62
9699,3240,93,1,93446.13,10,84101.52
9700,3240,81,2,40831.32,10,73496.38
9701,3241,18,1,702.11,5,667.0
9702,3241,86,3,78192.22,5,222847.83
9703,3241,108,3,74101.53,10,200074.13
9704,3241,59,1,28521.98,0,28521.98
9705,3241,109,1,93069.65,10,83762.68
9706,3242,85,1,119988.99,20,95991.19
9707,3242,53,3,51495.52,0,154486.56
9708,3242,58,3,53064.77,20,127355.45
9709,3242,54,4,53786.68,10,193632.05
9710,3243,108,2,74101.53,5,140792.91
9711,3243,99,1,102110.04,15,86793.53
9712,3243,42,3,23735.01,10,64084.53
9713,3244,112,2,33831.93,15,57514.28
9714,3244,8,1,42461.96,10,38215.76
9715,3244,90,2,80500.33,10,144900.59
9716,3245,32,3,72996.06,5,208038.77
9717,3245,84,1,2816.3,5,2675.49
9718,3245,117,2,41170.49,10,74106.88
9719,3245,4,2,98554.1,15,167541.97
9720,3245,80,3,39618.64,20,95084.74
9721,3246,38,4,80899.08,5,307416.5
9722,3246,37,1,11659.77,15,9910.8
9723,3246,21,1,52040.04,15,44234.03
9724,3246,65,1,47042.48,0,47042.48
9725,3247,99,3,102110.04,5,291013.61
9726,3247,2,1,56747.46,0,56747.46
9727,3247,48,4,110137.67,10,396495.61
9728,3247,51,1,114029.73,0,114029.73
9729,3247,78,3,77308.58,10,208733.17
9730,3248,89,3,18709.69,20,44903.26
9731,3248,10,2,40072.41,0,80144.82
9732,3249,17,1,30939.34,0,30939.34
9733,3250,101,1,41990.85,10,37791.76
9734,3250,2,4,56747.46,20,181591.87
9735,3250,28,3,81439.49,0,244318.47
9736,3251,35,1,79232.66,10,71309.39
9737,3252,16,2,46530.85,15,79102.44
9738,3252,35,4,79232.66,0,316930.64
9739,3252,93,2,93446.13,0,186892.26
9740,3253,11,4,105306.09,5,400163.14
9741,3254,34,1,61585.29,15,52347.5
9742,3254,15,1,72941.96,15,62000.67
9743,3255,41,2,54922.23,0,109844.46
9744,3255,45,1,93521.24,15,79493.05
9745,3256,94,3,13417.8,10,36228.06
9746,3256,5,2,27139.36,10,48850.85
9747,3256,70,1,96084.25,20,76867.4
9748,3257,41,2,54922.23,5,104352.24
9749,3257,99,4,102110.04,0,408440.16
9750,3258,13,1,13454.1,0,13454.1
9751,3258,99,1,102110.04,5,97004.54
9752,3258,91,4,56071.56,0,224286.24
9753,3258,108,2,74101.53,5,140792.91
9754,3258,35,4,79232.66,10,285237.58
9755,3259,20,2,88576.0,10,159436.8
9756,3259,103,3,2011.93,0,6035.79
9757,3259,46,2,96591.13,15,164204.92
9758,3259,34,4,61585.29,10,221707.04
9759,3259,82,2,33751.67,15,57377.84
9760,3260,71,1,58843.42,0,58843.42
9761,3260,9,3,81702.42,0,245107.26
9762,3260,113,2,90181.92,20,144291.07
9763,3261,64,2,50185.02,15,85314.53
9764,3261,61,4,18524.26,15,62982.48
9765,3261,80,1,39618.64,0,39618.64
9766,3261,67,4,45955.53,0,183822.12
9767,3262,11,2,105306.09,5,200081.57
9768,3262,92,1,20550.8,10,18495.72
9769,3262,89,4,18709.69,20,59871.01
9770,3263,107,4,88188.54,5,335116.45
9771,3264,87,2,90630.87,15,154072.48
9772,3265,55,1,54283.34,20,43426.67
9773,3265,100,3,95649.15,0,286947.45
9774,3265,15,2,72941.96,20,116707.14
9775,3265,12,1,69880.47,20,55904.38
9776,3265,109,2,93069.65,15,158218.4
9777,3266,114,2,80348.52,5,152662.19
9778,3266,103,3,2011.93,0,6035.79
9779,3267,46,1,96591.13,0,96591.13
9780,3267,3,3,110255.0,0,330765.0
9781,3267,68,1,36184.21,20,28947.37
9782,3268,98,3,12677.21,15,32326.89
9783,3268,65,3,47042.48,10,127014.7
9784,3268,107,1,88188.54,20,70550.83
9785,3268,5,3,27139.36,0,81418.08
9786,3268,45,2,93521.24,10,168338.23
9787,3269,77,1,67944.84,15,57753.11
9788,3269,82,4,33751.67,0,135006.68
9789,3270,53,3,51495.52,20,123589.25
9790,3270,64,1,50185.02,5,47675.77
9791,3271,16,4,46530.85,15,158204.89
9792,3272,83,1,30646.45,10,27581.81
9793,3272,112,4,33831.93,10,121794.95
9794,3272,26,2,83816.41,5,159251.18
9795,3273,5,1,27139.36,5,25782.39
9796,3273,117,4,41170.49,15,139979.67
9797,3273,26,3,83816.41,20,201159.38
9798,3273,75,4,110385.22,15,375309.75
9799,3274,114,3,80348.52,5,228993.28
9800,3275,1,1,46213.74,15,39281.68
9801,3275,67,1,45955.53,0,45955.53
9802,3275,14,2,87561.13,15,148853.92
9803,3275,22,1,110532.12,0,110532.12
9804,3276,20,1,88576.0,15,75289.6
9805,3276,109,1,93069.65,20,74455.72
9806,3276,31,1,34786.19,20,27828.95
9807,3276,33,4,53293.43,10,191856.35
9808,3276,117,4,41170.49,20,131745.57
9809,3277,113,3,90181.92,20,216436.61
9810,3277,51,1,114029.73,10,102626.76
9811,3277,34,2,61585.29,20,98536.46
9812,3277,40,3,118080.35,15,301104.89
9813,3278,89,2,18709.69,15,31806.47
9814,3278,108,1,74101.53,0,74101.53
9815,3278,113,3,90181.92,10,243491.18
9816,3278,57,1,58409.34,5,55488.87
9817,3279,46,2,96591.13,0,193182.26
9818,3279,93,3,93446.13,15,238287.63
9819,3279,43,4,59578.07,10,214481.05
9820,3279,75,2,110385.22,5,209731.92
9821,3280,69,1,64817.36,5,61576.49
9822,3281,39,2,18108.8,15,30784.96
9823,3281,33,2,53293.43,15,90598.83
9824,3281,29,1,74054.03,20,59243.22
9825,3282,78,2,77308.58,0,154617.16
9826,3282,40,2,118080.35,10,212544.63
9827,3282,57,2,58409.34,20,93454.94
9828,3282,51,1,114029.73,0,114029.73
9829,3283,109,3,93069.65,15,237327.61
9830,3283,26,1,83816.41,10,75434.77
9831,3284,120,1,10730.75,15,9121.14
9832,3284,78,4,77308.58,10,278310.89
9833,3284,53,4,51495.52,20,164785.66
9834,3284,6,2,48116.68,10,86610.02
9835,3284,12,2,69880.47,10,125784.85
9836,3285,105,1,76452.42,10,68807.18
9837,3285,43,3,59578.07,10,160860.79
9838,3285,33,1,53293.43,5,50628.76
9839,3285,90,4,80500.33,5,305901.25
9840,3285,82,2,33751.67,10,60753.01
9841,3286,68,4,36184.21,10,130263.16
9842,3286,51,2,114029.73,5,216656.49
9843,3286,6,2,48116.68,0,96233.36
9844,3286,18,3,702.11,5,2001.01
9845,3286,78,1,77308.58,15,65712.29
9846,3287,90,1,80500.33,10,72450.3
9847,3287,64,1,50185.02,20,40148.02
9848,3287,67,2,45955.53,5,87315.51
9849,3287,55,3,54283.34,10,146565.02
9850,3287,3,1,110255.0,5,104742.25
9851,3288,27,1,23424.89,10,21082.4
9852,3288,26,4,83816.41,10,301739.08
9853,3288,100,2,95649.15,10,172168.47
9854,3288,64,1,50185.02,15,42657.27
9855,3288,72,3,58534.22,5,166822.53
9856,3289,84,1,2816.3,15,2393.86
9857,3290,25,4,80193.7,15,272658.58
9858,3290,96,1,47900.21,5,45505.2
9859,3290,41,4,54922.23,15,186735.58
9860,3291,36,1,79830.53,15,67855.95
9861,3291,11,2,105306.09,5,200081.57
9862,3291,46,3,96591.13,15,246307.38
9863,3291,98,4,12677.21,0,50708.84
9864,3292,70,4,96084.25,20,307469.6
9865,3292,44,2,78898.93,15,134128.18
9866,3292,10,3,40072.41,15,102184.65
9867,3293,11,4,105306.09,10,379101.92
9868,3294,106,2,85023.38,10,153042.08
9869,3295,107,2,88188.54,20,141101.66
9870,3295,17,4,30939.34,15,105193.76
9871,3295,58,4,53064.77,15,180420.22
9872,3295,67,3,45955.53,10,124079.93
9873,3296,15,4,72941.96,10,262591.06
9874,3296,114,1,80348.52,5,76331.09
9875,3296,25,2,80193.7,15,136329.29
9876,3297,62,4,84917.09,10,305701.52
9877,3297,47,3,56013.71,10,151237.02
9878,3297,50,3,118553.15,0,355659.45
9879,3297,23,2,79774.8,10,143594.64
9880,3298,31,3,34786.19,5,99140.64
9881,3298,52,2,73711.95,0,147423.9
9882,3298,85,3,119988.99,15,305971.92
9883,3299,113,1,90181.92,0,90181.92
9884,3299,91,4,56071.56,15,190643.3
9885,3299,90,2,80500.33,15,136850.56
9886,3299,26,1,83816.41,10,75434.77
9887,3299,79,2,22216.62,20,35546.59
9888,3300,30,1,65978.5,5,62679.57
9889,3300,35,4,79232.66,5,301084.11
9890,3300,84,3,2816.3,10,7604.01
9891,3300,100,3,95649.15,5,272600.08
9892,3300,29,3,74054.03,0,222162.09
9893,3301,68,1,36184.21,20,28947.37
9894,3301,50,4,118553.15,15,403080.71
9895,3301,90,2,80500.33,10,144900.59
9896,3301,93,2,93446.13,15,158858.42
9897,3301,114,2,80348.52,10,144627.34
9898,3302,62,1,84917.09,10,76425.38
9899,3302,101,4,41990.85,0,167963.4
9900,3303,31,4,34786.19,5,132187.52
9901,3304,51,4,114029.73,15,387701.08
9902,3305,80,4,39618.64,15,134703.38
9903,3305,93,4,93446.13,5,355095.29
9904,3305,70,1,96084.25,20,76867.4
9905,3305,67,2,45955.53,5,87315.51
9906,3306,55,1,54283.34,15,46140.84
9907,3306,57,4,58409.34,0,233637.36
9908,3306,6,3,48116.68,20,115480.03
9909,3306,88,3,24323.6,15,62025.18
9910,3306,59,2,28521.98,10,51339.56
9911,3307,77,1,67944.84,0,67944.84
9912,3307,65,2,47042.48,10,84676.46
9913,3308,37,1,11659.77,0,11659.77
9914,3308,62,3,84917.09,10,229276.14
9915,3309,11,1,105306.09,15,89510.18
9916,3309,57,1,58409.34,15,49647.94
9917,3309,12,4,69880.47,15,237593.6
9918,3310,41,2,54922.23,5,104352.24
9919,3310,32,4,72996.06,10,262785.82
9920,3310,71,2,58843.42,10,105918.16
9921,3311,105,1,76452.42,0,76452.42
9922,3311,94,1,13417.8,5,12746.91
9923,3312,38,3,80899.08,20,194157.79
9924,3313,47,4,56013.71,20,179243.87
9925,3314,103,3,2011.93,10,5432.21
9926,3314,119,3,1713.06,15,4368.3
9927,3314,28,2,81439.49,15,138447.13
9928,3315,86,3,78192.22,20,187661.33
9929,3315,40,1,118080.35,0,118080.35
9930,3315,93,4,93446.13,5,355095.29
9931,3316,49,1,16434.02,10,14790.62
9932,3317,12,2,69880.47,10,125784.85
9933,3318,70,2,96084.25,20,153734.8
9934,3318,116,4,58762.22,5,223296.44
9935,3318,22,1,110532.12,0,110532.12
9936,3318,8,2,42461.96,0,84923.92
9937,3319,97,1,9581.58,0,9581.58
9938,3319,106,3,85023.38,0,255070.14
9939,3319,77,3,67944.84,20,163067.62
9940,3319,113,3,90181.92,10,243491.18
9941,3319,107,4,88188.54,15,299841.04
9942,3320,40,1,118080.35,0,118080.35
9943,3321,16,3,46530.85,5,132612.92
9944,3321,105,2,76452.42,15,129969.11
9945,3322,16,3,46530.85,10,125633.29
9946,3323,95,1,69307.71,20,55446.17
9947,3323,14,1,87561.13,5,83183.07
9948,3323,77,4,67944.84,10,244601.42
9949,3323,49,1,16434.02,15,13968.92
9950,3323,108,4,74101.53,10,266765.51
9951,3324,82,1,33751.67,0,33751.67
9952,3324,27,4,23424.89,20,74959.65
9953,3324,101,1,41990.85,0,41990.85
9954,3324,51,1,114029.73,10,102626.76
9955,3324,4,2,98554.1,15,167541.97
9956,3325,84,4,2816.3,5,10701.94
9957,3325,35,2,79232.66,0,158465.32
9958,3326,103,1,2011.93,10,1810.74
9959,3326,81,2,40831.32,5,77579.51
9960,3327,70,1,96084.25,10,86475.82
9961,3327,95,4,69307.71,0,277230.84
9962,3327,110,3,99175.28,15,252896.96
9963,3327,72,3,58534.22,20,140482.13
9964,3327,83,3,30646.45,10,82745.42
9965,3328,108,3,74101.53,15,188958.9
9966,3329,48,1,110137.67,0,110137.67
9967,3329,26,2,83816.41,20,134106.26
9968,3330,57,3,58409.34,5,166466.62
9969,3330,88,1,24323.6,20,19458.88
9970,3330,4,3,98554.1,20,236529.84
9971,3330,80,4,39618.64,20,126779.65
9972,3331,2,2,56747.46,10,102145.43
9973,3331,5,3,27139.36,15,69205.37
9974,3331,102,2,8740.33,20,13984.53
9975,3331,66,1,113554.41,5,107876.69
9976,3331,87,4,90630.87,0,362523.48
9977,3332,102,3,8740.33,20,20976.79
9978,3332,72,3,58534.22,5,166822.53
9979,3332,53,1,51495.52,15,43771.19
9980,3332,73,3,80430.4,20,193032.96
9981,3332,83,4,30646.45,20,98068.64
9982,3333,119,3,1713.06,0,5139.18
9983,3334,10,1,40072.41,0,40072.41
9984,3334,64,3,50185.02,20,120444.05
9985,3334,113,3,90181.92,10,243491.18
9986,3334,5,1,27139.36,5,25782.39
9987,3335,37,3,11659.77,5,33230.34
9988,3335,87,4,90630.87,5,344397.31
9989,3335,42,3,23735.01,10,64084.53
9990,3335,22,4,110532.12,0,442128.48
9991,3335,41,3,54922.23,10,148290.02
9992,3336,25,2,80193.7,20,128309.92
9993,3336,85,3,119988.99,0,359966.97
9994,3336,17,4,30939.34,15,105193.76
9995,3336,16,1,46530.85,0,46530.85
9996,3336,43,1,59578.07,10,53620.26
9997,3337,119,4,1713.06,0,6852.24
9998,3337,97,2,9581.58,0,19163.16
9999,3337,18,4,702.11,15,2387.17
10000,3338,1,1,46213.74,0,46213.74
10001,3339,106,4,85023.38,15,289079.49
10002,3339,49,2,16434.02,5,31224.64
10003,3339,44,2,78898.93,20,126238.29
10004,3339,48,2,110137.67,15,187234.04
10005,3339,81,3,40831.32,0,122493.96
10006,3340,3,1,110255.0,10,99229.5
10007,3340,96,2,47900.21,20,76640.34
10008,3340,63,1,49208.12,10,44287.31
10009,3340,34,3,61585.29,0,184755.87
10010,3340,85,3,119988.99,5,341968.62
10011,3341,58,1,53064.77,0,53064.77
10012,3341,63,4,49208.12,5,186990.86
10013,3341,23,4,79774.8,10,287189.28
10014,3342,116,1,58762.22,10,52886.0
10015,3342,112,3,33831.93,10,91346.21
10016,3342,74,1,87039.67,20,69631.74
10017,3342,66,3,113554.41,20,272530.58
10018,3343,18,2,702.11,5,1334.01
10019,3343,13,3,13454.1,5,38344.18
10020,3343,62,3,84917.09,20,203801.02
10021,3344,115,2,59569.63,20,95311.41
10022,3345,93,2,93446.13,0,186892.26
10023,3345,34,3,61585.29,10,166280.28
10024,3346,93,2,93446.13,0,186892.26
10025,3346,48,2,110137.67,0,220275.34
10026,3347,27,1,23424.89,10,21082.4
10027,3348,65,3,47042.48,10,127014.7
10028,3348,87,2,90630.87,5,172198.65
10029,3348,112,4,33831.93,15,115028.56
10030,3348,4,1,98554.1,5,93626.4
10031,3349,79,4,22216.62,5,84423.16
10032,3349,75,3,110385.22,15,281482.31
10033,3349,95,4,69307.71,10,249507.76
10034,3349,67,1,45955.53,0,45955.53
10035,3350,49,4,16434.02,5,62449.28
10036,3350,58,2,53064.77,20,84903.63
10037,3350,22,4,110532.12,20,353702.78
10038,3350,90,1,80500.33,0,80500.33
10039,3350,91,4,56071.56,0,224286.24
10040,3351,17,1,30939.34,0,30939.34
10041,3351,6,2,48116.68,15,81798.36
10042,3352,93,2,93446.13,5,177547.65
10043,3352,29,1,74054.03,10,66648.63
10044,3352,31,2,34786.19,5,66093.76
10045,3352,84,1,2816.3,15,2393.86
10046,3352,92,1,20550.8,15,17468.18
10047,3353,63,3,49208.12,0,147624.36
10048,3353,6,1,48116.68,0,48116.68
10049,3353,15,3,72941.96,15,186002.0
10050,3353,78,4,77308.58,5,293772.6
10051,3353,68,2,36184.21,20,57894.74
10052,3354,2,2,56747.46,5,107820.17
10053,3354,24,4,108055.6,5,410611.28
10054,3354,52,3,73711.95,10,199022.26
10055,3354,39,3,18108.8,15,46177.44
10056,3355,64,1,50185.02,10,45166.52
10057,3355,45,4,93521.24,0,374084.96
10058,3355,111,1,39015.4,15,33163.09
10059,3355,4,3,98554.1,10,266096.07
10060,3355,67,3,45955.53,0,137866.59
10061,3356,40,4,118080.35,20,377857.12
10062,3356,120,2,10730.75,15,18242.27
10063,3356,30,4,65978.5,15,224326.9
10064,3357,15,1,72941.96,15,62000.67
10065,3357,16,1,46530.85,20,37224.68
10066,3357,69,2,64817.36,15,110189.51
10067,3357,68,4,36184.21,5,137500.0
10068,3358,48,4,110137.67,5,418523.15
10069,3358,90,2,80500.33,0,161000.66
10070,3358,17,1,30939.34,10,27845.41
10071,3359,81,3,40831.32,10,110244.56
10072,3359,99,4,102110.04,20,326752.13
10073,3359,112,4,33831.93,0,135327.72
10074,3360,44,1,78898.93,0,78898.93
10075,3360,27,4,23424.89,5,89014.58
10076,3360,4,1,98554.1,10,88698.69
10077,3361,74,3,87039.67,15,221951.16
10078,3361,81,4,40831.32,5,155159.02
10079,3362,42,1,23735.01,15,20174.76
10080,3362,109,4,93069.65,10,335050.74
10081,3363,40,3,118080.35,5,336529.0
10082,3363,117,4,41170.49,10,148213.76
10083,3363,20,2,88576.0,20,141721.6
10084,3363,98,2,12677.21,5,24086.7
10085,3364,116,1,58762.22,15,49947.89
10086,3364,74,2,87039.67,15,147967.44
10087,3364,52,3,73711.95,5,210079.06
10088,3365,80,4,39618.64,15,134703.38
10089,3366,21,3,52040.04,15,132702.1
10090,3366,16,2,46530.85,5,88408.61
10091,3367,117,3,41170.49,20,98809.18
10092,3367,81,3,40831.32,10,110244.56
10093,3367,15,3,72941.96,5,207884.59
10094,3367,87,2,90630.87,15,154072.48
10095,3368,102,2,8740.33,0,17480.66
10096,3369,102,4,8740.33,5,33213.25
10097,3370,16,4,46530.85,20,148898.72
10098,3370,78,2,77308.58,20,123693.73
10099,3370,49,4,16434.02,0,65736.08
10100,3371,35,2,79232.66,5,150542.05
10101,3371,116,1,58762.22,15,49947.89
10102,3372,59,4,28521.98,10,102679.13
10103,3372,22,3,110532.12,20,265277.09
10104,3372,19,2,64845.01,15,110236.52
10105,3372,72,4,58534.22,10,210723.19
10106,3373,86,2,78192.22,20,125107.55
10107,3373,111,1,39015.4,0,39015.4
10108,3373,68,1,36184.21,0,36184.21
10109,3373,58,2,53064.77,0,106129.54
10110,3374,29,2,74054.03,15,125891.85
10111,3374,47,4,56013.71,10,201649.36
10112,3374,119,1,1713.06,10,1541.75
10113,3374,22,3,110532.12,20,265277.09
10114,3374,19,1,64845.01,15,55118.26
10115,3375,71,3,58843.42,0,176530.26
10116,3375,33,2,53293.43,15,90598.83
10117,3375,53,1,51495.52,15,43771.19
10118,3375,5,3,27139.36,10,73276.27
10119,3376,74,3,87039.67,15,221951.16
10120,3376,61,1,18524.26,15,15745.62
10121,3376,8,1,42461.96,10,38215.76
10122,3376,17,4,30939.34,15,105193.76
10123,3376,16,1,46530.85,0,46530.85
10124,3377,96,2,47900.21,15,81430.36
10125,3377,6,4,48116.68,0,192466.72
10126,3377,97,2,9581.58,20,15330.53
10127,3377,102,4,8740.33,15,29717.12
10128,3377,34,1,61585.29,10,55426.76
10129,3378,97,4,9581.58,10,34493.69
10130,3378,36,3,79830.53,15,203567.85
10131,3379,41,2,54922.23,5,104352.24
10132,3379,97,2,9581.58,15,16288.69
10133,3379,51,4,114029.73,20,364895.14
10134,3379,94,1,13417.8,0,13417.8
10135,3380,88,2,24323.6,20,38917.76
10136,3380,59,1,28521.98,15,24243.68
10137,3381,119,2,1713.06,20,2740.9
10138,3381,45,3,93521.24,0,280563.72
10139,3382,87,2,90630.87,10,163135.57
10140,3382,63,3,49208.12,20,118099.49
10141,3382,21,2,52040.04,15,88468.07
10142,3383,7,2,8795.78,15,14952.83
10143,3383,66,2,113554.41,15,193042.5
10144,3383,26,1,83816.41,10,75434.77
10145,3384,4,3,98554.1,15,251312.96
10146,3384,70,3,96084.25,5,273840.11
10147,3384,3,1,110255.0,0,110255.0
10148,3384,62,1,84917.09,5,80671.24
10149,3384,76,2,3722.49,15,6328.23
10150,3385,61,2,18524.26,20,29638.82
10151,3385,112,1,33831.93,5,32140.33
10152,3385,1,2,46213.74,15,78563.36
10153,3386,58,4,53064.77,20,169807.26
10154,3386,106,2,85023.38,20,136037.41
10155,3386,23,2,79774.8,5,151572.12
10156,3387,95,2,69307.71,5,131684.65
10157,3387,113,4,90181.92,20,288582.14
10158,3387,17,2,30939.34,5,58784.75
10159,3387,79,3,22216.62,0,66649.86
10160,3388,79,4,22216.62,0,88866.48
10161,3388,65,1,47042.48,20,37633.98
10162,3388,14,1,87561.13,20,70048.9
10163,3389,93,3,93446.13,10,252304.55
10164,3389,23,3,79774.8,5,227358.18
10165,3389,57,2,58409.34,15,99295.88
10166,3389,19,3,64845.01,20,155628.02
10167,3390,23,1,79774.8,10,71797.32
10168,3390,24,3,108055.6,5,307958.46
10169,3390,115,2,59569.63,10,107225.33
10170,3390,19,1,64845.01,0,64845.01
10171,3391,47,4,56013.71,10,201649.36
10172,3391,13,1,13454.1,15,11435.99
10173,3391,11,1,105306.09,20,84244.87
10174,3392,75,4,110385.22,0,441540.88
10175,3392,55,3,54283.34,15,138422.52
10176,3393,88,1,24323.6,20,19458.88
10177,3394,16,3,46530.85,15,118653.67
10178,3394,75,3,110385.22,10,298040.09
10179,3394,91,1,56071.56,15,47660.83
10180,3394,12,2,69880.47,15,118796.8
10181,3394,69,3,64817.36,0,194452.08
10182,3395,80,1,39618.64,20,31694.91
10183,3395,97,4,9581.58,15,32577.37
10184,3395,75,4,110385.22,15,375309.75
10185,3396,91,1,56071.56,10,50464.4
10186,3396,74,2,87039.67,15,147967.44
10187,3396,102,1,8740.33,10,7866.3
10188,3396,103,2,2011.93,10,3621.47
10189,3396,45,2,93521.24,10,168338.23
10190,3397,61,3,18524.26,5,52794.14
10191,3397,98,2,12677.21,5,24086.7
10192,3397,35,1,79232.66,5,75271.03
10193,3397,91,3,56071.56,5,159803.95
10194,3398,12,1,69880.47,5,66386.45
10195,3398,86,3,78192.22,15,199390.16
10196,3398,94,2,13417.8,0,26835.6
10197,3398,112,4,33831.93,10,121794.95
10198,3398,103,1,2011.93,0,2011.93
10199,3399,65,2,47042.48,5,89380.71
10200,3400,12,4,69880.47,5,265545.79
10201,3400,28,3,81439.49,5,232102.55
10202,3400,41,1,54922.23,15,46683.9
10203,3401,34,1,61585.29,10,55426.76
10204,3401,58,3,53064.77,5,151234.59
10205,3401,81,2,40831.32,20,65330.11
10206,3402,74,4,87039.67,20,278526.94
10207,3402,19,2,64845.01,20,103752.02
10208,3402,89,3,18709.69,10,50516.16
10209,3402,87,1,90630.87,5,86099.33
10210,3402,5,3,27139.36,10,73276.27
10211,3403,11,3,105306.09,20,252734.62
10212,3403,55,2,54283.34,0,108566.68
10213,3403,96,3,47900.21,10,129330.57
10214,3403,23,2,79774.8,15,135617.16
10215,3403,48,3,110137.67,0,330413.01
10216,3404,109,4,93069.65,0,372278.6
10217,3404,50,4,118553.15,0,474212.6
10218,3404,11,3,105306.09,10,284326.44
10219,3405,49,1,16434.02,5,15612.32
10220,3405,61,4,18524.26,10,66687.34
10221,3406,14,3,87561.13,0,262683.39
10222,3406,59,4,28521.98,20,91270.34
10223,3407,35,1,79232.66,20,63386.13
10224,3408,114,4,80348.52,10,289254.67
10225,3408,57,4,58409.34,10,210273.62
10226,3408,71,4,58843.42,10,211836.31
10227,3408,119,1,1713.06,0,1713.06
10228,3409,42,3,23735.01,15,60524.28
10229,3409,103,1,2011.93,15,1710.14
10230,3409,1,1,46213.74,10,41592.37
10231,3410,109,4,93069.65,10,335050.74
10232,3410,49,3,16434.02,10,44371.85
10233,3411,120,1,10730.75,20,8584.6
10234,3411,85,3,119988.99,15,305971.92
10235,3411,97,2,9581.58,15,16288.69
10236,3412,97,2,9581.58,5,18205.0
10237,3412,67,4,45955.53,15,156248.8
10238,3412,24,2,108055.6,10,194500.08
10239,3412,25,2,80193.7,10,144348.66
10240,3412,15,3,72941.96,20,175060.7
10241,3413,120,2,10730.75,5,20388.42
10242,3413,51,3,114029.73,10,307880.27
10243,3413,91,2,56071.56,15,95321.65
10244,3413,103,4,2011.93,5,7645.33
10245,3413,85,4,119988.99,15,407962.57
10246,3414,48,3,110137.67,20,264330.41
10247,3414,111,3,39015.4,10,105341.58
10248,3414,28,2,81439.49,20,130303.18
10249,3414,82,3,33751.67,10,91129.51
10250,3415,100,4,95649.15,5,363466.77
10251,3415,85,1,119988.99,20,95991.19
10252,3415,17,4,30939.34,5,117569.49
10253,3415,78,3,77308.58,10,208733.17
10254,3415,34,3,61585.29,0,184755.87
10255,3416,40,1,118080.35,10,106272.32
10256,3417,52,3,73711.95,5,210079.06
10257,3417,60,3,107216.71,15,273402.61
10258,3417,108,3,74101.53,0,222304.59
10259,3417,50,3,118553.15,0,355659.45
10260,3417,19,3,64845.01,5,184808.28
10261,3418,48,4,110137.67,15,374468.08
10262,3418,33,4,53293.43,5,202515.03
10263,3419,75,1,110385.22,15,93827.44
10264,3420,22,3,110532.12,15,281856.91
10265,3420,106,1,85023.38,10,76521.04
10266,3420,103,1,2011.93,10,1810.74
10267,3420,30,1,65978.5,0,65978.5
10268,3421,106,1,85023.38,5,80772.21
10269,3421,41,1,54922.23,0,54922.23
10270,3422,57,4,58409.34,5,221955.49
10271,3422,33,1,53293.43,10,47964.09
10272,3422,116,3,58762.22,10,158657.99
10273,3423,79,3,22216.62,15,56652.38
10274,3423,118,3,84291.46,10,227586.94
10275,3423,64,4,50185.02,20,160592.06
10276,3424,70,4,96084.25,10,345903.3
10277,3424,115,1,59569.63,20,47655.7
10278,3424,40,1,118080.35,5,112176.33
10279,3424,114,3,80348.52,20,192836.45
10280,3424,94,2,13417.8,0,26835.6
10281,3425,52,3,73711.95,10,199022.26
10282,3426,112,1,33831.93,15,28757.14
10283,3426,38,4,80899.08,5,307416.5
10284,3427,15,2,72941.96,0,145883.92
10285,3427,71,2,58843.42,0,117686.84
10286,3427,93,4,93446.13,0,373784.52
10287,3427,105,4,76452.42,5,290519.2
10288,3428,15,1,72941.96,20,58353.57
10289,3428,87,1,90630.87,5,86099.33
10290,3428,11,2,105306.09,20,168489.74
10291,3428,85,2,119988.99,15,203981.28
10292,3428,104,4,13111.9,0,52447.6
10293,3429,101,4,41990.85,10,151167.06
10294,3429,46,3,96591.13,0,289773.39
10295,3430,67,2,45955.53,20,73528.85
10296,3430,51,4,114029.73,5,433312.97
10297,3431,8,1,42461.96,15,36092.67
10298,3431,29,3,74054.03,20,177729.67
10299,3432,84,2,2816.3,20,4506.08
10300,3433,79,2,22216.62,20,35546.59
10301,3433,44,1,78898.93,0,78898.93
10302,3434,50,3,118553.15,20,284527.56
10303,3434,41,1,54922.23,5,52176.12
10304,3434,105,3,76452.42,20,183485.81
10305,3434,28,4,81439.49,15,276894.27
10306,3435,95,1,69307.71,0,69307.71
10307,3435,24,1,108055.6,10,97250.04
10308,3435,4,3,98554.1,10,266096.07
10309,3436,8,4,42461.96,0,169847.84
10310,3436,47,2,56013.71,5,106426.05
10311,3436,14,2,87561.13,0,175122.26
10312,3437,45,3,93521.24,20,224450.98
10313,3437,100,2,95649.15,20,153038.64
10314,3438,30,4,65978.5,5,250718.3
10315,3439,105,3,76452.42,10,206421.53
10316,3439,107,1,88188.54,5,83779.11
10317,3439,58,4,53064.77,5,201646.13
10318,3440,27,1,23424.89,5,22253.65
10319,3440,90,2,80500.33,10,144900.59
10320,3441,23,3,79774.8,15,203425.74
10321,3441,16,2,46530.85,0,93061.7
10322,3441,116,2,58762.22,5,111648.22
10323,3441,22,3,110532.12,10,298436.72
10324,3441,63,3,49208.12,20,118099.49
10325,3442,22,1,110532.12,20,88425.7
10326,3442,77,3,67944.84,10,183451.07
10327,3442,120,1,10730.75,10,9657.68
10328,3442,93,4,93446.13,10,336406.07
10329,3442,42,2,23735.01,15,40349.52
10330,3443,99,4,102110.04,10,367596.14
10331,3443,66,4,113554.41,15,386084.99
10332,3443,46,4,96591.13,20,309091.62
10333,3444,16,3,46530.85,0,139592.55
10334,3444,72,4,58534.22,15,199016.35
10335,3444,53,4,51495.52,10,185383.87
10336,3445,79,3,22216.62,15,56652.38
10337,3445,18,4,702.11,0,2808.44
10338,3445,112,3,33831.93,5,96421.0
10339,3446,7,4,8795.78,15,29905.65
10340,3446,101,1,41990.85,15,35692.22
10341,3446,100,2,95649.15,20,153038.64
10342,3446,39,2,18108.8,20,28974.08
10343,3446,89,3,18709.69,0,56129.07
10344,3447,110,2,99175.28,0,198350.56
10345,3448,72,2,58534.22,20,93654.75
10346,3448,2,3,56747.46,10,153218.14
10347,3449,114,3,80348.52,20,192836.45
10348,3450,87,3,90630.87,10,244703.35
10349,3450,77,3,67944.84,20,163067.62
10350,3451,74,1,87039.67,15,73983.72
10351,3451,78,3,77308.58,5,220329.45
10352,3451,81,3,40831.32,20,97995.17
10353,3452,11,1,105306.09,0,105306.09
10354,3452,17,1,30939.34,15,26298.44
10355,3452,1,3,46213.74,20,110912.98
10356,3453,31,1,34786.19,20,27828.95
10357,3453,27,1,23424.89,0,23424.89
10358,3453,55,3,54283.34,0,162850.02
10359,3453,109,3,93069.65,10,251288.05
10360,3454,4,3,98554.1,20,236529.84
10361,3455,22,3,110532.12,5,315016.54
10362,3455,12,1,69880.47,20,55904.38
10363,3455,3,3,110255.0,0,330765.0
10364,3456,107,4,88188.54,20,282203.33
10365,3457,43,1,59578.07,20,47662.46
10366,3458,108,4,74101.53,20,237124.9
10367,3459,76,3,3722.49,0,11167.47
10368,3459,36,2,79830.53,20,127728.85
10369,3459,15,3,72941.96,20,175060.7
10370,3459,28,2,81439.49,15,138447.13
10371,3460,63,1,49208.12,15,41826.9
10372,3460,60,2,107216.71,5,203711.75
10373,3461,77,1,67944.84,20,54355.87
10374,3461,4,2,98554.1,15,167541.97
10375,3461,56,4,100863.62,0,403454.48
10376,3462,4,3,98554.1,10,266096.07
10377,3462,119,4,1713.06,20,5481.79
10378,3463,45,2,93521.24,5,177690.36
10379,3463,119,4,1713.06,10,6167.02
10380,3463,82,3,33751.67,20,81004.01
10381,3463,85,1,119988.99,5,113989.54
10382,3463,55,4,54283.34,20,173706.69
10383,3464,16,2,46530.85,5,88408.61
10384,3465,31,1,34786.19,15,29568.26
10385,3465,22,1,110532.12,15,93952.3
10386,3465,36,1,79830.53,5,75839.0
10387,3466,63,1,49208.12,20,39366.5
10388,3466,98,1,12677.21,5,12043.35
10389,3466,105,2,76452.42,5,145259.6
10390,3466,79,1,22216.62,20,17773.3
10391,3466,83,2,30646.45,5,58228.25
10392,3467,111,1,39015.4,20,31212.32
10393,3467,41,4,54922.23,20,175751.14
10394,3468,103,1,2011.93,10,1810.74
10395,3469,66,2,113554.41,5,215753.38
10396,3469,38,3,80899.08,0,242697.24
10397,3470,64,3,50185.02,5,143027.31
10398,3470,87,3,90630.87,0,271892.61
10399,3471,64,2,50185.02,5,95351.54
10400,3472,11,3,105306.09,5,300122.36
10401,3473,23,4,79774.8,0,319099.2
10402,3473,11,1,105306.09,15,89510.18
10403,3473,12,2,69880.47,0,139760.94
10404,3473,50,2,118553.15,0,237106.3
10405,3474,56,3,100863.62,5,287461.32
10406,3474,37,4,11659.77,5,44307.13
10407,3474,93,2,93446.13,0,186892.26
10408,3474,82,2,33751.67,10,60753.01
10409,3475,70,3,96084.25,0,288252.75
10410,3475,118,2,84291.46,20,134866.34
10411,3475,89,1,18709.69,20,14967.75
10412,3475,113,3,90181.92,20,216436.61
10413,3476,36,3,79830.53,10,215542.43
10414,3476,95,4,69307.71,5,263369.3
10415,3476,77,1,67944.84,10,61150.36
10416,3476,57,4,58409.34,10,210273.62
10417,3476,19,3,64845.01,5,184808.28
10418,3477,1,1,46213.74,10,41592.37
10419,3477,34,3,61585.29,10,166280.28
10420,3477,105,3,76452.42,15,194953.67
10421,3477,50,3,118553.15,15,302310.53
10422,3477,42,3,23735.01,20,56964.02
10423,3478,69,4,64817.36,10,233342.5
10424,3478,86,1,78192.22,20,62553.78
10425,3478,103,2,2011.93,0,4023.86
10426,3478,51,3,114029.73,5,324984.73
10427,3478,39,1,18108.8,15,15392.48
10428,3479,29,4,74054.03,20,236972.9
10429,3480,63,4,49208.12,0,196832.48
10430,3480,62,3,84917.09,10,229276.14
10431,3480,115,2,59569.63,5,113182.3
10432,3480,17,3,30939.34,0,92818.02
10433,3481,36,1,79830.53,5,75839.0
10434,3481,97,3,9581.58,15,24433.03
10435,3482,77,4,67944.84,10,244601.42
10436,3483,31,4,34786.19,15,118273.05
10437,3483,77,2,67944.84,5,129095.2
10438,3484,82,3,33751.67,10,91129.51
10439,3484,59,2,28521.98,15,48487.37
10440,3485,94,1,13417.8,20,10734.24
10441,3486,35,2,79232.66,10,142618.79
10442,3486,24,2,108055.6,0,216111.2
10443,3486,72,4,58534.22,10,210723.19
10444,3486,16,2,46530.85,5,88408.61
10445,3486,64,3,50185.02,10,135499.55
10446,3487,99,4,102110.04,5,388018.15
10447,3488,38,3,80899.08,5,230562.38
10448,3488,19,1,64845.01,0,64845.01
10449,3489,29,3,74054.03,5,211053.99
10450,3489,18,1,702.11,20,561.69
10451,3490,108,1,74101.53,15,62986.3
10452,3490,74,1,87039.67,5,82687.69
10453,3491,120,2,10730.75,10,19315.35
10454,3491,77,1,67944.84,20,54355.87
10455,3491,10,2,40072.41,15,68123.1
10456,3491,7,2,8795.78,10,15832.4
10457,3492,81,2,40831.32,0,81662.64
10458,3492,105,1,76452.42,20,61161.94
10459,3492,10,4,40072.41,15,136246.19
10460,3492,46,3,96591.13,0,289773.39
10461,3492,19,4,64845.01,15,220473.03
10462,3493,3,4,110255.0,15,374867.0
10463,3493,97,4,9581.58,0,38326.32
10464,3493,19,1,64845.01,5,61602.76
10465,3494,4,1,98554.1,0,98554.1
10466,3495,75,4,110385.22,5,419463.84
10467,3495,100,3,95649.15,15,243905.33
10468,3496,10,2,40072.41,0,80144.82
10469,3496,111,2,39015.4,20,62424.64
10470,3496,50,1,118553.15,20,94842.52
10471,3496,30,2,65978.5,5,125359.15
10472,3496,7,4,8795.78,5,33423.96
10473,3497,120,1,10730.75,0,10730.75
10474,3497,5,2,27139.36,15,46136.91
10475,3497,96,2,47900.21,5,91010.4
10476,3497,112,4,33831.93,0,135327.72
10477,3497,27,3,23424.89,0,70274.67
10478,3498,74,3,87039.67,10,235007.11
10479,3498,21,4,52040.04,10,187344.14
10480,3499,78,3,77308.58,20,185540.59
10481,3499,12,1,69880.47,5,66386.45
10482,3499,39,4,18108.8,10,65191.68
10483,3499,48,2,110137.67,10,198247.81
10484,3500,55,2,54283.34,5,103138.35
10485,3500,58,4,53064.77,15,180420.22
10486,3500,111,4,39015.4,0,156061.6
10487,3500,50,4,118553.15,10,426791.34
10488,3501,97,3,9581.58,5,27307.5
10489,3501,19,1,64845.01,10,58360.51
10490,3502,7,1,8795.78,20,7036.62
10491,3502,49,4,16434.02,0,65736.08
10492,3502,35,2,79232.66,10,142618.79
10493,3502,30,4,65978.5,5,250718.3
10494,3502,62,1,84917.09,0,84917.09
10495,3503,78,1,77308.58,10,69577.72
10496,3503,48,3,110137.67,5,313892.36
10497,3503,24,3,108055.6,0,324166.8
10498,3503,119,1,1713.06,10,1541.75
10499,3503,12,1,69880.47,10,62892.42
10500,3504,4,3,98554.1,20,236529.84
10501,3504,68,3,36184.21,10,97697.37
10502,3504,103,2,2011.93,15,3420.28
10503,3504,66,3,113554.41,10,306596.91
10504,3504,31,3,34786.19,20,83486.86
10505,3505,34,3,61585.29,5,175518.08
10506,3505,18,1,702.11,10,631.9
10507,3505,45,2,93521.24,15,158986.11
10508,3505,94,2,13417.8,15,22810.26
10509,3506,8,4,42461.96,20,135878.27
10510,3506,104,4,13111.9,15,44580.46
10511,3506,89,2,18709.69,10,33677.44
10512,3507,67,3,45955.53,10,124079.93
10513,3507,87,1,90630.87,0,90630.87
10514,3507,100,2,95649.15,5,181733.38
10515,3507,119,3,1713.06,15,4368.3
10516,3508,3,1,110255.0,5,104742.25
10517,3509,109,3,93069.65,5,265248.5
10518,3509,63,2,49208.12,0,98416.24
10519,3509,45,2,93521.24,15,158986.11
10520,3509,58,1,53064.77,5,50411.53
10521,3509,8,1,42461.96,0,42461.96
10522,3510,91,3,56071.56,0,168214.68
10523,3510,73,1,80430.4,5,76408.88
10524,3511,20,3,88576.0,0,265728.0
10525,3511,91,1,56071.56,0,56071.56
10526,3512,80,4,39618.64,0,158474.56
10527,3513,103,2,2011.93,0,4023.86
10528,3513,90,4,80500.33,20,257601.06
10529,3513,30,2,65978.5,15,112163.45
10530,3513,61,3,18524.26,20,44458.22
10531,3514,82,4,33751.67,15,114755.68
10532,3514,78,3,77308.58,0,231925.74
10533,3514,117,1,41170.49,20,32936.39
10534,3514,84,4,2816.3,0,11265.2
10535,3515,49,1,16434.02,15,13968.92
10536,3515,96,1,47900.21,0,47900.21
10537,3515,111,3,39015.4,5,111193.89
10538,3515,10,4,40072.41,0,160289.64
10539,3516,17,1,30939.34,5,29392.37
10540,3516,93,4,93446.13,20,299027.62
10541,3517,119,1,1713.06,20,1370.45
10542,3518,15,4,72941.96,15,248002.66
10543,3518,1,4,46213.74,0,184854.96
10544,3518,101,1,41990.85,0,41990.85
10545,3518,49,3,16434.02,20,39441.65
10546,3518,118,3,84291.46,0,252874.38
10547,3519,15,3,72941.96,5,207884.59
10548,3519,73,3,80430.4,20,193032.96
10549,3519,49,4,16434.02,0,65736.08
10550,3520,112,2,33831.93,10,60897.47
10551,3521,119,1,1713.06,20,1370.45
10552,3521,95,2,69307.71,10,124753.88
10553,3521,21,3,52040.04,20,124896.1
10554,3522,113,2,90181.92,10,162327.46
10555,3523,30,4,65978.5,10,237522.6
10556,3523,15,3,72941.96,20,175060.7
10557,3524,52,1,73711.95,5,70026.35
10558,3525,58,4,53064.77,10,191033.17
10559,3525,55,3,54283.34,20,130280.02
10560,3525,107,2,88188.54,5,167558.23
10561,3525,94,4,13417.8,20,42936.96
10562,3526,56,4,100863.62,15,342936.31
10563,3526,30,4,65978.5,15,224326.9
10564,3526,5,4,27139.36,5,103129.57
10565,3526,90,4,80500.33,0,322001.32
10566,3526,75,2,110385.22,20,176616.35
10567,3527,33,4,53293.43,0,213173.72
10568,3528,117,4,41170.49,15,139979.67
10569,3528,53,1,51495.52,5,48920.74
10570,3528,45,4,93521.24,0,374084.96
10571,3529,82,2,33751.67,20,54002.67
10572,3529,108,4,74101.53,5,281585.81
10573,3530,81,3,40831.32,20,97995.17
10574,3530,38,3,80899.08,15,206292.65
10575,3530,17,3,30939.34,10,83536.22
10576,3530,64,3,50185.02,0,150555.06
10577,3530,111,2,39015.4,0,78030.8
10578,3531,54,3,53786.68,10,145224.04
10579,3531,42,2,23735.01,20,37976.02
10580,3531,97,2,9581.58,5,18205.0
10581,3531,109,2,93069.65,5,176832.33
10582,3532,17,4,30939.34,10,111381.62
10583,3532,100,4,95649.15,10,344336.94
10584,3533,71,4,58843.42,15,200067.63
10585,3533,1,1,46213.74,20,36970.99
10586,3533,15,1,72941.96,10,65647.76
10587,3533,26,4,83816.41,15,284975.79
10588,3533,30,1,65978.5,0,65978.5
10589,3534,82,4,33751.67,5,128256.35
10590,3535,15,3,72941.96,20,175060.7
10591,3536,115,4,59569.63,10,214450.67
10592,3536,77,1,67944.84,10,61150.36
10593,3537,72,3,58534.22,10,158042.39
10594,3537,107,2,88188.54,0,176377.08
10595,3537,12,1,69880.47,5,66386.45
10596,3537,8,4,42461.96,15,144370.66
10597,3537,4,2,98554.1,5,187252.79
10598,3538,83,1,30646.45,20,24517.16
10599,3538,53,2,51495.52,15,87542.38
10600,3538,81,2,40831.32,5,77579.51
10601,3538,25,4,80193.7,15,272658.58
10602,3539,59,3,28521.98,5,81287.64
10603,3540,93,2,93446.13,0,186892.26
10604,3540,115,4,59569.63,10,214450.67
10605,3540,38,4,80899.08,0,323596.32
10606,3540,18,3,702.11,5,2001.01
10607,3541,89,3,18709.69,10,50516.16
10608,3541,70,1,96084.25,10,86475.82
10609,3542,63,2,49208.12,20,78732.99
10610,3542,113,4,90181.92,5,342691.3
10611,3542,44,3,78898.93,10,213027.11
10612,3543,24,3,108055.6,10,291750.12
10613,3543,119,3,1713.06,10,4625.26
10614,3544,82,4,33751.67,0,135006.68
10615,3544,76,1,3722.49,15,3164.12
10616,3544,79,4,22216.62,20,71093.18
10617,3545,93,3,93446.13,15,238287.63
10618,3546,23,3,79774.8,5,227358.18
10619,3546,109,1,93069.65,0,93069.65
10620,3546,101,2,41990.85,10,75583.53
10621,3546,28,3,81439.49,5,232102.55
10622,3546,31,3,34786.19,5,99140.64
10623,3547,14,3,87561.13,5,249549.22
10624,3547,23,3,79774.8,10,215391.96
10625,3548,9,4,81702.42,10,294128.71
10626,3549,19,2,64845.01,0,129690.02
10627,3549,115,3,59569.63,0,178708.89
10628,3549,38,3,80899.08,15,206292.65
10629,3549,107,3,88188.54,10,238109.06
10630,3550,42,2,23735.01,10,42723.02
10631,3550,88,1,24323.6,0,24323.6
10632,3551,28,3,81439.49,5,232102.55
10633,3551,79,2,22216.62,0,44433.24
10634,3551,55,4,54283.34,0,217133.36
10635,3551,101,2,41990.85,0,83981.7
10636,3552,72,4,58534.22,15,199016.35
10637,3552,38,3,80899.08,0,242697.24
10638,3552,20,3,88576.0,5,252441.6
10639,3552,86,4,78192.22,15,265853.55
10640,3553,5,4,27139.36,20,86845.95
10641,3553,106,1,85023.38,5,80772.21
10642,3553,50,3,118553.15,15,302310.53
10643,3554,27,1,23424.89,0,23424.89
10644,3554,13,3,13454.1,15,34307.96
10645,3555,13,1,13454.1,15,11435.99
10646,3555,67,1,45955.53,5,43657.75
10647,3556,71,3,58843.42,5,167703.75
10648,3557,108,4,74101.53,5,281585.81
10649,3558,35,2,79232.66,0,158465.32
10650,3558,40,1,118080.35,15,100368.3
10651,3558,119,3,1713.06,10,4625.26
10652,3559,83,3,30646.45,15,78148.45
10653,3560,97,3,9581.58,5,27307.5
10654,3560,23,2,79774.8,15,135617.16
10655,3561,52,1,73711.95,5,70026.35
10656,3561,112,3,33831.93,0,101495.79
10657,3561,8,4,42461.96,15,144370.66
10658,3561,59,4,28521.98,15,96974.73
10659,3562,55,1,54283.34,15,46140.84
10660,3562,11,4,105306.09,10,379101.92
10661,3563,9,3,81702.42,0,245107.26
10662,3563,24,3,108055.6,5,307958.46
10663,3563,87,4,90630.87,20,290018.78
10664,3564,1,1,46213.74,0,46213.74
10665,3565,68,1,36184.21,20,28947.37
10666,3565,114,2,80348.52,20,128557.63
10667,3566,74,1,87039.67,20,69631.74
10668,3566,104,4,13111.9,20,41958.08
10669,3566,29,2,74054.03,0,148108.06
10670,3566,72,4,58534.22,10,210723.19
10671,3566,108,1,74101.53,0,74101.53
10672,3567,14,1,87561.13,20,70048.9
10673,3568,17,1,30939.34,10,27845.41
10674,3568,40,2,118080.35,20,188928.56
10675,3568,77,2,67944.84,5,129095.2
10676,3568,101,1,41990.85,15,35692.22
10677,3569,10,1,40072.41,20,32057.93
10678,3569,27,4,23424.89,10,84329.6
10679,3570,87,3,90630.87,10,244703.35
10680,3570,55,2,54283.34,15,92281.68
10681,3570,103,4,2011.93,10,7242.95
10682,3570,24,1,108055.6,0,108055.6
10683,3571,15,1,72941.96,15,62000.67
10684,3571,50,2,118553.15,15,201540.35
10685,3571,28,1,81439.49,10,73295.54
10686,3572,37,2,11659.77,10,20987.59
10687,3572,16,1,46530.85,5,44204.31
10688,3573,109,3,93069.65,15,237327.61
10689,3573,82,3,33751.67,10,91129.51
10690,3573,65,4,47042.48,10,169352.93
10691,3573,57,3,58409.34,10,157705.22
10692,3574,14,2,87561.13,10,157610.03
10693,3574,98,3,12677.21,20,30425.3
10694,3575,28,1,81439.49,10,73295.54
10695,3576,42,4,23735.01,5,90193.04
10696,3576,89,4,18709.69,10,67354.88
10697,3576,54,3,53786.68,15,137156.03
10698,3576,80,4,39618.64,0,158474.56
10699,3577,107,2,88188.54,10,158739.37
10700,3577,90,1,80500.33,0,80500.33
10701,3577,119,4,1713.06,10,6167.02
10702,3577,116,4,58762.22,5,223296.44
10703,3577,100,4,95649.15,15,325207.11
10704,3578,105,2,76452.42,20,122323.87
10705,3578,64,2,50185.02,5,95351.54
10706,3578,81,4,40831.32,15,138826.49
10707,3578,7,4,8795.78,15,29905.65
10708,3579,116,1,58762.22,20,47009.78
10709,3579,16,2,46530.85,0,93061.7
10710,3579,96,1,47900.21,5,45505.2
10711,3579,99,3,102110.04,0,306330.12
10712,3580,118,4,84291.46,5,320307.55
10713,3581,51,3,114029.73,0,342089.19
10714,3581,37,3,11659.77,15,29732.41
10715,3581,116,4,58762.22,20,188039.1
10716,3581,56,4,100863.62,20,322763.58
10717,3582,80,4,39618.64,20,126779.65
10718,3582,94,4,13417.8,0,53671.2
10719,3582,113,1,90181.92,10,81163.73
10720,3582,46,1,96591.13,15,82102.46
10721,3583,120,4,10730.75,20,34338.4
10722,3584,69,2,64817.36,5,123152.98
10723,3585,74,1,87039.67,5,82687.69
10724,3585,68,2,36184.21,15,61513.16
10725,3585,39,3,18108.8,0,54326.4
10726,3585,19,2,64845.01,0,129690.02
10727,3585,3,3,110255.0,5,314226.75
10728,3586,48,2,110137.67,5,209261.57
10729,3586,109,3,93069.65,5,265248.5
10730,3586,13,3,13454.1,20,32289.84
10731,3586,104,3,13111.9,15,33435.34
10732,3587,4,3,98554.1,20,236529.84
10733,3588,55,2,54283.34,20,86853.34
10734,3588,70,4,96084.25,15,326686.45
10735,3588,57,4,58409.34,15,198591.76
10736,3588,51,2,114029.73,0,228059.46
10737,3588,9,2,81702.42,10,147064.36
10738,3589,109,3,93069.65,5,265248.5
10739,3589,16,2,46530.85,10,83755.53
10740,3590,67,3,45955.53,20,110293.27
10741,3591,87,4,90630.87,0,362523.48
10742,3592,28,2,81439.49,10,146591.08
10743,3592,10,2,40072.41,10,72130.34
10744,3593,21,4,52040.04,15,176936.14
10745,3593,109,3,93069.65,5,265248.5
10746,3593,10,2,40072.41,0,80144.82
10747,3593,98,1,12677.21,0,12677.21
10748,3594,115,4,59569.63,10,214450.67
10749,3594,12,1,69880.47,15,59398.4
10750,3594,116,4,58762.22,5,223296.44
10751,3595,76,1,3722.49,20,2977.99
10752,3595,50,4,118553.15,10,426791.34
10753,3595,105,1,76452.42,20,61161.94
10754,3596,55,3,54283.34,20,130280.02
10755,3597,66,4,113554.41,15,386084.99
10756,3597,48,1,110137.67,15,93617.02
10757,3597,90,1,80500.33,5,76475.31
10758,3597,97,1,9581.58,20,7665.26
10759,3598,93,4,93446.13,0,373784.52
10760,3598,96,1,47900.21,5,45505.2
10761,3598,62,2,84917.09,15,144359.05
10762,3598,1,4,46213.74,5,175612.21
10763,3599,1,1,46213.74,5,43903.05
10764,3599,90,4,80500.33,20,257601.06
10765,3600,40,4,118080.35,20,377857.12
10766,3600,95,3,69307.71,20,166338.5
10767,3600,77,4,67944.84,10,244601.42
10768,3600,12,2,69880.47,5,132772.89
10769,3600,85,1,119988.99,5,113989.54
10770,3601,61,4,18524.26,10,66687.34
10771,3601,4,3,98554.1,15,251312.96
10772,3601,83,3,30646.45,10,82745.42
10773,3601,88,3,24323.6,15,62025.18
10774,3601,27,4,23424.89,10,84329.6
10775,3602,15,3,72941.96,15,186002.0
10776,3602,29,3,74054.03,0,222162.09
10777,3602,17,3,30939.34,0,92818.02
10778,3602,20,2,88576.0,5,168294.4
10779,3602,23,4,79774.8,15,271234.32
10780,3603,95,2,69307.71,0,138615.42
10781,3603,83,3,30646.45,20,73551.48
10782,3603,57,2,58409.34,15,99295.88
10783,3604,26,2,83816.41,20,134106.26
10784,3605,99,4,102110.04,10,367596.14
10785,3605,109,1,93069.65,15,79109.2
10786,3605,92,2,20550.8,20,32881.28
10787,3605,68,4,36184.21,20,115789.47
10788,3605,87,4,90630.87,20,290018.78
10789,3606,68,4,36184.21,20,115789.47
10790,3606,58,2,53064.77,20,84903.63
10791,3607,72,4,58534.22,20,187309.5
10792,3607,112,1,33831.93,15,28757.14
10793,3608,107,4,88188.54,20,282203.33
10794,3608,91,4,56071.56,5,213071.93
10795,3608,81,3,40831.32,5,116369.26
10796,3608,79,1,22216.62,20,17773.3
10797,3608,31,1,34786.19,15,29568.26
10798,3609,119,2,1713.06,20,2740.9
10799,3609,38,3,80899.08,0,242697.24
10800,3610,24,1,108055.6,15,91847.26
10801,3610,69,4,64817.36,15,220379.02
10802,3610,12,4,69880.47,15,237593.6
10803,3610,115,4,59569.63,15,202536.74
10804,3611,78,1,77308.58,10,69577.72
10805,3612,30,4,65978.5,10,237522.6
10806,3612,28,1,81439.49,15,69223.57
10807,3612,5,2,27139.36,10,48850.85
10808,3612,47,2,56013.71,15,95223.31
10809,3612,89,1,18709.69,0,18709.69
10810,3613,64,1,50185.02,20,40148.02
10811,3613,25,3,80193.7,20,192464.88
10812,3613,50,1,118553.15,20,94842.52
10813,3613,45,4,93521.24,15,317972.22
10814,3614,61,4,18524.26,15,62982.48
10815,3614,24,2,108055.6,20,172888.96
10816,3614,34,3,61585.29,15,157042.49
10817,3615,18,3,702.11,5,2001.01
10818,3615,71,3,58843.42,20,141224.21
10819,3615,119,1,1713.06,0,1713.06
10820,3615,87,4,90630.87,15,308144.96
10821,3616,120,3,10730.75,0,32192.25
10822,3617,45,4,93521.24,10,336676.46
10823,3617,93,3,93446.13,5,266321.47
10824,3618,51,4,114029.73,20,364895.14
10825,3618,13,4,13454.1,15,45743.94
10826,3618,92,2,20550.8,5,39046.52
10827,3618,8,2,42461.96,5,80677.72
10828,3618,63,4,49208.12,10,177149.23
10829,3619,19,4,64845.01,0,259380.04
10830,3620,104,4,13111.9,20,41958.08
10831,3620,112,2,33831.93,20,54131.09
10832,3620,79,1,22216.62,10,19994.96
10833,3620,61,1,18524.26,10,16671.83
10834,3621,67,2,45955.53,0,91911.06
10835,3621,115,4,59569.63,10,214450.67
10836,3621,112,1,33831.93,0,33831.93
10837,3621,10,1,40072.41,15,34061.55
10838,3622,29,2,74054.03,5,140702.66
10839,3622,111,3,39015.4,10,105341.58
10840,3622,75,3,110385.22,10,298040.09
10841,3622,115,4,59569.63,10,214450.67
10842,3622,85,2,119988.99,5,227979.08
10843,3623,99,3,102110.04,0,306330.12
10844,3623,11,4,105306.09,15,358040.71
10845,3623,25,2,80193.7,5,152368.03
10846,3624,76,4,3722.49,0,14889.96
10847,3624,117,3,41170.49,15,104984.75
10848,3624,6,3,48116.68,0,144350.04
10849,3625,67,4,45955.53,10,165439.91
10850,3625,110,1,99175.28,20,79340.22
10851,3626,74,2,87039.67,0,174079.34
10852,3626,102,3,8740.33,10,23598.89
10853,3626,77,2,67944.84,20,108711.74
10854,3626,30,4,65978.5,20,211131.2
10855,3627,100,2,95649.15,20,153038.64
10856,3628,50,2,118553.15,0,237106.3
10857,3628,111,1,39015.4,5,37064.63
10858,3628,7,4,8795.78,0,35183.12
10859,3629,79,1,22216.62,20,17773.3
10860,3629,120,3,10730.75,10,28973.03
10861,3629,71,1,58843.42,20,47074.74
10862,3630,116,1,58762.22,10,52886.0
10863,3630,64,3,50185.02,20,120444.05
10864,3631,4,1,98554.1,10,88698.69
10865,3631,110,4,99175.28,0,396701.12
10866,3632,110,1,99175.28,5,94216.52
10867,3633,111,1,39015.4,10,35113.86
10868,3633,49,1,16434.02,10,14790.62
10869,3633,56,1,100863.62,20,80690.9
10870,3634,115,4,59569.63,20,190622.82
10871,3634,74,2,87039.67,20,139263.47
10872,3634,28,1,81439.49,20,65151.59
10873,3634,106,3,85023.38,15,216809.62
10874,3634,103,3,2011.93,5,5734.0
10875,3635,89,4,18709.69,0,74838.76
10876,3636,10,3,40072.41,5,114206.37
10877,3636,117,3,41170.49,5,117335.9
10878,3636,98,2,12677.21,0,25354.42
10879,3636,99,1,102110.04,0,102110.04
10880,3637,31,4,34786.19,5,132187.52
10881,3637,63,1,49208.12,5,46747.71
10882,3638,21,1,52040.04,5,49438.04
10883,3638,32,3,72996.06,15,186139.95
10884,3638,63,2,49208.12,5,93495.43
10885,3639,52,4,73711.95,15,250620.63
10886,3639,116,1,58762.22,10,52886.0
10887,3639,117,1,41170.49,0,41170.49
10888,3640,107,1,88188.54,0,88188.54
10889,3640,48,3,110137.67,10,297371.71
10890,3640,111,2,39015.4,20,62424.64
10891,3640,115,3,59569.63,15,151902.56
10892,3641,80,1,39618.64,10,35656.78
10893,3641,119,1,1713.06,10,1541.75
10894,3641,93,1,93446.13,10,84101.52
10895,3642,15,1,72941.96,0,72941.96
10896,3642,59,4,28521.98,10,102679.13
10897,3642,12,4,69880.47,5,265545.79
10898,3643,86,4,78192.22,5,297130.44
10899,3643,43,4,59578.07,15,202565.44
10900,3643,31,4,34786.19,15,118273.05
10901,3644,36,2,79830.53,5,151678.01
10902,3644,37,1,11659.77,15,9910.8
10903,3645,83,3,30646.45,15,78148.45
10904,3645,14,2,87561.13,20,140097.81
10905,3645,68,2,36184.21,15,61513.16
10906,3645,51,2,114029.73,10,205253.51
10907,3645,13,1,13454.1,10,12108.69
10908,3646,87,2,90630.87,10,163135.57
10909,3647,61,3,18524.26,15,47236.86
10910,3647,25,2,80193.7,15,136329.29
10911,3647,39,2,18108.8,5,34406.72
10912,3648,72,3,58534.22,20,140482.13
10913,3648,21,3,52040.04,20,124896.1
10914,3648,113,3,90181.92,5,257018.47
10915,3648,22,1,110532.12,5,105005.51
10916,3649,40,4,118080.35,5,448705.33
10917,3649,58,4,53064.77,5,201646.13
10918,3649,36,4,79830.53,0,319322.12
10919,3649,4,4,98554.1,10,354794.76
10920,3650,16,3,46530.85,10,125633.29
10921,3650,65,2,47042.48,10,84676.46
10922,3650,115,1,59569.63,0,59569.63
10923,3650,32,1,72996.06,20,58396.85
10924,3651,38,3,80899.08,5,230562.38
10925,3651,14,4,87561.13,5,332732.29
10926,3652,7,4,8795.78,10,31664.81
10927,3652,115,1,59569.63,10,53612.67
10928,3652,107,3,88188.54,10,238109.06
10929,3652,84,2,2816.3,5,5350.97
10930,3653,79,1,22216.62,15,18884.13
10931,3653,13,3,13454.1,0,40362.3
10932,3653,36,3,79830.53,15,203567.85
10933,3653,56,2,100863.62,5,191640.88
10934,3654,81,4,40831.32,20,130660.22
10935,3655,85,3,119988.99,10,323970.27
10936,3656,42,2,23735.01,20,37976.02
10937,3656,69,4,64817.36,5,246305.97
10938,3656,100,4,95649.15,20,306077.28
10939,3657,7,1,8795.78,15,7476.41
10940,3657,69,3,64817.36,20,155561.66
10941,3657,33,2,53293.43,15,90598.83
10942,3657,31,2,34786.19,5,66093.76
10943,3657,115,1,59569.63,20,47655.7
10944,3658,33,2,53293.43,0,106586.86
10945,3658,44,1,78898.93,15,67064.09
10946,3658,1,1,46213.74,10,41592.37
10947,3659,108,4,74101.53,5,281585.81
10948,3660,92,4,20550.8,5,78093.04
10949,3660,18,2,702.11,5,1334.01
10950,3661,107,4,88188.54,0,352754.16
10951,3661,27,3,23424.89,20,56219.74
10952,3661,19,1,64845.01,10,58360.51
10953,3662,97,3,9581.58,10,25870.27
10954,3662,106,2,85023.38,0,170046.76
10955,3662,85,3,119988.99,5,341968.62
10956,3662,117,4,41170.49,5,156447.86
10957,3663,76,1,3722.49,15,3164.12
10958,3663,56,1,100863.62,0,100863.62
10959,3663,38,4,80899.08,5,307416.5
10960,3663,19,4,64845.01,10,233442.04
10961,3663,54,1,53786.68,10,48408.01
10962,3664,79,4,22216.62,10,79979.83
10963,3664,110,4,99175.28,10,357031.01
10964,3664,12,1,69880.47,5,66386.45
10965,3664,90,3,80500.33,10,217350.89
10966,3664,26,2,83816.41,15,142487.9
10967,3665,22,3,110532.12,5,315016.54
10968,3665,25,3,80193.7,15,204493.93
10969,3666,48,2,110137.67,5,209261.57
10970,3666,113,3,90181.92,0,270545.76
10971,3666,116,4,58762.22,10,211543.99
10972,3667,46,1,96591.13,5,91761.57
10973,3667,51,3,114029.73,15,290775.81
10974,3667,47,2,56013.71,20,89621.94
10975,3667,41,2,54922.23,15,93367.79
10976,3668,11,2,105306.09,5,200081.57
10977,3669,23,3,79774.8,20,191459.52
10978,3669,10,2,40072.41,10,72130.34
10979,3669,39,3,18108.8,10,48893.76
10980,3670,80,2,39618.64,20,63389.82
10981,3670,55,2,54283.34,10,97710.01
10982,3671,89,3,18709.69,5,53322.62
10983,3671,32,1,72996.06,10,65696.45
10984,3671,120,1,10730.75,15,9121.14
10985,3672,69,2,64817.36,10,116671.25
10986,3672,93,4,93446.13,0,373784.52
10987,3672,74,3,87039.67,15,221951.16
10988,3672,82,3,33751.67,15,86066.76
10989,3673,103,2,2011.93,0,4023.86
10990,3674,14,4,87561.13,20,280195.62
10991,3674,23,2,79774.8,5,151572.12
10992,3674,13,2,13454.1,5,25562.79
10993,3675,105,4,76452.42,5,290519.2
10994,3675,30,1,65978.5,10,59380.65
10995,3675,81,3,40831.32,10,110244.56
10996,3675,18,2,702.11,15,1193.59
10997,3676,63,4,49208.12,20,157465.98
10998,3676,70,1,96084.25,0,96084.25
10999,3676,111,1,39015.4,10,35113.86
11000,3676,57,1,58409.34,5,55488.87
11001,3677,25,3,80193.7,15,204493.93
11002,3677,44,1,78898.93,5,74953.98
11003,3677,46,2,96591.13,15,164204.92
11004,3677,102,2,8740.33,0,17480.66
11005,3678,91,1,56071.56,10,50464.4
11006,3678,71,3,58843.42,10,158877.23
11007,3679,1,3,46213.74,15,117845.04
11008,3679,113,3,90181.92,0,270545.76
11009,3679,24,2,108055.6,0,216111.2
11010,3679,28,4,81439.49,20,260606.37
11011,3680,73,2,80430.4,20,128688.64
11012,3680,51,1,114029.73,20,91223.78
11013,3680,74,1,87039.67,20,69631.74
11014,3680,78,3,77308.58,20,185540.59
11015,3681,77,1,67944.84,0,67944.84
11016,3682,98,4,12677.21,5,48173.4
11017,3682,51,3,114029.73,5,324984.73
11018,3682,116,2,58762.22,5,111648.22
11019,3682,28,4,81439.49,0,325757.96
11020,3682,119,2,1713.06,20,2740.9
11021,3683,105,3,76452.42,5,217889.4
11022,3683,70,1,96084.25,0,96084.25
11023,3683,107,4,88188.54,5,335116.45
11024,3684,90,4,80500.33,5,305901.25
11025,3684,79,4,22216.62,10,79979.83
11026,3684,33,3,53293.43,5,151886.28
11027,3685,120,2,10730.75,0,21461.5
11028,3686,75,4,110385.22,20,353232.7
11029,3686,98,2,12677.21,10,22818.98
11030,3686,43,3,59578.07,5,169797.5
11031,3686,71,3,58843.42,5,167703.75
11032,3686,50,2,118553.15,0,237106.3
11033,3687,91,4,56071.56,0,224286.24
11034,3687,112,4,33831.93,5,128561.33
11035,3687,120,1,10730.75,20,8584.6
11036,3688,112,1,33831.93,10,30448.74
11037,3688,93,1,93446.13,10,84101.52
11038,3688,94,1,13417.8,10,12076.02
11039,3688,107,1,88188.54,10,79369.69
11040,3688,80,1,39618.64,20,31694.91
11041,3689,92,4,20550.8,5,78093.04
11042,3689,21,4,52040.04,10,187344.14
11043,3689,77,1,67944.84,5,64547.6
11044,3690,90,2,80500.33,10,144900.59
11045,3690,74,3,87039.67,5,248063.06
11046,3691,59,3,28521.98,10,77009.35
11047,3692,58,4,53064.77,20,169807.26
11048,3692,102,2,8740.33,0,17480.66
11049,3693,16,2,46530.85,20,74449.36
11050,3693,120,1,10730.75,20,8584.6
11051,3693,34,4,61585.29,0,246341.16
11052,3693,114,2,80348.52,0,160697.04
11053,3694,107,3,88188.54,20,211652.5
11054,3695,18,3,702.11,5,2001.01
11055,3696,60,4,107216.71,10,385980.16
11056,3696,98,4,12677.21,5,48173.4
11057,3697,42,2,23735.01,5,45096.52
11058,3698,117,3,41170.49,0,123511.47
11059,3698,104,2,13111.9,5,24912.61
11060,3698,54,1,53786.68,0,53786.68
11061,3698,35,3,79232.66,0,237697.98
11062,3698,57,4,58409.34,20,186909.89
11063,3699,26,2,83816.41,0,167632.82
11064,3699,12,1,69880.47,5,66386.45
11065,3699,48,3,110137.67,20,264330.41
11066,3699,39,1,18108.8,5,17203.36
11067,3700,56,4,100863.62,10,363109.03
11068,3700,64,4,50185.02,5,190703.08
11069,3700,12,3,69880.47,0,209641.41
11070,3700,27,3,23424.89,10,63247.2
11071,3701,107,3,88188.54,5,251337.34
11072,3701,40,4,118080.35,20,377857.12
11073,3702,41,2,54922.23,10,98860.01
11074,3702,71,2,58843.42,0,117686.84
11075,3702,31,4,34786.19,0,139144.76
11076,3702,83,4,30646.45,10,110327.22
11077,3703,42,3,23735.01,0,71205.03
11078,3704,2,2,56747.46,5,107820.17
11079,3704,14,4,87561.13,0,350244.52
11080,3704,52,2,73711.95,10,132681.51
11081,3705,78,4,77308.58,10,278310.89
11082,3705,81,2,40831.32,15,69413.24
11083,3705,51,2,114029.73,0,228059.46
11084,3705,26,2,83816.41,15,142487.9
11085,3706,83,4,30646.45,10,110327.22
11086,3706,99,4,102110.04,15,347174.14
11087,3706,62,2,84917.09,15,144359.05
11088,3706,79,4,22216.62,5,84423.16
11089,3706,56,1,100863.62,0,100863.62
11090,3707,18,1,702.11,5,667.0
11091,3707,104,4,13111.9,15,44580.46
11092,3707,13,1,13454.1,20,10763.28
11093,3707,107,4,88188.54,0,352754.16
11094,3707,58,3,53064.77,20,127355.45
11095,3708,46,1,96591.13,5,91761.57
11096,3708,55,3,54283.34,20,130280.02
11097,3708,16,3,46530.85,5,132612.92
11098,3708,54,4,53786.68,0,215146.72
11099,3709,10,1,40072.41,20,32057.93
11100,3709,40,4,118080.35,15,401473.19
11101,3709,100,1,95649.15,10,86084.24
11102,3709,11,2,105306.09,20,168489.74
11103,3710,77,3,67944.84,0,203834.52
11104,3710,6,4,48116.68,20,153973.38
11105,3710,117,1,41170.49,5,39111.97
11106,3710,71,1,58843.42,5,55901.25
11107,3710,65,3,47042.48,15,119958.32
11108,3711,107,2,88188.54,5,167558.23
11109,3712,89,2,18709.69,20,29935.5
11110,3713,32,2,72996.06,5,138692.51
11111,3713,48,2,110137.67,20,176220.27
11112,3714,75,2,110385.22,20,176616.35
11113,3714,64,4,50185.02,20,160592.06
11114,3714,98,2,12677.21,15,21551.26
11115,3714,95,4,69307.71,15,235646.21
11116,3714,61,4,18524.26,20,59277.63
11117,3715,24,4,108055.6,15,367389.04
11118,3715,17,3,30939.34,0,92818.02
11119,3715,76,3,3722.49,10,10050.72
11120,3716,20,1,88576.0,10,79718.4
11121,3716,105,3,76452.42,20,183485.81
11122,3716,3,1,110255.0,20,88204.0
11123,3716,49,4,16434.02,5,62449.28
11124,3717,35,1,79232.66,10,71309.39
11125,3717,31,1,34786.19,20,27828.95
11126,3717,119,1,1713.06,0,1713.06
11127,3717,83,4,30646.45,20,98068.64
11128,3717,28,4,81439.49,5,309470.06
11129,3718,74,3,87039.67,10,235007.11
11130,3718,44,2,78898.93,5,149907.97
11131,3718,7,4,8795.78,0,35183.12
11132,3719,91,3,56071.56,10,151393.21
11133,3719,67,1,45955.53,15,39062.2
11134,3720,35,1,79232.66,20,63386.13
11135,3720,107,3,88188.54,0,264565.62
11136,3721,63,3,49208.12,15,125480.71
11137,3721,2,3,56747.46,0,170242.38
11138,3722,77,3,67944.84,5,193642.79
11139,3722,35,3,79232.66,20,190158.38
11140,3722,16,2,46530.85,20,74449.36
11141,3723,53,3,51495.52,10,139037.9
11142,3724,22,1,110532.12,0,110532.12
11143,3724,88,1,24323.6,5,23107.42
11144,3725,88,1,24323.6,20,19458.88
11145,3725,16,3,46530.85,20,111674.04
11146,3725,108,1,74101.53,0,74101.53
11147,3726,32,4,72996.06,20,233587.39
11148,3726,114,2,80348.52,20,128557.63
11149,3726,44,1,78898.93,0,78898.93
11150,3727,44,2,78898.93,0,157797.86
11151,3727,55,4,54283.34,15,184563.36
11152,3728,75,3,110385.22,15,281482.31
11153,3728,24,4,108055.6,0,432222.4
11154,3728,60,1,107216.71,20,85773.37
11155,3728,68,2,36184.21,20,57894.74
11156,3728,115,2,59569.63,10,107225.33
11157,3729,83,3,30646.45,15,78148.45
11158,3730,15,1,72941.96,10,65647.76
11159,3730,91,2,56071.56,10,100928.81
11160,3731,49,3,16434.02,5,46836.96
11161,3731,73,3,80430.4,20,193032.96
11162,3731,60,4,107216.71,5,407423.5
11163,3732,93,3,93446.13,10,252304.55
11164,3732,94,1,13417.8,0,13417.8
11165,3732,78,3,77308.58,0,231925.74
11166,3732,29,3,74054.03,0,222162.09
11167,3732,32,1,72996.06,5,69346.26
11168,3733,62,1,84917.09,15,72179.53
11169,3734,40,2,118080.35,0,236160.7
11170,3734,102,4,8740.33,5,33213.25
11171,3734,89,3,18709.69,20,44903.26
11172,3734,69,1,64817.36,20,51853.89
11173,3735,33,3,53293.43,10,143892.26
11174,3735,115,4,59569.63,5,226364.59
11175,3735,8,3,42461.96,15,108278.0
11176,3736,84,2,2816.3,0,5632.6
11177,3736,52,1,73711.95,15,62655.16
11178,3737,111,1,39015.4,20,31212.32
11179,3737,25,1,80193.7,0,80193.7
11180,3738,18,3,702.11,20,1685.06
11181,3738,13,2,13454.1,10,24217.38
11182,3738,90,3,80500.33,0,241500.99
11183,3738,70,3,96084.25,15,245014.84
11184,3739,45,3,93521.24,0,280563.72
11185,3739,50,4,118553.15,10,426791.34
11186,3739,110,4,99175.28,15,337195.95
11187,3739,117,4,41170.49,15,139979.67
11188,3740,120,4,10730.75,0,42923.0
11189,3741,98,4,12677.21,15,43102.51
11190,3741,48,2,110137.67,15,187234.04
11191,3742,4,2,98554.1,5,187252.79
11192,3742,92,3,20550.8,20,49321.92
11193,3742,118,3,84291.46,20,202299.5
11194,3743,95,3,69307.71,5,197526.97
11195,3743,25,3,80193.7,5,228552.04
11196,3743,97,2,9581.58,20,15330.53
11197,3743,2,4,56747.46,20,181591.87
11198,3743,105,3,76452.42,5,217889.4
11199,3744,73,1,80430.4,0,80430.4
11200,3744,106,2,85023.38,15,144539.75
11201,3744,28,4,81439.49,10,293182.16
11202,3744,2,3,56747.46,20,136193.9
11203,3744,36,1,79830.53,0,79830.53
11204,3745,107,4,88188.54,20,282203.33
11205,3745,46,4,96591.13,0,386364.52
11206,3746,95,3,69307.71,15,176734.66
11207,3746,78,2,77308.58,15,131424.59
11208,3746,73,1,80430.4,20,64344.32
11209,3746,1,1,46213.74,20,36970.99
11210,3747,18,4,702.11,0,2808.44
11211,3747,53,4,51495.52,5,195682.98
11212,3747,76,4,3722.49,15,12656.47
11213,3747,117,4,41170.49,0,164681.96
11214,3748,91,2,56071.56,15,95321.65
11215,3748,39,1,18108.8,10,16297.92
11216,3748,120,3,10730.75,20,25753.8
11217,3748,87,4,90630.87,20,290018.78
11218,3748,101,1,41990.85,10,37791.76
11219,3749,5,4,27139.36,10,97701.7
11220,3749,47,3,56013.71,0,168041.13
11221,3749,102,3,8740.33,15,22287.84
11222,3749,69,2,64817.36,10,116671.25
11223,3750,67,1,45955.53,0,45955.53
11224,3750,76,2,3722.49,20,5955.98
11225,3750,92,1,20550.8,20,16440.64
11226,3750,48,2,110137.67,20,176220.27
11227,3751,13,2,13454.1,10,24217.38
11228,3752,70,1,96084.25,10,86475.82
11229,3752,85,1,119988.99,10,107990.09
11230,3753,102,4,8740.33,5,33213.25
11231,3753,46,2,96591.13,15,164204.92
11232,3754,2,3,56747.46,10,153218.14
11233,3754,31,4,34786.19,20,111315.81
11234,3754,40,3,118080.35,5,336529.0
11235,3754,41,2,54922.23,0,109844.46
11236,3754,100,1,95649.15,20,76519.32
11237,3755,8,4,42461.96,20,135878.27
11238,3755,101,1,41990.85,20,33592.68
11239,3756,77,3,67944.84,0,203834.52
11240,3757,62,2,84917.09,0,169834.18
11241,3757,89,1,18709.69,20,14967.75
11242,3757,51,1,114029.73,5,108328.24
11243,3758,3,1,110255.0,10,99229.5
11244,3758,4,3,98554.1,10,266096.07
11245,3758,103,1,2011.93,10,1810.74
11246,3759,48,2,110137.67,0,220275.34
11247,3759,56,2,100863.62,0,201727.24
11248,3759,20,4,88576.0,10,318873.6
11249,3759,103,2,2011.93,20,3219.09
11250,3760,83,4,30646.45,0,122585.8
11251,3760,62,4,84917.09,5,322684.94
11252,3761,107,2,88188.54,5,167558.23
11253,3761,100,4,95649.15,15,325207.11
11254,3762,50,2,118553.15,5,225250.98
11255,3762,111,3,39015.4,0,117046.2
11256,3762,70,3,96084.25,20,230602.2
11257,3762,42,3,23735.01,5,67644.78
11258,3763,56,3,100863.62,15,257202.23
11259,3763,102,3,8740.33,15,22287.84
11260,3763,45,3,93521.24,10,252507.35
11261,3764,50,2,118553.15,20,189685.04
11262,3764,69,3,64817.36,0,194452.08
11263,3764,88,4,24323.6,10,87564.96
11264,3765,62,3,84917.09,0,254751.27
11265,3765,68,3,36184.21,10,97697.37
11266,3765,51,4,114029.73,15,387701.08
11267,3765,31,4,34786.19,10,125230.28
11268,3766,25,1,80193.7,20,64154.96
11269,3767,112,4,33831.93,20,108262.18
11270,3768,43,1,59578.07,10,53620.26
11271,3769,27,3,23424.89,0,70274.67
11272,3769,34,4,61585.29,10,221707.04
11273,3769,99,1,102110.04,10,91899.04
11274,3769,53,2,51495.52,0,102991.04
11275,3770,65,1,47042.48,20,37633.98
11276,3770,83,4,30646.45,20,98068.64
11277,3770,108,4,74101.53,10,266765.51
11278,3770,62,1,84917.09,10,76425.38
11279,3770,80,4,39618.64,15,134703.38
11280,3771,73,4,80430.4,15,273463.36
11281,3771,31,1,34786.19,0,34786.19
11282,3771,79,3,22216.62,10,59984.87
11283,3772,50,3,118553.15,5,337876.48
11284,3772,116,3,58762.22,15,149843.66
11285,3772,48,4,110137.67,5,418523.15
11286,3773,21,4,52040.04,0,208160.16
11287,3773,103,1,2011.93,5,1911.33
11288,3774,67,3,45955.53,15,117186.6
11289,3774,7,3,8795.78,10,23748.61
11290,3774,5,3,27139.36,15,69205.37
11291,3774,93,4,93446.13,5,355095.29
11292,3774,98,3,12677.21,5,36130.05
11293,3775,71,2,58843.42,15,100033.81
11294,3776,83,4,30646.45,5,116456.51
11295,3776,2,2,56747.46,20,90795.94
11296,3776,68,4,36184.21,10,130263.16
11297,3776,35,3,79232.66,10,213928.18
11298,3776,50,4,118553.15,5,450501.97
11299,3777,51,3,114029.73,10,307880.27
11300,3777,109,1,93069.65,20,74455.72
11301,3777,79,1,22216.62,15,18884.13
11302,3778,19,3,64845.01,15,165354.78
11303,3778,119,3,1713.06,20,4111.34
11304,3778,109,4,93069.65,5,353664.67
11305,3778,55,3,54283.34,10,146565.02
11306,3779,102,1,8740.33,20,6992.26
11307,3779,18,2,702.11,15,1193.59
11308,3779,88,3,24323.6,20,58376.64
11309,3780,18,2,702.11,0,1404.22
11310,3780,5,3,27139.36,0,81418.08
11311,3781,42,3,23735.01,0,71205.03
11312,3782,111,3,39015.4,0,117046.2
11313,3782,116,1,58762.22,0,58762.22
11314,3782,58,2,53064.77,5,100823.06
11315,3782,64,2,50185.02,15,85314.53
11316,3782,61,1,18524.26,15,15745.62
11317,3783,33,4,53293.43,10,191856.35
11318,3783,113,2,90181.92,0,180363.84
11319,3783,69,1,64817.36,5,61576.49
11320,3783,40,2,118080.35,5,224352.67
11321,3784,31,3,34786.19,20,83486.86
11322,3784,8,2,42461.96,0,84923.92
11323,3784,96,4,47900.21,10,172440.76
11324,3784,46,3,96591.13,20,231818.71
11325,3785,117,2,41170.49,0,82340.98
11326,3786,22,1,110532.12,10,99478.91
11327,3786,89,1,18709.69,5,17774.21
11328,3786,27,3,23424.89,15,59733.47
11329,3786,3,1,110255.0,15,93716.75
11330,3786,62,4,84917.09,0,339668.36
11331,3787,95,3,69307.71,20,166338.5
11332,3787,106,4,85023.38,0,340093.52
11333,3787,61,1,18524.26,5,17598.05
11334,3788,15,1,72941.96,5,69294.86
11335,3788,87,3,90630.87,5,258297.98
11336,3789,55,3,54283.34,20,130280.02
11337,3789,68,2,36184.21,0,72368.42
11338,3789,37,1,11659.77,20,9327.82
11339,3790,49,2,16434.02,15,27937.83
11340,3790,25,3,80193.7,0,240581.1
11341,3791,24,1,108055.6,5,102652.82
11342,3791,15,2,72941.96,20,116707.14
11343,3791,96,4,47900.21,5,182020.8
11344,3792,73,4,80430.4,20,257377.28
11345,3792,64,3,50185.02,20,120444.05
11346,3792,6,1,48116.68,0,48116.68
11347,3793,75,1,110385.22,5,104865.96
11348,3793,43,1,59578.07,0,59578.07
11349,3794,112,3,33831.93,5,96421.0
11350,3794,18,2,702.11,5,1334.01
11351,3794,23,1,79774.8,20,63819.84
11352,3794,17,2,30939.34,20,49502.94
11353,3794,8,3,42461.96,15,108278.0
11354,3795,107,1,88188.54,0,88188.54
11355,3796,93,4,93446.13,5,355095.29
11356,3796,13,1,13454.1,15,11435.99
11357,3796,99,4,102110.04,10,367596.14
11358,3796,16,1,46530.85,15,39551.22
11359,3796,116,3,58762.22,15,149843.66
11360,3797,55,1,54283.34,5,51569.17
11361,3798,51,2,114029.73,5,216656.49
11362,3799,85,4,119988.99,20,383964.77
11363,3800,60,3,107216.71,15,273402.61
11364,3800,51,1,114029.73,10,102626.76
11365,3800,99,2,102110.04,20,163376.06
11366,3800,82,3,33751.67,0,101255.01
11367,3801,25,3,80193.7,15,204493.93
11368,3801,58,1,53064.77,0,53064.77
11369,3801,66,4,113554.41,5,431506.76
11370,3802,89,2,18709.69,5,35548.41
11371,3802,29,2,74054.03,5,140702.66
11372,3802,62,3,84917.09,10,229276.14
11373,3802,55,1,54283.34,0,54283.34
11374,3802,100,3,95649.15,10,258252.7
11375,3803,11,1,105306.09,0,105306.09
11376,3803,6,1,48116.68,10,43305.01
11377,3803,90,1,80500.33,0,80500.33
11378,3803,84,4,2816.3,5,10701.94
11379,3804,39,1,18108.8,10,16297.92
11380,3804,66,1,113554.41,5,107876.69
11381,3805,82,1,33751.67,0,33751.67
11382,3805,45,4,93521.24,10,336676.46
11383,3805,87,4,90630.87,10,326271.13
11384,3806,18,3,702.11,10,1895.7
11385,3806,25,3,80193.7,15,204493.93
11386,3806,63,3,49208.12,0,147624.36
11387,3806,7,1,8795.78,5,8355.99
11388,3806,86,1,78192.22,5,74282.61
11389,3807,29,3,74054.03,15,188837.78
11390,3807,21,1,52040.04,0,52040.04
11391,3807,52,4,73711.95,15,250620.63
11392,3807,95,2,69307.71,5,131684.65
11393,3807,36,4,79830.53,0,319322.12
11394,3808,102,4,8740.33,0,34961.32
11395,3808,93,2,93446.13,15,158858.42
11396,3808,106,2,85023.38,0,170046.76
11397,3809,41,1,54922.23,15,46683.9
11398,3809,54,1,53786.68,10,48408.01
11399,3809,109,1,93069.65,20,74455.72
11400,3809,100,4,95649.15,20,306077.28
11401,3810,105,2,76452.42,20,122323.87
11402,3811,56,2,100863.62,0,201727.24
11403,3811,39,4,18108.8,10,65191.68
11404,3811,29,2,74054.03,5,140702.66
11405,3811,47,4,56013.71,5,212852.1
11406,3811,72,1,58534.22,10,52680.8
11407,3812,85,4,119988.99,10,431960.36
11408,3813,103,3,2011.93,5,5734.0
11409,3813,76,2,3722.49,0,7444.98
11410,3813,49,4,16434.02,20,52588.86
11411,3814,2,2,56747.46,10,102145.43
11412,3815,96,1,47900.21,0,47900.21
11413,3815,38,3,80899.08,5,230562.38
11414,3815,79,3,22216.62,20,53319.89
11415,3816,93,4,93446.13,20,299027.62
11416,3816,21,2,52040.04,10,93672.07
11417,3816,120,1,10730.75,15,9121.14
11418,3816,58,2,53064.77,5,100823.06
11419,3817,116,4,58762.22,15,199791.55
11420,3818,118,4,84291.46,5,320307.55
11421,3819,61,1,18524.26,20,14819.41
11422,3820,30,2,65978.5,0,131957.0
11423,3821,3,1,110255.0,5,104742.25
11424,3821,33,2,53293.43,0,106586.86
11425,3821,118,3,84291.46,20,202299.5
11426,3821,2,1,56747.46,20,45397.97
11427,3821,11,2,105306.09,15,179020.35
11428,3822,37,3,11659.77,15,29732.41
11429,3822,42,1,23735.01,10,21361.51
11430,3822,49,2,16434.02,5,31224.64
11431,3822,10,4,40072.41,10,144260.68
11432,3823,14,1,87561.13,20,70048.9
11433,3823,38,2,80899.08,20,129438.53
11434,3823,66,1,113554.41,20,90843.53
11435,3823,60,2,107216.71,5,203711.75
11436,3823,95,2,69307.71,15,117823.11
11437,3824,70,4,96084.25,15,326686.45
11438,3824,114,4,80348.52,20,257115.26
11439,3824,10,1,40072.41,15,34061.55
11440,3824,18,2,702.11,15,1193.59
11441,3825,46,3,96591.13,20,231818.71
11442,3825,59,4,28521.98,10,102679.13
11443,3825,118,4,84291.46,15,286590.96
11444,3825,116,3,58762.22,20,141029.33
11445,3826,3,1,110255.0,15,93716.75
11446,3826,6,2,48116.68,5,91421.69
11447,3826,116,2,58762.22,15,99895.77
11448,3826,60,2,107216.71,5,203711.75
11449,3826,41,2,54922.23,10,98860.01
11450,3827,52,4,73711.95,5,280105.41
11451,3827,105,3,76452.42,10,206421.53
11452,3827,44,4,78898.93,0,315595.72
11453,3827,58,3,53064.77,5,151234.59
11454,3827,7,1,8795.78,15,7476.41
11455,3828,66,2,113554.41,20,181687.06
11456,3828,103,1,2011.93,5,1911.33
11457,3828,57,2,58409.34,20,93454.94
11458,3829,66,2,113554.41,15,193042.5
11459,3830,107,1,88188.54,15,74960.26
11460,3831,80,4,39618.64,10,142627.1
11461,3831,11,4,105306.09,0,421224.36
11462,3831,73,3,80430.4,20,193032.96
11463,3832,79,3,22216.62,20,53319.89
11464,3832,68,4,36184.21,5,137500.0
11465,3832,81,3,40831.32,5,116369.26
11466,3833,59,4,28521.98,5,108383.52
11467,3833,23,4,79774.8,0,319099.2
11468,3833,35,1,79232.66,5,75271.03
11469,3833,2,2,56747.46,0,113494.92
11470,3834,66,4,113554.41,0,454217.64
11471,3835,21,1,52040.04,20,41632.03
11472,3835,92,1,20550.8,5,19523.26
11473,3835,114,2,80348.52,0,160697.04
11474,3835,6,2,48116.68,0,96233.36
11475,3835,61,4,18524.26,0,74097.04
11476,3836,61,2,18524.26,10,33343.67
11477,3837,39,2,18108.8,5,34406.72
11478,3837,42,2,23735.01,10,42723.02
11479,3837,11,3,105306.09,20,252734.62
11480,3838,52,2,73711.95,15,125310.31
11481,3838,25,2,80193.7,5,152368.03
11482,3838,4,4,98554.1,10,354794.76
11483,3838,89,4,18709.69,10,67354.88
11484,3839,109,1,93069.65,20,74455.72
11485,3839,84,1,2816.3,15,2393.86
11486,3839,1,3,46213.74,5,131709.16
11487,3840,109,4,93069.65,15,316436.81
11488,3840,104,1,13111.9,5,12456.3
11489,3840,81,3,40831.32,0,122493.96
11490,3840,100,3,95649.15,10,258252.7
11491,3841,88,3,24323.6,5,69322.26
11492,3842,107,3,88188.54,0,264565.62
11493,3843,47,2,56013.71,5,106426.05
11494,3843,13,4,13454.1,0,53816.4
11495,3843,100,1,95649.15,0,95649.15
11496,3843,116,3,58762.22,20,141029.33
11497,3844,67,4,45955.53,0,183822.12
11498,3844,34,1,61585.29,20,49268.23
11499,3845,110,2,99175.28,5,188433.03
11500,3845,28,4,81439.49,5,309470.06
11501,3845,31,3,34786.19,20,83486.86
11502,3845,73,2,80430.4,5,152817.76
11503,3846,89,2,18709.69,10,33677.44
11504,3847,23,1,79774.8,20,63819.84
11505,3847,112,2,33831.93,20,54131.09
11506,3847,31,2,34786.19,10,62615.14
11507,3847,98,3,12677.21,0,38031.63
11508,3848,56,1,100863.62,0,100863.62
11509,3848,2,4,56747.46,5,215640.35
11510,3848,63,2,49208.12,5,93495.43
11511,3848,80,2,39618.64,10,71313.55
11512,3848,104,1,13111.9,5,12456.3
11513,3849,56,4,100863.62,5,383281.76
11514,3849,22,3,110532.12,10,298436.72
11515,3849,92,1,20550.8,10,18495.72
11516,3850,12,2,69880.47,20,111808.75
11517,3850,97,2,9581.58,0,19163.16
11518,3850,107,2,88188.54,10,158739.37
11519,3850,55,3,54283.34,15,138422.52
11520,3851,1,3,46213.74,15,117845.04
11521,3851,28,2,81439.49,5,154735.03
11522,3851,67,2,45955.53,5,87315.51
11523,3851,56,2,100863.62,5,191640.88
11524,3852,51,1,114029.73,5,108328.24
11525,3852,66,3,113554.41,10,306596.91
11526,3853,62,1,84917.09,10,76425.38
11527,3853,45,3,93521.24,15,238479.16
11528,3853,79,3,22216.62,0,66649.86
11529,3854,59,1,28521.98,15,24243.68
11530,3854,76,3,3722.49,5,10609.1
11531,3854,39,3,18108.8,5,51610.08
11532,3855,97,1,9581.58,20,7665.26
11533,3855,30,3,65978.5,10,178141.95
11534,3855,36,1,79830.53,20,63864.42
11535,3855,94,4,13417.8,15,45620.52
11536,3855,48,3,110137.67,10,297371.71
11537,3856,55,1,54283.34,0,54283.34
11538,3856,23,4,79774.8,5,303144.24
11539,3856,45,2,93521.24,0,187042.48
11540,3856,102,3,8740.33,5,24909.94
11541,3857,119,3,1713.06,20,4111.34
11542,3857,61,2,18524.26,15,31491.24
11543,3857,22,1,110532.12,10,99478.91
11544,3857,37,2,11659.77,20,18655.63
11545,3857,67,2,45955.53,0,91911.06
11546,3858,66,2,113554.41,0,227108.82
11547,3859,5,2,27139.36,10,48850.85
11548,3859,75,2,110385.22,0,220770.44
11549,3860,63,2,49208.12,0,98416.24
11550,3860,73,2,80430.4,15,136731.68
11551,3860,11,2,105306.09,20,168489.74
11552,3861,22,2,110532.12,10,198957.82
11553,3861,62,4,84917.09,20,271734.69
11554,3862,119,4,1713.06,0,6852.24
11555,3862,28,2,81439.49,5,154735.03
11556,3862,22,2,110532.12,10,198957.82
11557,3863,30,4,65978.5,20,211131.2
11558,3864,19,1,64845.01,20,51876.01
11559,3864,38,3,80899.08,20,194157.79
11560,3864,49,2,16434.02,0,32868.04
11561,3865,54,4,53786.68,10,193632.05
11562,3865,118,3,84291.46,0,252874.38
11563,3865,50,1,118553.15,15,100770.18
11564,3865,6,1,48116.68,10,43305.01
11565,3865,3,1,110255.0,5,104742.25
11566,3866,87,1,90630.87,5,86099.33
11567,3866,103,3,2011.93,20,4828.63
11568,3866,85,4,119988.99,20,383964.77
11569,3866,100,3,95649.15,20,229557.96
11570,3866,3,2,110255.0,10,198459.0
11571,3867,81,3,40831.32,5,116369.26
11572,3867,63,3,49208.12,20,118099.49
11573,3867,10,3,40072.41,15,102184.65
11574,3867,43,1,59578.07,20,47662.46
11575,3868,104,1,13111.9,5,12456.3
11576,3868,11,3,105306.09,5,300122.36
11577,3868,95,2,69307.71,15,117823.11
11578,3868,83,2,30646.45,10,55163.61
11579,3868,91,2,56071.56,0,112143.12
11580,3869,48,3,110137.67,20,264330.41
11581,3870,86,4,78192.22,0,312768.88
11582,3870,29,4,74054.03,0,296216.12
11583,3870,70,1,96084.25,10,86475.82
11584,3871,79,1,22216.62,20,17773.3
11585,3871,33,2,53293.43,15,90598.83
11586,3871,77,3,67944.84,20,163067.62
11587,3872,40,2,118080.35,0,236160.7
11588,3872,71,2,58843.42,15,100033.81
11589,3872,16,3,46530.85,0,139592.55
11590,3872,36,1,79830.53,0,79830.53
11591,3873,72,2,58534.22,10,105361.6
11592,3873,22,3,110532.12,5,315016.54
11593,3874,86,1,78192.22,20,62553.78
11594,3875,45,3,93521.24,5,266535.53
11595,3876,69,1,64817.36,10,58335.62
11596,3876,77,3,67944.84,0,203834.52
11597,3876,27,1,23424.89,20,18739.91
11598,3877,70,2,96084.25,5,182560.07
11599,3877,12,2,69880.47,0,139760.94
11600,3877,78,4,77308.58,15,262849.17
11601,3877,69,2,64817.36,15,110189.51
11602,3877,90,4,80500.33,10,289801.19
11603,3878,73,1,80430.4,15,68365.84
11604,3878,105,3,76452.42,0,229357.26
11605,3878,74,1,87039.67,0,87039.67
11606,3879,48,3,110137.67,20,264330.41
11607,3879,13,2,13454.1,0,26908.2
11608,3879,3,4,110255.0,10,396918.0
11609,3879,103,2,2011.93,15,3420.28
11610,3880,25,4,80193.7,15,272658.58
11611,3880,11,3,105306.09,10,284326.44
11612,3880,68,2,36184.21,10,65131.58
11613,3880,47,4,56013.71,20,179243.87
11614,3880,112,1,33831.93,5,32140.33
11615,3881,112,2,33831.93,5,64280.67
11616,3881,49,1,16434.02,0,16434.02
11617,3881,91,4,56071.56,0,224286.24
11618,3881,81,2,40831.32,0,81662.64
11619,3881,86,4,78192.22,20,250215.1
11620,3882,43,1,59578.07,0,59578.07
11621,3882,118,1,84291.46,5,80076.89
11622,3882,68,4,36184.21,15,123026.31
11623,3883,40,4,118080.35,15,401473.19
11624,3883,17,4,30939.34,0,123757.36
11625,3883,34,1,61585.29,10,55426.76
11626,3884,64,3,50185.02,10,135499.55
11627,3884,12,3,69880.47,10,188677.27
11628,3884,24,3,108055.6,15,275541.78
11629,3885,110,1,99175.28,10,89257.75
11630,3885,116,1,58762.22,20,47009.78
11631,3885,79,1,22216.62,10,19994.96
11632,3885,3,3,110255.0,10,297688.5
11633,3885,109,3,93069.65,20,223367.16
11634,3886,116,2,58762.22,20,94019.55
11635,3886,106,1,85023.38,15,72269.87
11636,3886,79,4,22216.62,15,75536.51
11637,3886,59,4,28521.98,15,96974.73
11638,3886,105,3,76452.42,5,217889.4
11639,3887,108,3,74101.53,15,188958.9
11640,3888,9,1,81702.42,15,69447.06
11641,3888,14,4,87561.13,20,280195.62
11642,3888,17,2,30939.34,15,52596.88
11643,3888,36,2,79830.53,10,143694.95
11644,3888,48,1,110137.67,20,88110.14
11645,3889,16,4,46530.85,5,176817.23
11646,3889,98,2,12677.21,20,20283.54
11647,3889,100,2,95649.15,10,172168.47
11648,3889,54,2,53786.68,15,91437.36
11649,3890,43,2,59578.07,5,113198.33
11650,3890,65,4,47042.48,0,188169.92
11651,3890,9,2,81702.42,10,147064.36
11652,3891,28,2,81439.49,0,162878.98
11653,3891,26,1,83816.41,5,79625.59
11654,3892,61,4,18524.26,0,74097.04
11655,3892,94,3,13417.8,5,38240.73
11656,3892,40,2,118080.35,0,236160.7
11657,3892,3,1,110255.0,10,99229.5
11658,3893,113,1,90181.92,20,72145.54
11659,3893,59,3,28521.98,20,68452.75
11660,3893,44,2,78898.93,5,149907.97
11661,3893,25,4,80193.7,10,288697.32
11662,3893,88,2,24323.6,0,48647.2
11663,3894,49,4,16434.02,5,62449.28
11664,3895,13,1,13454.1,15,11435.99
11665,3895,56,1,100863.62,0,100863.62
11666,3896,115,2,59569.63,10,107225.33
11667,3897,38,1,80899.08,15,68764.22
11668,3897,2,1,56747.46,20,45397.97
11669,3898,95,4,69307.71,5,263369.3
11670,3898,50,3,118553.15,5,337876.48
11671,3898,119,4,1713.06,15,5824.4
11672,3898,75,1,110385.22,0,110385.22
11673,3899,89,4,18709.69,10,67354.88
11674,3899,35,4,79232.66,10,285237.58
11675,3899,16,2,46530.85,5,88408.61
11676,3899,81,1,40831.32,0,40831.32
11677,3900,52,4,73711.95,10,265363.02
11678,3901,80,1,39618.64,0,39618.64
11679,3901,58,1,53064.77,10,47758.29
11680,3901,81,2,40831.32,20,65330.11
11681,3901,96,2,47900.21,15,81430.36
11682,3901,21,1,52040.04,20,41632.03
11683,3902,81,1,40831.32,0,40831.32
11684,3902,33,4,53293.43,5,202515.03
11685,3902,17,1,30939.34,0,30939.34
11686,3902,7,1,8795.78,0,8795.78
11687,3903,24,1,108055.6,10,97250.04
11688,3903,83,3,30646.45,15,78148.45
11689,3903,119,4,1713.06,20,5481.79
11690,3904,27,2,23424.89,5,44507.29
11691,3904,61,4,18524.26,20,59277.63
11692,3904,88,2,24323.6,20,38917.76
11693,3905,35,1,79232.66,15,67347.76
11694,3905,68,4,36184.21,20,115789.47
11695,3905,70,4,96084.25,10,345903.3
11696,3906,22,4,110532.12,5,420022.06
11697,3906,71,1,58843.42,5,55901.25
11698,3906,73,3,80430.4,10,217162.08
11699,3906,13,2,13454.1,10,24217.38
11700,3906,33,4,53293.43,10,191856.35
11701,3907,87,1,90630.87,20,72504.7
11702,3907,104,2,13111.9,5,24912.61
11703,3907,60,2,107216.71,5,203711.75
11704,3908,59,3,28521.98,20,68452.75
11705,3908,101,3,41990.85,20,100778.04
11706,3908,103,3,2011.93,15,5130.42
11707,3909,16,3,46530.85,15,118653.67
11708,3909,81,2,40831.32,20,65330.11
11709,3910,9,1,81702.42,10,73532.18
11710,3910,29,2,74054.03,20,118486.45
11711,3910,26,2,83816.41,15,142487.9
11712,3910,102,4,8740.33,10,31465.19
11713,3911,34,2,61585.29,10,110853.52
11714,3911,47,1,56013.71,5,53213.02
11715,3911,95,4,69307.71,5,263369.3
11716,3912,8,4,42461.96,20,135878.27
11717,3912,80,1,39618.64,5,37637.71
11718,3913,92,4,20550.8,10,73982.88
11719,3914,25,1,80193.7,20,64154.96
11720,3914,71,2,58843.42,10,105918.16
11721,3914,120,1,10730.75,15,9121.14
11722,3914,21,2,52040.04,20,83264.06
11723,3914,67,3,45955.53,20,110293.27
11724,3915,45,1,93521.24,0,93521.24
11725,3916,21,4,52040.04,5,197752.15
11726,3916,10,4,40072.41,5,152275.16
11727,3916,61,3,18524.26,5,52794.14
11728,3916,120,1,10730.75,10,9657.68
11729,3917,78,1,77308.58,0,77308.58
11730,3917,58,3,53064.77,10,143274.88
11731,3917,44,4,78898.93,5,299815.93
11732,3917,27,2,23424.89,20,37479.82
11733,3917,84,3,2816.3,10,7604.01
11734,3918,10,3,40072.41,20,96173.78
11735,3918,117,1,41170.49,5,39111.97
11736,3919,67,2,45955.53,5,87315.51
11737,3919,80,2,39618.64,0,79237.28
11738,3919,92,2,20550.8,10,36991.44
11739,3919,30,1,65978.5,15,56081.72
11740,3919,4,4,98554.1,15,335083.94
11741,3920,21,4,52040.04,15,176936.14
11742,3920,71,3,58843.42,0,176530.26
11743,3920,22,1,110532.12,0,110532.12
11744,3920,49,4,16434.02,15,55875.67
11745,3920,91,2,56071.56,10,100928.81
11746,3921,76,1,3722.49,5,3536.37
11747,3921,3,1,110255.0,5,104742.25
11748,3921,94,3,13417.8,10,36228.06
11749,3922,56,3,100863.62,15,257202.23
11750,3922,94,4,13417.8,20,42936.96
11751,3923,38,1,80899.08,10,72809.17
11752,3923,3,2,110255.0,5,209484.5
11753,3923,27,1,23424.89,0,23424.89
11754,3924,41,1,54922.23,15,46683.9
11755,3924,30,3,65978.5,10,178141.95
11756,3924,21,3,52040.04,0,156120.12
11757,3925,94,1,13417.8,15,11405.13
11758,3925,51,2,114029.73,5,216656.49
11759,3926,102,4,8740.33,15,29717.12
11760,3926,94,1,13417.8,0,13417.8
11761,3927,94,3,13417.8,5,38240.73
11762,3927,26,2,83816.41,15,142487.9
11763,3927,5,1,27139.36,10,24425.42
11764,3928,64,3,50185.02,5,143027.31
11765,3928,117,1,41170.49,0,41170.49
11766,3929,114,4,80348.52,20,257115.26
11767,3930,120,3,10730.75,20,25753.8
11768,3931,22,3,110532.12,20,265277.09
11769,3931,113,4,90181.92,20,288582.14
11770,3931,106,3,85023.38,0,255070.14
11771,3932,111,4,39015.4,15,132652.36
11772,3932,97,3,9581.58,0,28744.74
11773,3932,117,3,41170.49,15,104984.75
11774,3932,101,2,41990.85,5,79782.61
11775,3932,67,1,45955.53,5,43657.75
11776,3933,87,4,90630.87,15,308144.96
11777,3933,2,2,56747.46,5,107820.17
11778,3933,40,1,118080.35,20,94464.28
11779,3934,84,2,2816.3,20,4506.08
11780,3934,104,3,13111.9,5,37368.91
11781,3934,74,4,87039.67,15,295934.88
11782,3935,118,4,84291.46,15,286590.96
11783,3935,53,3,51495.52,15,131313.58
11784,3935,95,2,69307.71,15,117823.11
11785,3936,13,4,13454.1,20,43053.12
11786,3937,56,4,100863.62,10,363109.03
11787,3938,23,1,79774.8,0,79774.8
11788,3938,42,1,23735.01,0,23735.01
11789,3939,35,1,79232.66,0,79232.66
11790,3940,34,3,61585.29,15,157042.49
11791,3940,90,4,80500.33,0,322001.32
11792,3940,72,3,58534.22,5,166822.53
11793,3940,12,2,69880.47,20,111808.75
11794,3941,20,1,88576.0,20,70860.8
11795,3941,34,1,61585.29,15,52347.5
11796,3941,110,1,99175.28,20,79340.22
11797,3941,100,2,95649.15,15,162603.55
11798,3941,62,3,84917.09,15,216538.58
11799,3942,87,4,90630.87,0,362523.48
11800,3942,40,2,118080.35,15,200736.6
11801,3943,81,4,40831.32,5,155159.02
11802,3943,17,4,30939.34,5,117569.49
11803,3943,118,2,84291.46,5,160153.77
11804,3943,111,1,39015.4,20,31212.32
11805,3943,1,4,46213.74,0,184854.96
11806,3944,30,3,65978.5,0,197935.5
11807,3944,75,2,110385.22,20,176616.35
11808,3944,57,1,58409.34,5,55488.87
11809,3945,39,2,18108.8,15,30784.96
11810,3945,36,2,79830.53,15,135711.9
11811,3945,1,2,46213.74,15,78563.36
11812,3945,120,3,10730.75,20,25753.8
11813,3945,119,3,1713.06,0,5139.18
11814,3946,42,4,23735.01,20,75952.03
11815,3946,11,2,105306.09,15,179020.35
11816,3946,45,1,93521.24,15,79493.05
11817,3946,31,1,34786.19,20,27828.95
11818,3947,2,2,56747.46,20,90795.94
11819,3948,81,4,40831.32,10,146992.75
11820,3948,35,3,79232.66,5,225813.08
11821,3949,66,1,113554.41,15,96521.25
11822,3949,71,1,58843.42,5,55901.25
11823,3950,29,3,74054.03,5,211053.99
11824,3950,40,3,118080.35,0,354241.05
11825,3951,33,3,53293.43,20,127904.23
11826,3952,23,3,79774.8,15,203425.74
11827,3952,65,4,47042.48,0,188169.92
11828,3953,52,1,73711.95,5,70026.35
11829,3953,26,2,83816.41,15,142487.9
11830,3953,19,3,64845.01,5,184808.28
11831,3953,120,1,10730.75,10,9657.68
11832,3953,118,3,84291.46,10,227586.94
11833,3954,112,3,33831.93,20,81196.63
11834,3955,79,4,22216.62,5,84423.16
11835,3955,88,1,24323.6,5,23107.42
11836,3955,111,4,39015.4,10,140455.44
11837,3956,109,1,93069.65,0,93069.65
11838,3956,29,4,74054.03,0,296216.12
11839,3956,19,2,64845.01,0,129690.02
11840,3957,98,4,12677.21,15,43102.51
11841,3957,47,1,56013.71,10,50412.34
11842,3957,65,4,47042.48,5,178761.42
11843,3957,46,2,96591.13,5,183523.15
11844,3958,69,3,64817.36,0,194452.08
11845,3958,93,3,93446.13,15,238287.63
11846,3959,95,2,69307.71,0,138615.42
11847,3959,114,4,80348.52,20,257115.26
11848,3959,68,4,36184.21,5,137500.0
11849,3959,16,3,46530.85,20,111674.04
11850,3960,42,4,23735.01,5,90193.04
11851,3960,55,4,54283.34,5,206276.69
11852,3960,15,1,72941.96,0,72941.96
11853,3960,112,4,33831.93,0,135327.72
11854,3961,59,2,28521.98,10,51339.56
11855,3961,112,1,33831.93,0,33831.93
11856,3961,38,4,80899.08,15,275056.87
11857,3961,62,3,84917.09,10,229276.14
11858,3962,63,1,49208.12,5,46747.71
11859,3962,81,1,40831.32,5,38789.75
11860,3962,67,3,45955.53,20,110293.27
11861,3962,115,2,59569.63,5,113182.3
11862,3963,115,4,59569.63,0,238278.52
11863,3964,81,2,40831.32,20,65330.11
11864,3964,25,1,80193.7,5,76184.01
11865,3964,8,3,42461.96,10,114647.29
11866,3964,100,2,95649.15,0,191298.3
11867,3964,108,2,74101.53,15,125972.6
11868,3965,102,3,8740.33,20,20976.79
11869,3966,109,2,93069.65,20,148911.44
11870,3966,73,2,80430.4,15,136731.68
11871,3966,60,1,107216.71,20,85773.37
11872,3966,30,2,65978.5,20,105565.6
11873,3966,18,2,702.11,20,1123.38
11874,3967,23,4,79774.8,20,255279.36
11875,3967,4,4,98554.1,5,374505.58
11876,3967,36,1,79830.53,5,75839.0
11877,3967,55,1,54283.34,15,46140.84
11878,3968,90,4,80500.33,10,289801.19
11879,3968,79,3,22216.62,10,59984.87
11880,3968,69,1,64817.36,0,64817.36
11881,3968,96,3,47900.21,0,143700.63
11882,3969,43,2,59578.07,0,119156.14
11883,3969,114,1,80348.52,20,64278.82
11884,3969,59,1,28521.98,20,22817.58
11885,3970,17,2,30939.34,15,52596.88
11886,3971,108,2,74101.53,5,140792.91
11887,3971,22,1,110532.12,0,110532.12
11888,3971,63,3,49208.12,5,140243.14
11889,3972,57,4,58409.34,5,221955.49
11890,3972,97,4,9581.58,15,32577.37
11891,3972,47,4,56013.71,0,224054.84
11892,3972,102,3,8740.33,15,22287.84
11893,3973,82,3,33751.67,0,101255.01
11894,3973,117,4,41170.49,20,131745.57
11895,3973,57,2,58409.34,10,105136.81
11896,3974,89,2,18709.69,20,29935.5
11897,3974,38,2,80899.08,20,129438.53
11898,3974,97,1,9581.58,15,8144.34
11899,3974,52,4,73711.95,5,280105.41
11900,3975,11,1,105306.09,0,105306.09
11901,3976,107,4,88188.54,10,317478.74
11902,3976,21,1,52040.04,20,41632.03
11903,3976,94,4,13417.8,0,53671.2
11904,3976,53,2,51495.52,5,97841.49
11905,3976,27,2,23424.89,10,42164.8
11906,3977,21,3,52040.04,10,140508.11
11907,3977,61,3,18524.26,10,50015.5
11908,3978,57,4,58409.34,20,186909.89
11909,3978,67,2,45955.53,10,82719.95
11910,3979,72,3,58534.22,5,166822.53
11911,3979,50,1,118553.15,15,100770.18
11912,3979,58,1,53064.77,5,50411.53
11913,3979,73,4,80430.4,15,273463.36
11914,3980,41,2,54922.23,0,109844.46
11915,3980,93,4,93446.13,20,299027.62
11916,3981,11,4,105306.09,5,400163.14
11917,3981,21,3,52040.04,20,124896.1
11918,3982,22,3,110532.12,0,331596.36
11919,3982,91,2,56071.56,5,106535.96
11920,3983,103,2,2011.93,20,3219.09
11921,3983,70,3,96084.25,0,288252.75
11922,3984,24,1,108055.6,20,86444.48
11923,3984,6,2,48116.68,20,76986.69
11924,3985,85,4,119988.99,20,383964.77
11925,3985,54,2,53786.68,0,107573.36
11926,3985,56,2,100863.62,0,201727.24
11927,3985,117,4,41170.49,5,156447.86
11928,3986,11,4,105306.09,20,336979.49
11929,3986,28,3,81439.49,20,195454.78
11930,3986,63,1,49208.12,10,44287.31
11931,3987,79,3,22216.62,0,66649.86
11932,3987,110,2,99175.28,0,198350.56
11933,3987,13,3,13454.1,20,32289.84
11934,3987,72,4,58534.22,10,210723.19
11935,3987,38,2,80899.08,20,129438.53
11936,3988,97,2,9581.58,10,17246.84
11937,3988,88,1,24323.6,0,24323.6
11938,3988,45,1,93521.24,15,79493.05
11939,3989,111,3,39015.4,15,99489.27
11940,3989,114,3,80348.52,0,241045.56
11941,3990,114,2,80348.52,15,136592.48
11942,3990,98,2,12677.21,10,22818.98
11943,3991,74,3,87039.67,10,235007.11
11944,3991,41,4,54922.23,15,186735.58
11945,3991,70,4,96084.25,5,365120.15
11946,3991,17,2,30939.34,20,49502.94
11947,3992,115,2,59569.63,20,95311.41
11948,3992,11,1,105306.09,15,89510.18
11949,3992,53,4,51495.52,5,195682.98
11950,3993,27,2,23424.89,20,37479.82
11951,3993,60,1,107216.71,15,91134.2
11952,3993,93,4,93446.13,10,336406.07
11953,3993,18,1,702.11,5,667.0
11954,3994,77,3,67944.84,15,173259.34
11955,3994,11,3,105306.09,0,315918.27
11956,3995,74,2,87039.67,20,139263.47
11957,3995,23,2,79774.8,10,143594.64
11958,3995,104,4,13111.9,0,52447.6
11959,3996,85,4,119988.99,10,431960.36
11960,3997,45,3,93521.24,15,238479.16
11961,3998,63,3,49208.12,20,118099.49
11962,3999,70,3,96084.25,10,259427.48
11963,4000,99,2,102110.04,15,173587.07
11964,4001,114,4,80348.52,20,257115.26
11965,4001,61,1,18524.26,15,15745.62
11966,4002,71,3,58843.42,10,158877.23
11967,4002,97,4,9581.58,5,36410.0
11968,4002,115,2,59569.63,0,119139.26
11969,4002,65,4,47042.48,15,159944.43
11970,4002,58,3,53064.77,10,143274.88
11971,4003,99,3,102110.04,20,245064.1
11972,4003,82,2,33751.67,10,60753.01
11973,4003,102,3,8740.33,15,22287.84
11974,4003,44,3,78898.93,5,224861.95
11975,4003,95,2,69307.71,15,117823.11
11976,4004,47,1,56013.71,0,56013.71
11977,4004,20,3,88576.0,15,225868.8
11978,4004,61,2,18524.26,15,31491.24
11979,4004,59,4,28521.98,20,91270.34
11980,4005,104,1,13111.9,20,10489.52
11981,4005,76,3,3722.49,10,10050.72
11982,4005,20,4,88576.0,5,336588.8
11983,4005,4,1,98554.1,15,83770.99
11984,4006,73,2,80430.4,5,152817.76
11985,4006,100,4,95649.15,10,344336.94
11986,4006,26,3,83816.41,20,201159.38
11987,4007,75,2,110385.22,10,198693.4
11988,4007,32,3,72996.06,20,175190.54
11989,4007,84,3,2816.3,20,6759.12
11990,4008,56,4,100863.62,20,322763.58
11991,4008,42,4,23735.01,0,94940.04
11992,4008,27,1,23424.89,20,18739.91
11993,4008,34,1,61585.29,0,61585.29
11994,4009,52,4,73711.95,20,235878.24
11995,4009,53,1,51495.52,20,41196.42
11996,4009,109,4,93069.65,10,335050.74
11997,4009,12,3,69880.47,20,167713.13
11998,4010,100,2,95649.15,20,153038.64
11999,4010,53,3,51495.52,5,146762.23
12000,4010,45,3,93521.24,0,280563.72
12001,4010,1,1,46213.74,5,43903.05
12002,4011,75,4,110385.22,0,441540.88
12003,4011,115,4,59569.63,15,202536.74
12004,4011,21,4,52040.04,0,208160.16
12005,4012,68,1,36184.21,0,36184.21
12006,4012,4,4,98554.1,0,394216.4
12007,4013,38,4,80899.08,10,291236.69
12008,4013,72,1,58534.22,15,49754.09
12009,4014,119,2,1713.06,5,3254.81
12010,4015,23,3,79774.8,0,239324.4
12011,4015,14,1,87561.13,5,83183.07
12012,4015,108,4,74101.53,10,266765.51
12013,4015,63,1,49208.12,10,44287.31
12014,4016,72,4,58534.22,5,222430.04
12015,4016,24,2,108055.6,15,183694.52
12016,4016,118,4,84291.46,0,337165.84
12017,4016,25,2,80193.7,20,128309.92
12018,4016,79,3,22216.62,20,53319.89
12019,4017,9,2,81702.42,0,163404.84
12020,4018,42,3,23735.01,20,56964.02
12021,4018,25,3,80193.7,5,228552.04
12022,4019,8,3,42461.96,10,114647.29
12023,4019,44,3,78898.93,20,189357.43
12024,4019,102,1,8740.33,10,7866.3
12025,4019,80,3,39618.64,5,112913.12
12026,4020,70,4,96084.25,0,384337.0
12027,4020,86,2,78192.22,15,132926.77
12028,4020,61,1,18524.26,10,16671.83
12029,4020,1,2,46213.74,0,92427.48
12030,4020,81,2,40831.32,0,81662.64
12031,4021,46,1,96591.13,20,77272.9
12032,4021,19,3,64845.01,20,155628.02
12033,4021,11,4,105306.09,10,379101.92
12034,4021,6,3,48116.68,5,137132.54
12035,4022,105,1,76452.42,10,68807.18
12036,4022,19,3,64845.01,10,175081.53
12037,4022,24,1,108055.6,15,91847.26
12038,4022,22,1,110532.12,0,110532.12
12039,4023,90,4,80500.33,20,257601.06
12040,4023,112,1,33831.93,15,28757.14
12041,4024,43,2,59578.07,20,95324.91
12042,4024,98,3,12677.21,0,38031.63
12043,4025,40,2,118080.35,0,236160.7
12044,4026,44,2,78898.93,15,134128.18
12045,4026,28,3,81439.49,5,232102.55
12046,4026,70,2,96084.25,5,182560.07
12047,4027,68,2,36184.21,5,68750.0
12048,4027,27,2,23424.89,0,46849.78
12049,4027,59,1,28521.98,10,25669.78
12050,4028,68,3,36184.21,10,97697.37
12051,4028,8,1,42461.96,20,33969.57
12052,4029,105,1,76452.42,0,76452.42
12053,4030,70,2,96084.25,10,172951.65
12054,4030,7,1,8795.78,20,7036.62
12055,4030,105,4,76452.42,0,305809.68
12056,4030,75,1,110385.22,20,88308.18
12057,4030,76,4,3722.49,15,12656.47
12058,4031,21,2,52040.04,15,88468.07
12059,4031,45,4,93521.24,15,317972.22
12060,4032,19,4,64845.01,15,220473.03
12061,4032,75,3,110385.22,0,331155.66
12062,4032,23,1,79774.8,20,63819.84
12063,4033,36,2,79830.53,0,159661.06
12064,4033,18,4,702.11,15,2387.17
12065,4033,110,1,99175.28,20,79340.22
12066,4033,24,3,108055.6,5,307958.46
12067,4033,98,2,12677.21,20,20283.54
12068,4034,24,2,108055.6,10,194500.08
12069,4034,96,4,47900.21,15,162860.71
12070,4034,3,4,110255.0,20,352816.0
12071,4035,50,2,118553.15,0,237106.3
12072,4035,92,4,20550.8,10,73982.88
12073,4035,28,3,81439.49,5,232102.55
12074,4035,49,2,16434.02,15,27937.83
12075,4035,19,2,64845.01,10,116721.02
12076,4036,41,2,54922.23,15,93367.79
12077,4036,69,4,64817.36,10,233342.5
12078,4036,46,3,96591.13,15,246307.38
12079,4036,66,1,113554.41,10,102198.97
12080,4037,97,1,9581.58,10,8623.42
12081,4037,66,3,113554.41,5,323630.07
12082,4037,119,2,1713.06,15,2912.2
12083,4037,42,4,23735.01,15,80699.03
12084,4038,13,3,13454.1,10,36326.07
12085,4039,16,4,46530.85,0,186123.4
12086,4039,72,1,58534.22,10,52680.8
12087,4039,67,1,45955.53,0,45955.53
12088,4039,52,4,73711.95,0,294847.8
12089,4039,102,4,8740.33,5,33213.25
12090,4040,83,3,30646.45,15,78148.45
12091,4040,15,2,72941.96,10,131295.53
12092,4041,52,4,73711.95,15,250620.63
12093,4042,113,1,90181.92,20,72145.54
12094,4042,71,3,58843.42,15,150050.72
12095,4042,101,1,41990.85,20,33592.68
12096,4042,17,1,30939.34,5,29392.37
12097,4043,101,4,41990.85,10,151167.06
12098,4043,32,2,72996.06,0,145992.12
12099,4043,17,2,30939.34,5,58784.75
12100,4043,44,1,78898.93,5,74953.98
12101,4044,57,2,58409.34,0,116818.68
12102,4045,68,4,36184.21,15,123026.31
12103,4046,3,3,110255.0,10,297688.5
12104,4046,88,3,24323.6,20,58376.64
12105,4046,41,2,54922.23,0,109844.46
12106,4047,120,4,10730.75,5,40776.85
12107,4048,58,4,53064.77,10,191033.17
12108,4049,81,3,40831.32,5,116369.26
12109,4049,76,4,3722.49,20,11911.97
12110,4050,37,4,11659.77,5,44307.13
12111,4050,71,1,58843.42,15,50016.91
12112,4050,84,3,2816.3,10,7604.01
12113,4050,2,3,56747.46,10,153218.14
12114,4050,100,3,95649.15,0,286947.45
12115,4051,17,1,30939.34,20,24751.47
12116,4052,25,3,80193.7,10,216522.99
12117,4052,97,3,9581.58,0,28744.74
12118,4052,94,1,13417.8,15,11405.13
12119,4052,105,4,76452.42,15,259938.23
12120,4052,37,3,11659.77,5,33230.34
12121,4053,26,4,83816.41,0,335265.64
12122,4053,107,1,88188.54,20,70550.83
12123,4053,93,3,93446.13,5,266321.47
12124,4054,44,3,78898.93,20,189357.43
12125,4054,27,4,23424.89,5,89014.58
12126,4055,22,3,110532.12,5,315016.54
12127,4055,21,3,52040.04,0,156120.12
12128,4056,1,4,46213.74,0,184854.96
12129,4056,25,2,80193.7,15,136329.29
12130,4056,30,1,65978.5,10,59380.65
12131,4056,67,4,45955.53,15,156248.8
12132,4056,33,3,53293.43,5,151886.28
12133,4057,94,3,13417.8,0,40253.4
12134,4058,29,4,74054.03,5,281405.31
12135,4058,87,3,90630.87,10,244703.35
12136,4059,31,4,34786.19,15,118273.05
12137,4059,70,3,96084.25,5,273840.11
12138,4059,26,4,83816.41,10,301739.08
12139,4059,52,4,73711.95,20,235878.24
12140,4060,110,2,99175.28,10,178515.5
12141,4060,89,3,18709.69,10,50516.16
12142,4060,15,3,72941.96,5,207884.59
12143,4061,40,2,118080.35,0,236160.7
12144,4061,112,4,33831.93,0,135327.72
12145,4061,114,4,80348.52,15,273184.97
12146,4061,20,4,88576.0,5,336588.8
12147,4061,70,2,96084.25,10,172951.65
12148,4062,49,2,16434.02,10,29581.24
12149,4063,15,3,72941.96,0,218825.88
12150,4063,10,4,40072.41,10,144260.68
12151,4063,119,3,1713.06,15,4368.3
12152,4063,87,4,90630.87,10,326271.13
12153,4063,120,1,10730.75,5,10194.21
12154,4064,46,1,96591.13,5,91761.57
12155,4064,103,2,2011.93,10,3621.47
12156,4064,29,3,74054.03,15,188837.78
12157,4064,45,2,93521.24,20,149633.98
12158,4065,43,2,59578.07,5,113198.33
12159,4066,73,4,80430.4,10,289549.44
12160,4066,55,4,54283.34,0,217133.36
12161,4066,58,2,53064.77,10,95516.59
12162,4067,63,4,49208.12,20,157465.98
12163,4067,103,2,2011.93,20,3219.09
12164,4067,75,2,110385.22,10,198693.4
12165,4067,108,2,74101.53,20,118562.45
12166,4068,79,2,22216.62,0,44433.24
12167,4068,7,1,8795.78,15,7476.41
12168,4069,68,4,36184.21,5,137500.0
12169,4069,56,2,100863.62,0,201727.24
12170,4069,107,4,88188.54,0,352754.16
12171,4069,118,1,84291.46,0,84291.46
12172,4070,97,1,9581.58,20,7665.26
12173,4070,78,4,77308.58,0,309234.32
12174,4070,64,1,50185.02,10,45166.52
12175,4070,86,2,78192.22,20,125107.55
12176,4071,74,1,87039.67,20,69631.74
12177,4072,109,1,93069.65,15,79109.2
12178,4073,4,1,98554.1,5,93626.4
12179,4073,38,2,80899.08,20,129438.53
12180,4073,46,3,96591.13,20,231818.71
12181,4074,96,2,47900.21,10,86220.38
12182,4075,4,3,98554.1,20,236529.84
12183,4076,70,3,96084.25,10,259427.48
12184,4076,81,4,40831.32,5,155159.02
12185,4077,71,4,58843.42,15,200067.63
12186,4078,77,3,67944.84,0,203834.52
12187,4078,3,4,110255.0,10,396918.0
12188,4078,28,2,81439.49,20,130303.18
12189,4078,42,2,23735.01,5,45096.52
12190,4079,85,4,119988.99,10,431960.36
12191,4079,11,3,105306.09,0,315918.27
12192,4079,69,2,64817.36,0,129634.72
12193,4079,92,2,20550.8,5,39046.52
12194,4079,103,3,2011.93,20,4828.63
12195,4080,19,2,64845.01,15,110236.52
12196,4080,60,3,107216.71,5,305567.62
12197,4080,29,4,74054.03,0,296216.12
12198,4080,43,1,59578.07,5,56599.17
12199,4081,108,3,74101.53,15,188958.9
12200,4081,80,3,39618.64,10,106970.33
12201,4082,16,3,46530.85,20,111674.04
12202,4082,35,2,79232.66,20,126772.26
12203,4082,49,3,16434.02,15,41906.75
12204,4082,74,1,87039.67,0,87039.67
12205,4083,78,3,77308.58,20,185540.59
12206,4083,43,4,59578.07,10,214481.05
12207,4083,30,2,65978.5,20,105565.6
12208,4083,94,2,13417.8,0,26835.6
12209,4083,18,2,702.11,15,1193.59
12210,4084,119,3,1713.06,15,4368.3
12211,4084,89,3,18709.69,5,53322.62
12212,4084,95,2,69307.71,15,117823.11
12213,4084,51,2,114029.73,15,193850.54
12214,4084,15,1,72941.96,5,69294.86
12215,4085,3,1,110255.0,5,104742.25
12216,4085,59,1,28521.98,10,25669.78
12217,4085,37,4,11659.77,10,41975.17
12218,4085,52,3,73711.95,10,199022.26
12219,4085,101,4,41990.85,10,151167.06
12220,4086,25,1,80193.7,5,76184.01
12221,4086,91,2,56071.56,5,106535.96
12222,4086,71,2,58843.42,5,111802.5
12223,4086,86,1,78192.22,10,70373.0
12224,4087,71,3,58843.42,20,141224.21
12225,4087,105,4,76452.42,20,244647.74
12226,4087,24,2,108055.6,15,183694.52
12227,4087,116,1,58762.22,0,58762.22
12228,4087,4,2,98554.1,5,187252.79
12229,4088,95,4,69307.71,10,249507.76
12230,4088,64,1,50185.02,0,50185.02
12231,4089,9,2,81702.42,5,155234.6
12232,4090,85,3,119988.99,0,359966.97
12233,4091,78,2,77308.58,5,146886.3
12234,4091,20,4,88576.0,20,283443.2
12235,4092,12,1,69880.47,0,69880.47
12236,4092,31,2,34786.19,5,66093.76
12237,4093,9,3,81702.42,15,208341.17
12238,4093,39,4,18108.8,0,72435.2
12239,4093,93,3,93446.13,10,252304.55
12240,4093,8,4,42461.96,0,169847.84
12241,4094,2,4,56747.46,20,181591.87
12242,4095,96,4,47900.21,20,153280.67
12243,4096,6,1,48116.68,20,38493.34
12244,4096,9,1,81702.42,0,81702.42
12245,4097,39,2,18108.8,0,36217.6
12246,4097,95,1,69307.71,20,55446.17
12247,4097,57,3,58409.34,10,157705.22
12248,4097,67,1,45955.53,0,45955.53
12249,4098,63,2,49208.12,10,88574.62
12250,4098,38,3,80899.08,0,242697.24
12251,4099,20,2,88576.0,20,141721.6
12252,4100,117,1,41170.49,0,41170.49
12253,4100,9,3,81702.42,5,232851.9
12254,4100,77,4,67944.84,20,217423.49
12255,4100,111,2,39015.4,5,74129.26
12256,4101,45,3,93521.24,20,224450.98
12257,4101,6,4,48116.68,5,182843.38
12258,4102,115,4,59569.63,15,202536.74
12259,4102,9,4,81702.42,20,261447.74
12260,4102,71,4,58843.42,0,235373.68
12261,4103,54,3,53786.68,5,153292.04
12262,4103,17,4,30939.34,10,111381.62
12263,4103,93,1,93446.13,0,93446.13
12264,4103,112,1,33831.93,10,30448.74
12265,4103,3,1,110255.0,0,110255.0
12266,4104,50,3,118553.15,0,355659.45
12267,4105,41,2,54922.23,20,87875.57
12268,4106,36,1,79830.53,10,71847.48
12269,4106,54,1,53786.68,20,43029.34
12270,4106,73,3,80430.4,20,193032.96
12271,4107,98,3,12677.21,15,32326.89
12272,4108,50,2,118553.15,5,225250.98
12273,4108,29,3,74054.03,10,199945.88
12274,4109,111,2,39015.4,0,78030.8
12275,4110,106,3,85023.38,20,204056.11
12276,4110,28,2,81439.49,5,154735.03
12277,4111,61,2,18524.26,5,35196.09
12278,4111,115,4,59569.63,0,238278.52
12279,4111,7,3,8795.78,0,26387.34
12280,4112,75,2,110385.22,10,198693.4
12281,4112,117,3,41170.49,10,111160.32
12282,4112,15,4,72941.96,10,262591.06
12283,4113,35,1,79232.66,5,75271.03
12284,4114,45,4,93521.24,5,355380.71
12285,4114,31,2,34786.19,10,62615.14
12286,4114,44,1,78898.93,20,63119.14
12287,4114,1,3,46213.74,20,110912.98
12288,4114,110,1,99175.28,20,79340.22
12289,4115,105,2,76452.42,20,122323.87
12290,4115,107,4,88188.54,10,317478.74
12291,4116,82,1,33751.67,10,30376.5
12292,4117,77,2,67944.84,10,122300.71
12293,4117,48,4,110137.67,10,396495.61
12294,4117,9,1,81702.42,20,65361.94
12295,4117,28,2,81439.49,10,146591.08
12296,4118,15,3,72941.96,0,218825.88
12297,4119,103,4,2011.93,0,8047.72
12298,4120,93,1,93446.13,10,84101.52
12299,4120,73,3,80430.4,5,229226.64
12300,4120,56,2,100863.62,20,161381.79
12301,4120,26,4,83816.41,10,301739.08
12302,4120,23,2,79774.8,0,159549.6
12303,4121,33,1,53293.43,0,53293.43
12304,4121,3,2,110255.0,10,198459.0
12305,4122,30,2,65978.5,5,125359.15
12306,4122,44,4,78898.93,10,284036.15
12307,4122,5,1,27139.36,20,21711.49
12308,4122,82,4,33751.67,10,121506.01
12309,4122,6,4,48116.68,20,153973.38
12310,4123,91,2,56071.56,15,95321.65
12311,4124,39,3,18108.8,10,48893.76
12312,4124,10,4,40072.41,15,136246.19
12313,4124,50,2,118553.15,15,201540.35
12314,4124,93,4,93446.13,20,299027.62
12315,4124,30,2,65978.5,20,105565.6
12316,4125,1,3,46213.74,5,131709.16
12317,4125,102,2,8740.33,0,17480.66
12318,4125,33,3,53293.43,5,151886.28
12319,4125,105,3,76452.42,20,183485.81
12320,4126,89,4,18709.69,10,67354.88
12321,4126,50,3,118553.15,5,337876.48
12322,4127,19,1,64845.01,5,61602.76
12323,4128,15,3,72941.96,0,218825.88
12324,4129,10,4,40072.41,5,152275.16
12325,4129,110,3,99175.28,20,238020.67
12326,4130,44,2,78898.93,5,149907.97
12327,4130,115,2,59569.63,20,95311.41
12328,4130,46,1,96591.13,15,82102.46
12329,4130,3,1,110255.0,5,104742.25
12330,4131,63,2,49208.12,5,93495.43
12331,4132,19,4,64845.01,20,207504.03
12332,4132,69,4,64817.36,5,246305.97
12333,4132,40,4,118080.35,5,448705.33
12334,4133,62,3,84917.09,20,203801.02
12335,4133,8,3,42461.96,5,121016.59
12336,4134,44,2,78898.93,10,142018.07
12337,4134,71,3,58843.42,20,141224.21
12338,4134,42,1,23735.01,5,22548.26
12339,4135,93,1,93446.13,10,84101.52
12340,4135,69,1,64817.36,10,58335.62
12341,4135,94,2,13417.8,20,21468.48
12342,4136,6,3,48116.68,15,122697.53
12343,4136,76,1,3722.49,20,2977.99
12344,4136,74,1,87039.67,5,82687.69
12345,4136,34,2,61585.29,10,110853.52
12346,4136,85,1,119988.99,15,101990.64
12347,4137,57,2,58409.34,15,99295.88
12348,4137,25,1,80193.7,5,76184.01
12349,4137,102,3,8740.33,10,23598.89
12350,4138,15,3,72941.96,15,186002.0
12351,4138,110,4,99175.28,0,396701.12
12352,4138,113,1,90181.92,15,76654.63
12353,4139,47,3,56013.71,0,168041.13
12354,4139,18,3,702.11,0,2106.33
12355,4139,69,1,64817.36,20,51853.89
12356,4139,82,2,33751.67,15,57377.84
12357,4140,20,2,88576.0,5,168294.4
12358,4140,48,4,110137.67,5,418523.15
12359,4140,3,4,110255.0,10,396918.0
12360,4140,63,2,49208.12,10,88574.62
12361,4140,55,2,54283.34,15,92281.68
12362,4141,84,1,2816.3,20,2253.04
12363,4142,28,1,81439.49,5,77367.52
12364,4142,20,4,88576.0,10,318873.6
12365,4142,31,3,34786.19,15,88704.78
12366,4142,9,3,81702.42,15,208341.17
12367,4143,42,1,23735.01,15,20174.76
12368,4143,19,1,64845.01,20,51876.01
12369,4144,80,2,39618.64,20,63389.82
12370,4145,47,3,56013.71,15,142834.96
12371,4145,29,2,74054.03,0,148108.06
12372,4146,109,2,93069.65,15,158218.4
12373,4146,11,4,105306.09,0,421224.36
12374,4146,68,1,36184.21,5,34375.0
12375,4146,69,4,64817.36,0,259269.44
12376,4147,90,4,80500.33,15,273701.12
12377,4148,4,3,98554.1,10,266096.07
12378,4148,99,2,102110.04,5,194009.08
12379,4149,18,3,702.11,5,2001.01
12380,4149,59,4,28521.98,0,114087.92
12381,4149,52,4,73711.95,5,280105.41
12382,4149,20,1,88576.0,0,88576.0
12383,4150,75,4,110385.22,5,419463.84
12384,4150,113,3,90181.92,15,229963.9
12385,4150,10,2,40072.41,20,64115.86
12386,4150,61,2,18524.26,0,37048.52
12387,4150,65,1,47042.48,20,37633.98
12388,4151,68,1,36184.21,0,36184.21
12389,4151,62,3,84917.09,20,203801.02
12390,4151,57,4,58409.34,5,221955.49
12391,4151,29,3,74054.03,10,199945.88
12392,4151,43,4,59578.07,20,190649.82
12393,4152,59,2,28521.98,20,45635.17
12394,4152,97,2,9581.58,15,16288.69
12395,4152,86,1,78192.22,15,66463.39
12396,4153,74,4,87039.67,20,278526.94
12397,4153,114,4,80348.52,5,305324.38
12398,4153,113,4,90181.92,15,306618.53
12399,4153,17,4,30939.34,15,105193.76
12400,4154,31,4,34786.19,10,125230.28
12401,4154,52,3,73711.95,0,221135.85
12402,4154,2,3,56747.46,0,170242.38
12403,4154,3,3,110255.0,0,330765.0
12404,4155,41,2,54922.23,0,109844.46
12405,4155,118,4,84291.46,20,269732.67
12406,4155,20,1,88576.0,15,75289.6
12407,4155,102,4,8740.33,20,27969.06
12408,4156,54,4,53786.68,10,193632.05
12409,4157,87,3,90630.87,15,231108.72
12410,4157,39,4,18108.8,0,72435.2
12411,4158,56,4,100863.62,10,363109.03
12412,4158,51,4,114029.73,0,456118.92
12413,4158,53,3,51495.52,5,146762.23
12414,4158,24,2,108055.6,5,205305.64
12415,4158,109,2,93069.65,5,176832.33
12416,4159,100,1,95649.15,15,81301.78
12417,4159,51,4,114029.73,10,410507.03
12418,4160,57,3,58409.34,20,140182.42
12419,4160,27,3,23424.89,0,70274.67
12420,4161,97,2,9581.58,15,16288.69
12421,4162,106,1,85023.38,15,72269.87
12422,4162,33,4,53293.43,20,170538.98
12423,4162,116,1,58762.22,15,49947.89
12424,4162,61,2,18524.26,0,37048.52
12425,4162,15,1,72941.96,0,72941.96
12426,4163,7,2,8795.78,5,16711.98
12427,4164,66,2,113554.41,5,215753.38
12428,4164,22,3,110532.12,10,298436.72
12429,4165,84,2,2816.3,0,5632.6
12430,4165,91,2,56071.56,0,112143.12
12431,4165,52,2,73711.95,10,132681.51
12432,4166,101,2,41990.85,10,75583.53
12433,4166,52,3,73711.95,0,221135.85
12434,4166,43,4,59578.07,15,202565.44
12435,4166,34,3,61585.29,15,157042.49
12436,4166,45,2,93521.24,15,158986.11
12437,4167,19,4,64845.01,10,233442.04
12438,4167,66,4,113554.41,5,431506.76
12439,4167,119,1,1713.06,5,1627.41
12440,4167,79,1,22216.62,10,19994.96
12441,4168,65,3,47042.48,15,119958.32
12442,4168,47,1,56013.71,20,44810.97
12443,4168,68,1,36184.21,15,30756.58
12444,4168,74,1,87039.67,20,69631.74
12445,4168,80,2,39618.64,5,75275.42
12446,4169,13,4,13454.1,10,48434.76
12447,4169,85,4,119988.99,20,383964.77
12448,4169,14,1,87561.13,15,74426.96
12449,4169,29,4,74054.03,20,236972.9
12450,4170,102,1,8740.33,10,7866.3
12451,4170,109,2,93069.65,20,148911.44
12452,4170,62,4,84917.09,10,305701.52
12453,4170,80,1,39618.64,20,31694.91
12454,4171,83,4,30646.45,15,104197.93
12455,4171,7,2,8795.78,5,16711.98
12456,4171,30,1,65978.5,0,65978.5
12457,4171,73,3,80430.4,0,241291.2
12458,4172,114,1,80348.52,10,72313.67
12459,4172,40,2,118080.35,5,224352.67
12460,4172,82,2,33751.67,0,67503.34
12461,4172,39,1,18108.8,20,14487.04
12462,4172,16,4,46530.85,10,167511.06
12463,4173,63,3,49208.12,5,140243.14
12464,4173,68,1,36184.21,0,36184.21
12465,4173,9,3,81702.42,15,208341.17
12466,4173,79,3,22216.62,15,56652.38
12467,4173,30,4,65978.5,10,237522.6
12468,4174,14,4,87561.13,0,350244.52
12469,4174,43,4,59578.07,5,226396.67
12470,4174,113,1,90181.92,5,85672.82
12471,4175,61,4,18524.26,0,74097.04
12472,4175,104,4,13111.9,10,47202.84
12473,4175,90,1,80500.33,5,76475.31
12474,4176,67,4,45955.53,5,174631.01
12475,4176,35,4,79232.66,5,301084.11
12476,4176,16,3,46530.85,0,139592.55
12477,4176,110,4,99175.28,20,317360.9
12478,4177,25,1,80193.7,10,72174.33
12479,4177,92,1,20550.8,20,16440.64
12480,4177,91,2,56071.56,5,106535.96
12481,4177,1,2,46213.74,0,92427.48
12482,4178,33,3,53293.43,0,159880.29
12483,4179,5,2,27139.36,20,43422.98
12484,4179,53,4,51495.52,5,195682.98
12485,4180,57,3,58409.34,10,157705.22
12486,4180,87,4,90630.87,15,308144.96
12487,4180,88,2,24323.6,0,48647.2
12488,4180,19,4,64845.01,0,259380.04
12489,4180,69,2,64817.36,15,110189.51
12490,4181,100,4,95649.15,0,382596.6
12491,4181,113,2,90181.92,20,144291.07
12492,4181,47,1,56013.71,15,47611.65
12493,4181,93,3,93446.13,10,252304.55
12494,4182,28,1,81439.49,10,73295.54
12495,4182,11,4,105306.09,15,358040.71
12496,4182,51,4,114029.73,20,364895.14
12497,4183,78,1,77308.58,0,77308.58
12498,4183,19,3,64845.01,5,184808.28
12499,4184,41,3,54922.23,10,148290.02
12500,4184,89,1,18709.69,20,14967.75
12501,4184,107,3,88188.54,10,238109.06
12502,4184,46,3,96591.13,20,231818.71
12503,4185,101,3,41990.85,20,100778.04
12504,4185,71,3,58843.42,10,158877.23
12505,4185,61,1,18524.26,15,15745.62
12506,4185,66,1,113554.41,5,107876.69
12507,4185,68,4,36184.21,20,115789.47
12508,4186,14,1,87561.13,5,83183.07
12509,4186,73,1,80430.4,15,68365.84
12510,4187,43,2,59578.07,0,119156.14
12511,4188,8,4,42461.96,20,135878.27
12512,4188,45,2,93521.24,10,168338.23
12513,4188,19,2,64845.01,20,103752.02
12514,4188,73,3,80430.4,0,241291.2
12515,4189,29,2,74054.03,10,133297.25
12516,4189,118,3,84291.46,0,252874.38
12517,4189,32,3,72996.06,0,218988.18
12518,4190,12,3,69880.47,10,188677.27
12519,4191,87,4,90630.87,0,362523.48
12520,4191,39,1,18108.8,0,18108.8
12521,4192,87,4,90630.87,5,344397.31
12522,4192,75,1,110385.22,20,88308.18
12523,4192,109,3,93069.65,0,279208.95
12524,4192,96,3,47900.21,15,122145.54
12525,4193,82,3,33751.67,0,101255.01
12526,4193,23,3,79774.8,10,215391.96
12527,4194,91,2,56071.56,10,100928.81
12528,4194,82,2,33751.67,15,57377.84
12529,4194,114,1,80348.52,10,72313.67
12530,4194,112,3,33831.93,10,91346.21
12531,4195,117,2,41170.49,20,65872.78
12532,4196,52,2,73711.95,15,125310.31
12533,4196,115,2,59569.63,5,113182.3
12534,4196,79,2,22216.62,0,44433.24
12535,4197,114,1,80348.52,20,64278.82
12536,4198,113,2,90181.92,15,153309.26
12537,4198,8,2,42461.96,20,67939.14
12538,4198,101,2,41990.85,10,75583.53
12539,4198,81,4,40831.32,15,138826.49
12540,4199,66,2,113554.41,5,215753.38
12541,4200,92,4,20550.8,5,78093.04
12542,4200,86,2,78192.22,5,148565.22
12543,4200,58,4,53064.77,5,201646.13
12544,4201,18,1,702.11,15,596.79
12545,4201,40,1,118080.35,20,94464.28
12546,4202,117,3,41170.49,10,111160.32
12547,4202,58,1,53064.77,10,47758.29
12548,4203,11,4,105306.09,20,336979.49
12549,4203,117,1,41170.49,5,39111.97
12550,4203,110,3,99175.28,5,282649.55
12551,4203,114,1,80348.52,5,76331.09
12552,4204,77,4,67944.84,10,244601.42
12553,4205,14,4,87561.13,10,315220.07
12554,4205,37,4,11659.77,5,44307.13
12555,4205,19,4,64845.01,0,259380.04
12556,4206,57,2,58409.34,10,105136.81
12557,4207,10,2,40072.41,20,64115.86
12558,4207,108,4,74101.53,20,237124.9
12559,4208,101,4,41990.85,5,159565.23
12560,4208,29,3,74054.03,5,211053.99
12561,4208,64,3,50185.02,5,143027.31
12562,4208,61,4,18524.26,20,59277.63
12563,4208,94,3,13417.8,0,40253.4
12564,4209,97,2,9581.58,15,16288.69
12565,4209,95,1,69307.71,5,65842.32
12566,4210,10,1,40072.41,15,34061.55
12567,4210,75,1,110385.22,5,104865.96
12568,4210,40,4,118080.35,10,425089.26
12569,4210,89,4,18709.69,0,74838.76
12570,4210,110,1,99175.28,10,89257.75
12571,4211,65,1,47042.48,15,39986.11
12572,4211,35,2,79232.66,10,142618.79
12573,4211,67,4,45955.53,0,183822.12
12574,4211,10,4,40072.41,10,144260.68
12575,4212,120,2,10730.75,0,21461.5
12576,4213,65,3,47042.48,15,119958.32
12577,4213,54,4,53786.68,0,215146.72
12578,4213,113,1,90181.92,15,76654.63
12579,4213,97,4,9581.58,5,36410.0
12580,4214,4,2,98554.1,20,157686.56
12581,4214,52,1,73711.95,5,70026.35
12582,4214,48,4,110137.67,20,352440.54
12583,4214,99,3,102110.04,15,260380.6
12584,4215,21,1,52040.04,10,46836.04
12585,4216,18,1,702.11,10,631.9
12586,4216,38,1,80899.08,0,80899.08
12587,4216,105,3,76452.42,10,206421.53
12588,4217,48,1,110137.67,20,88110.14
12589,4218,11,2,105306.09,5,200081.57
12590,4218,44,2,78898.93,10,142018.07
12591,4218,68,4,36184.21,0,144736.84
12592,4218,81,2,40831.32,0,81662.64
12593,4218,66,1,113554.41,15,96521.25
12594,4219,86,1,78192.22,10,70373.0
12595,4219,90,4,80500.33,10,289801.19
12596,4219,24,4,108055.6,20,345777.92
12597,4219,68,1,36184.21,15,30756.58
12598,4219,113,1,90181.92,10,81163.73
12599,4220,31,2,34786.19,15,59136.52
12600,4220,72,4,58534.22,10,210723.19
12601,4220,29,3,74054.03,20,177729.67
12602,4221,83,4,30646.45,20,98068.64
12603,4221,19,3,64845.01,10,175081.53
12604,4221,56,4,100863.62,15,342936.31
12605,4222,115,4,59569.63,0,238278.52
12606,4223,109,1,93069.65,15,79109.2
12607,4223,55,2,54283.34,20,86853.34
12608,4223,54,4,53786.68,0,215146.72
12609,4223,4,3,98554.1,15,251312.96
12610,4224,77,2,67944.84,15,115506.23
12611,4224,64,2,50185.02,0,100370.04
12612,4224,94,1,13417.8,20,10734.24
12613,4224,92,4,20550.8,20,65762.56
12614,4225,61,3,18524.26,10,50015.5
12615,4226,35,3,79232.66,10,213928.18
12616,4226,26,2,83816.41,20,134106.26
12617,4226,103,1,2011.93,15,1710.14
12618,4226,71,3,58843.42,0,176530.26
12619,4226,55,3,54283.34,10,146565.02
12620,4227,82,4,33751.67,20,108005.34
12621,4227,55,4,54283.34,5,206276.69
12622,4227,92,1,20550.8,10,18495.72
12623,4228,110,4,99175.28,15,337195.95
12624,4228,21,2,52040.04,20,83264.06
12625,4229,27,4,23424.89,15,79644.63
12626,4229,99,4,102110.04,15,347174.14
12627,4229,106,3,85023.38,20,204056.11
12628,4229,74,4,87039.67,10,313342.81
12629,4230,30,4,65978.5,0,263914.0
12630,4230,35,4,79232.66,10,285237.58
12631,4230,5,1,27139.36,0,27139.36
12632,4231,8,2,42461.96,0,84923.92
12633,4231,53,1,51495.52,20,41196.42
12634,4231,7,1,8795.78,15,7476.41
12635,4232,21,2,52040.04,5,98876.08
12636,4232,99,2,102110.04,5,194009.08
12637,4232,100,4,95649.15,5,363466.77
12638,4232,59,4,28521.98,5,108383.52
12639,4233,65,1,47042.48,0,47042.48
12640,4233,10,4,40072.41,15,136246.19
12641,4233,97,4,9581.58,5,36410.0
12642,4233,17,4,30939.34,15,105193.76
12643,4233,114,1,80348.52,10,72313.67
12644,4234,10,2,40072.41,20,64115.86
12645,4235,38,4,80899.08,10,291236.69
12646,4235,11,4,105306.09,0,421224.36
12647,4235,113,4,90181.92,0,360727.68
12648,4236,43,3,59578.07,10,160860.79
12649,4236,116,3,58762.22,15,149843.66
12650,4236,26,4,83816.41,20,268212.51
12651,4236,7,3,8795.78,20,21109.87
12652,4236,5,2,27139.36,5,51564.78
12653,4237,116,1,58762.22,10,52886.0
12654,4237,62,3,84917.09,5,242013.71
12655,4237,83,1,30646.45,0,30646.45
12656,4237,58,1,53064.77,5,50411.53
12657,4237,40,3,118080.35,5,336529.0
12658,4238,107,4,88188.54,20,282203.33
12659,4238,93,4,93446.13,0,373784.52
12660,4238,55,1,54283.34,15,46140.84
12661,4239,19,2,64845.01,0,129690.02
12662,4240,78,1,77308.58,15,65712.29
12663,4240,70,4,96084.25,10,345903.3
12664,4240,1,1,46213.74,5,43903.05
12665,4241,49,2,16434.02,0,32868.04
12666,4241,111,2,39015.4,0,78030.8
12667,4241,9,3,81702.42,0,245107.26
12668,4241,88,4,24323.6,5,92429.68
12669,4241,4,3,98554.1,15,251312.96
12670,4242,1,2,46213.74,10,83184.73
12671,4242,97,4,9581.58,10,34493.69
12672,4242,87,1,90630.87,15,77036.24
12673,4242,72,3,58534.22,5,166822.53
12674,4243,109,4,93069.65,5,353664.67
12675,4243,50,1,118553.15,5,112625.49
12676,4243,12,2,69880.47,5,132772.89
12677,4243,107,2,88188.54,20,141101.66
12678,4244,6,2,48116.68,5,91421.69
12679,4245,20,1,88576.0,10,79718.4
12680,4245,49,1,16434.02,0,16434.02
12681,4245,86,2,78192.22,20,125107.55
12682,4245,61,2,18524.26,0,37048.52
12683,4246,108,1,74101.53,20,59281.22
12684,4246,24,2,108055.6,0,216111.2
12685,4246,77,3,67944.84,5,193642.79
12686,4246,111,1,39015.4,0,39015.4
12687,4247,30,4,65978.5,15,224326.9
12688,4247,15,3,72941.96,15,186002.0
12689,4247,11,4,105306.09,5,400163.14
12690,4247,98,2,12677.21,10,22818.98
12691,4248,16,3,46530.85,20,111674.04
12692,4248,7,2,8795.78,5,16711.98
12693,4248,13,2,13454.1,10,24217.38
12694,4249,56,3,100863.62,20,242072.69
12695,4249,119,2,1713.06,5,3254.81
12696,4249,116,2,58762.22,0,117524.44
12697,4249,11,4,105306.09,15,358040.71
12698,4250,22,1,110532.12,10,99478.91
12699,4250,45,2,93521.24,5,177690.36
12700,4250,103,1,2011.93,0,2011.93
12701,4250,113,4,90181.92,5,342691.3
12702,4250,44,3,78898.93,10,213027.11
12703,4251,71,4,58843.42,0,235373.68
12704,4252,29,3,74054.03,15,188837.78
12705,4252,67,2,45955.53,5,87315.51
12706,4252,92,3,20550.8,5,58569.78
12707,4253,73,2,80430.4,10,144774.72
12708,4253,99,4,102110.04,0,408440.16
12709,4253,48,4,110137.67,5,418523.15
12710,4254,96,1,47900.21,0,47900.21
12711,4254,74,4,87039.67,5,330750.75
12712,4254,79,1,22216.62,5,21105.79
12713,4254,69,4,64817.36,0,259269.44
12714,4255,117,4,41170.49,0,164681.96
12715,4255,89,2,18709.69,5,35548.41
12716,4255,61,3,18524.26,0,55572.78
12717,4255,24,1,108055.6,5,102652.82
12718,4256,107,1,88188.54,20,70550.83
12719,4256,24,1,108055.6,10,97250.04
12720,4257,101,3,41990.85,5,119673.92
12721,4258,62,2,84917.09,0,169834.18
12722,4259,68,4,36184.21,0,144736.84
12723,4259,58,2,53064.77,0,106129.54
12724,4260,95,1,69307.71,0,69307.71
12725,4261,113,4,90181.92,20,288582.14
12726,4261,59,3,28521.98,5,81287.64
12727,4261,95,3,69307.71,5,197526.97
12728,4261,5,1,27139.36,5,25782.39
12729,4262,81,3,40831.32,0,122493.96
12730,4262,84,3,2816.3,10,7604.01
12731,4262,34,3,61585.29,5,175518.08
12732,4262,33,2,53293.43,5,101257.52
12733,4263,47,1,56013.71,20,44810.97
12734,4263,102,2,8740.33,0,17480.66
12735,4263,43,4,59578.07,0,238312.28
12736,4263,118,1,84291.46,20,67433.17
12737,4263,9,4,81702.42,10,294128.71
12738,4264,56,1,100863.62,20,80690.9
12739,4264,37,4,11659.77,5,44307.13
12740,4264,87,3,90630.87,10,244703.35
12741,4264,106,4,85023.38,15,289079.49
12742,4264,51,4,114029.73,10,410507.03
12743,4265,48,2,110137.67,10,198247.81
12744,4265,25,4,80193.7,20,256619.84
12745,4266,78,4,77308.58,10,278310.89
12746,4267,104,3,13111.9,0,39335.7
12747,4268,116,1,58762.22,20,47009.78
12748,4268,36,4,79830.53,10,287389.91
12749,4268,44,2,78898.93,5,149907.97
12750,4269,15,4,72941.96,10,262591.06
12751,4270,16,4,46530.85,10,167511.06
12752,4270,77,4,67944.84,5,258190.39
12753,4270,28,1,81439.49,20,65151.59
12754,4270,8,4,42461.96,10,152863.06
12755,4271,119,1,1713.06,5,1627.41
12756,4271,115,2,59569.63,5,113182.3
12757,4271,93,1,93446.13,15,79429.21
12758,4271,106,3,85023.38,10,229563.13
12759,4271,47,2,56013.71,5,106426.05
12760,4272,54,4,53786.68,20,172117.38
12761,4273,30,4,65978.5,0,263914.0
12762,4273,119,3,1713.06,5,4882.22
12763,4273,73,4,80430.4,0,321721.6
12764,4274,94,2,13417.8,20,21468.48
12765,4274,28,3,81439.49,0,244318.47
12766,4274,102,2,8740.33,10,15732.59
12767,4275,54,4,53786.68,20,172117.38
12768,4276,51,2,114029.73,0,228059.46
12769,4276,75,1,110385.22,0,110385.22
12770,4277,94,1,13417.8,0,13417.8
12771,4277,25,3,80193.7,15,204493.93
12772,4277,3,3,110255.0,15,281150.25
12773,4277,118,2,84291.46,5,160153.77
12774,4277,22,4,110532.12,0,442128.48
12775,4278,106,4,85023.38,10,306084.17
12776,4278,99,1,102110.04,15,86793.53
12777,4279,38,4,80899.08,15,275056.87
12778,4280,76,3,3722.49,0,11167.47
12779,4280,59,4,28521.98,5,108383.52
12780,4280,107,2,88188.54,5,167558.23
12781,4281,53,1,51495.52,5,48920.74
12782,4281,106,2,85023.38,10,153042.08
12783,4281,109,2,93069.65,0,186139.3
12784,4281,114,4,80348.52,20,257115.26
12785,4282,9,3,81702.42,0,245107.26
12786,4282,32,1,72996.06,5,69346.26
12787,4282,4,4,98554.1,0,394216.4
12788,4282,105,1,76452.42,10,68807.18
12789,4282,90,1,80500.33,10,72450.3
12790,4283,32,2,72996.06,0,145992.12
12791,4283,116,3,58762.22,15,149843.66
12792,4284,26,4,83816.41,10,301739.08
12793,4284,34,3,61585.29,20,147804.7
12794,4284,102,2,8740.33,20,13984.53
12795,4285,6,2,48116.68,0,96233.36
12796,4286,37,2,11659.77,10,20987.59
12797,4286,84,2,2816.3,0,5632.6
12798,4287,12,2,69880.47,20,111808.75
12799,4288,13,3,13454.1,15,34307.96
12800,4288,39,4,18108.8,5,68813.44
12801,4288,50,4,118553.15,0,474212.6
12802,4289,98,4,12677.21,10,45637.96
12803,4289,119,1,1713.06,10,1541.75
12804,4290,17,3,30939.34,15,78895.32
12805,4290,20,4,88576.0,15,301158.4
12806,4291,49,2,16434.02,10,29581.24
12807,4291,14,1,87561.13,10,78805.02
12808,4292,8,3,42461.96,20,101908.7
12809,4293,48,3,110137.67,15,280851.06
12810,4293,35,4,79232.66,15,269391.04
12811,4293,86,3,78192.22,10,211118.99
12812,4293,77,4,67944.84,0,271779.36
12813,4293,110,2,99175.28,5,188433.03
12814,4294,113,3,90181.92,0,270545.76
12815,4295,22,2,110532.12,0,221064.24
12816,4295,3,4,110255.0,5,418969.0
12817,4295,13,2,13454.1,0,26908.2
12818,4296,39,1,18108.8,20,14487.04
12819,4296,111,3,39015.4,15,99489.27
12820,4297,58,2,53064.77,0,106129.54
12821,4297,20,4,88576.0,5,336588.8
12822,4298,57,3,58409.34,5,166466.62
12823,4298,60,3,107216.71,5,305567.62
12824,4298,33,3,53293.43,20,127904.23
12825,4298,74,3,87039.67,5,248063.06
12826,4298,64,3,50185.02,10,135499.55
12827,4299,54,1,53786.68,10,48408.01
12828,4299,119,2,1713.06,20,2740.9
12829,4300,72,1,58534.22,15,49754.09
12830,4300,97,3,9581.58,0,28744.74
12831,4300,52,3,73711.95,10,199022.26
12832,4301,75,4,110385.22,10,397386.79
12833,4301,25,4,80193.7,20,256619.84
12834,4301,32,1,72996.06,0,72996.06
12835,4301,100,3,95649.15,10,258252.7
12836,4302,43,1,59578.07,10,53620.26
12837,4302,35,2,79232.66,20,126772.26
12838,4302,45,4,93521.24,10,336676.46
12839,4303,78,3,77308.58,15,197136.88
12840,4304,36,1,79830.53,5,75839.0
12841,4304,40,4,118080.35,10,425089.26
12842,4305,114,3,80348.52,0,241045.56
12843,4305,118,2,84291.46,5,160153.77
12844,4306,113,1,90181.92,0,90181.92
12845,4306,14,3,87561.13,10,236415.05
12846,4307,25,2,80193.7,0,160387.4
12847,4307,117,4,41170.49,15,139979.67
12848,4307,40,4,118080.35,5,448705.33
12849,4308,64,1,50185.02,10,45166.52
12850,4308,58,3,53064.77,10,143274.88
12851,4308,25,3,80193.7,5,228552.04
12852,4309,10,2,40072.41,0,80144.82
12853,4309,90,1,80500.33,20,64400.26
12854,4310,4,4,98554.1,20,315373.12
12855,4310,114,1,80348.52,20,64278.82
12856,4310,5,4,27139.36,20,86845.95
12857,4310,58,4,53064.77,0,212259.08
12858,4310,95,4,69307.71,15,235646.21
12859,4311,5,2,27139.36,5,51564.78
12860,4311,77,1,67944.84,5,64547.6
12861,4311,70,4,96084.25,5,365120.15
12862,4312,77,3,67944.84,15,173259.34
12863,4312,30,3,65978.5,15,168245.17
12864,4313,23,1,79774.8,0,79774.8
12865,4313,48,3,110137.67,5,313892.36
12866,4313,93,3,93446.13,20,224270.71
12867,4313,67,3,45955.53,20,110293.27
12868,4314,21,1,52040.04,0,52040.04
12869,4315,109,1,93069.65,15,79109.2
12870,4316,13,1,13454.1,15,11435.99
12871,4316,81,4,40831.32,0,163325.28
12872,4316,70,3,96084.25,5,273840.11
12873,4317,98,3,12677.21,0,38031.63
12874,4317,91,1,56071.56,0,56071.56
12875,4317,1,1,46213.74,0,46213.74
12876,4317,106,2,85023.38,15,144539.75
12877,4318,109,3,93069.65,15,237327.61
12878,4318,68,3,36184.21,5,103125.0
12879,4318,76,3,3722.49,5,10609.1
12880,4319,1,3,46213.74,5,131709.16
12881,4320,26,3,83816.41,20,201159.38
12882,4320,33,1,53293.43,20,42634.74
12883,4320,25,1,80193.7,0,80193.7
12884,4320,109,1,93069.65,0,93069.65
12885,4321,49,4,16434.02,5,62449.28
12886,4321,102,3,8740.33,20,20976.79
12887,4321,4,3,98554.1,15,251312.96
12888,4321,50,4,118553.15,10,426791.34
12889,4322,12,2,69880.47,15,118796.8
12890,4322,62,3,84917.09,5,242013.71
12891,4323,93,2,93446.13,15,158858.42
12892,4323,73,4,80430.4,0,321721.6
12893,4323,109,4,93069.65,0,372278.6
12894,4323,86,4,78192.22,20,250215.1
12895,4323,12,3,69880.47,20,167713.13
12896,4324,89,3,18709.69,0,56129.07
12897,4324,104,3,13111.9,10,35402.13
12898,4324,17,3,30939.34,0,92818.02
12899,4324,58,4,53064.77,5,201646.13
12900,4324,113,2,90181.92,5,171345.65
12901,4325,91,2,56071.56,20,89714.5
12902,4325,36,3,79830.53,5,227517.01
12903,4326,40,4,118080.35,5,448705.33
12904,4326,117,3,41170.49,15,104984.75
12905,4326,106,3,85023.38,15,216809.62
12906,4327,2,1,56747.46,10,51072.71
12907,4328,70,2,96084.25,5,182560.07
12908,4328,69,4,64817.36,20,207415.55
12909,4328,10,4,40072.41,15,136246.19
12910,4329,10,2,40072.41,20,64115.86
12911,4330,47,2,56013.71,0,112027.42
12912,4330,58,4,53064.77,15,180420.22
12913,4330,3,1,110255.0,0,110255.0
12914,4331,8,1,42461.96,10,38215.76
12915,4331,66,1,113554.41,10,102198.97
12916,4332,88,3,24323.6,0,72970.8
12917,4332,36,4,79830.53,5,303356.01
12918,4332,107,2,88188.54,0,176377.08
12919,4333,48,3,110137.67,20,264330.41
12920,4333,58,1,53064.77,15,45105.05
12921,4333,68,4,36184.21,10,130263.16
12922,4333,12,3,69880.47,0,209641.41
12923,4334,56,1,100863.62,15,85734.08
12924,4334,7,1,8795.78,10,7916.2
12925,4335,43,4,59578.07,10,214481.05
12926,4335,26,1,83816.41,15,71243.95
12927,4335,13,3,13454.1,10,36326.07
12928,4336,42,1,23735.01,20,18988.01
12929,4336,93,3,93446.13,5,266321.47
12930,4336,29,1,74054.03,15,62945.93
12931,4336,67,4,45955.53,0,183822.12
12932,4336,95,1,69307.71,20,55446.17
12933,4337,14,4,87561.13,0,350244.52
12934,4338,120,4,10730.75,0,42923.0
12935,4338,88,4,24323.6,10,87564.96
12936,4338,16,4,46530.85,15,158204.89
12937,4338,55,1,54283.34,20,43426.67
12938,4338,109,4,93069.65,15,316436.81
12939,4339,72,3,58534.22,5,166822.53
12940,4339,120,3,10730.75,15,27363.41
12941,4340,86,3,78192.22,0,234576.66
12942,4341,11,4,105306.09,15,358040.71
12943,4342,100,4,95649.15,15,325207.11
12944,4342,42,4,23735.01,10,85446.04
12945,4342,15,4,72941.96,0,291767.84
12946,4342,90,4,80500.33,20,257601.06
12947,4342,33,3,53293.43,10,143892.26
12948,4343,88,2,24323.6,20,38917.76
12949,4343,50,4,118553.15,20,379370.08
12950,4344,105,1,76452.42,15,64984.56
12951,4344,46,3,96591.13,10,260796.05
12952,4344,60,1,107216.71,5,101855.87
12953,4344,3,2,110255.0,10,198459.0
12954,4344,6,1,48116.68,5,45710.85
12955,4345,26,1,83816.41,10,75434.77
12956,4346,95,4,69307.71,5,263369.3
12957,4346,117,2,41170.49,5,78223.93
12958,4347,93,3,93446.13,5,266321.47
12959,4348,51,1,114029.73,10,102626.76
12960,4348,60,4,107216.71,5,407423.5
12961,4348,48,1,110137.67,5,104630.79
12962,4348,36,4,79830.53,10,287389.91
12963,4349,65,2,47042.48,0,94084.96
12964,4350,36,4,79830.53,15,271423.8
12965,4351,120,2,10730.75,15,18242.27
12966,4351,9,1,81702.42,0,81702.42
12967,4351,55,3,54283.34,15,138422.52
12968,4351,117,2,41170.49,0,82340.98
12969,4351,112,2,33831.93,20,54131.09
12970,4352,99,4,102110.04,15,347174.14
12971,4353,35,2,79232.66,0,158465.32
12972,4353,37,1,11659.77,5,11076.78
12973,4354,61,1,18524.26,0,18524.26
12974,4354,84,2,2816.3,10,5069.34
12975,4354,110,3,99175.28,5,282649.55
12976,4354,34,4,61585.29,0,246341.16
12977,4355,31,3,34786.19,5,99140.64
12978,4356,113,3,90181.92,10,243491.18
12979,4356,6,3,48116.68,0,144350.04
12980,4357,104,1,13111.9,20,10489.52
12981,4357,91,4,56071.56,10,201857.62
12982,4357,51,3,114029.73,15,290775.81
12983,4357,67,4,45955.53,10,165439.91
12984,4357,48,2,110137.67,5,209261.57
12985,4358,53,1,51495.52,15,43771.19
12986,4358,36,3,79830.53,5,227517.01
12987,4358,60,4,107216.71,10,385980.16
12988,4359,35,1,79232.66,0,79232.66
12989,4359,45,1,93521.24,15,79493.05
12990,4360,14,4,87561.13,15,297707.84
12991,4360,13,2,13454.1,0,26908.2
12992,4360,89,1,18709.69,20,14967.75
12993,4360,53,4,51495.52,20,164785.66
12994,4360,7,2,8795.78,15,14952.83
12995,4361,21,1,52040.04,15,44234.03
12996,4362,33,3,53293.43,10,143892.26
12997,4362,28,1,81439.49,10,73295.54
12998,4362,24,4,108055.6,20,345777.92
12999,4363,91,4,56071.56,5,213071.93
13000,4364,111,4,39015.4,0,156061.6
13001,4364,72,3,58534.22,10,158042.39
13002,4364,73,4,80430.4,5,305635.52
13003,4364,63,1,49208.12,5,46747.71
13004,4364,5,4,27139.36,10,97701.7
13005,4365,88,2,24323.6,0,48647.2
13006,4365,62,3,84917.09,5,242013.71
13007,4365,26,1,83816.41,0,83816.41
13008,4365,37,3,11659.77,0,34979.31
13009,4366,17,1,30939.34,5,29392.37
13010,4366,106,2,85023.38,20,136037.41
13011,4366,76,3,3722.49,5,10609.1
13012,4366,2,4,56747.46,0,226989.84
13013,4366,64,2,50185.02,10,90333.04
13014,4367,18,4,702.11,0,2808.44
13015,4367,17,4,30939.34,10,111381.62
13016,4367,107,1,88188.54,0,88188.54
13017,4367,41,3,54922.23,20,131813.35
13018,4367,89,3,18709.69,5,53322.62
13019,4368,55,4,54283.34,5,206276.69
13020,4368,40,4,118080.35,0,472321.4
13021,4368,53,1,51495.52,0,51495.52
13022,4369,82,4,33751.67,20,108005.34
13023,4369,75,3,110385.22,20,264924.53
13024,4369,79,4,22216.62,10,79979.83
13025,4370,64,4,50185.02,10,180666.07
13026,4370,49,1,16434.02,5,15612.32
13027,4370,51,3,114029.73,20,273671.35
13028,4370,120,1,10730.75,15,9121.14
13029,4371,15,3,72941.96,10,196943.29
13030,4371,55,2,54283.34,5,103138.35
13031,4372,40,4,118080.35,0,472321.4
13032,4373,108,1,74101.53,10,66691.38
13033,4374,98,3,12677.21,15,32326.89
13034,4375,53,4,51495.52,20,164785.66
13035,4375,46,1,96591.13,0,96591.13
13036,4375,27,3,23424.89,15,59733.47
13037,4375,80,2,39618.64,10,71313.55
13038,4376,8,2,42461.96,10,76431.53
13039,4376,85,3,119988.99,10,323970.27
13040,4376,120,1,10730.75,5,10194.21
13041,4377,23,1,79774.8,20,63819.84
13042,4377,94,3,13417.8,20,32202.72
13043,4377,20,3,88576.0,0,265728.0
13044,4378,74,3,87039.67,20,208895.21
13045,4378,79,2,22216.62,10,39989.92
13046,4378,109,1,93069.65,20,74455.72
13047,4379,104,1,13111.9,0,13111.9
13048,4379,6,4,48116.68,0,192466.72
13049,4379,16,2,46530.85,5,88408.61
13050,4379,70,1,96084.25,5,91280.04
13051,4380,35,1,79232.66,15,67347.76
13052,4380,106,2,85023.38,0,170046.76
13053,4380,90,4,80500.33,10,289801.19
13054,4381,71,1,58843.42,0,58843.42
13055,4381,64,4,50185.02,5,190703.08
13056,4381,23,4,79774.8,0,319099.2
13057,4381,49,2,16434.02,0,32868.04
13058,4382,81,4,40831.32,15,138826.49
13059,4382,75,2,110385.22,0,220770.44
13060,4382,77,2,67944.84,0,135889.68
13061,4383,49,1,16434.02,5,15612.32
13062,4383,90,4,80500.33,5,305901.25
13063,4383,50,1,118553.15,10,106697.83
13064,4383,17,2,30939.34,20,49502.94
13065,4384,94,1,13417.8,10,12076.02
13066,4384,15,3,72941.96,20,175060.7
13067,4384,90,3,80500.33,10,217350.89
13068,4384,17,4,30939.34,10,111381.62
13069,4385,14,2,87561.13,10,157610.03
13070,4385,118,2,84291.46,5,160153.77
13071,4385,26,2,83816.41,15,142487.9
13072,4385,109,3,93069.65,0,279208.95
13073,4385,88,4,24323.6,10,87564.96
13074,4386,48,3,110137.67,10,297371.71
13075,4386,69,2,64817.36,20,103707.78
13076,4386,19,4,64845.01,20,207504.03
13077,4386,44,4,78898.93,0,315595.72
13078,4387,62,2,84917.09,0,169834.18
13079,4388,41,4,54922.23,15,186735.58
13080,4388,50,2,118553.15,0,237106.3
13081,4388,102,2,8740.33,20,13984.53
13082,4388,32,4,72996.06,5,277385.03
13083,4388,55,4,54283.34,5,206276.69
13084,4389,24,1,108055.6,10,97250.04
13085,4390,34,2,61585.29,20,98536.46
13086,4390,21,1,52040.04,10,46836.04
13087,4390,116,4,58762.22,10,211543.99
13088,4390,57,4,58409.34,0,233637.36
13089,4390,22,3,110532.12,0,331596.36
13090,4391,36,2,79830.53,10,143694.95
13091,4391,70,4,96084.25,20,307469.6
13092,4391,11,2,105306.09,20,168489.74
13093,4391,27,2,23424.89,10,42164.8
13094,4392,67,2,45955.53,20,73528.85
13095,4392,40,2,118080.35,20,188928.56
13096,4392,28,4,81439.49,0,325757.96
13097,4392,97,4,9581.58,5,36410.0
13098,4392,76,4,3722.49,5,14145.46
13099,4393,38,4,80899.08,10,291236.69
13100,4393,61,3,18524.26,10,50015.5
13101,4393,119,3,1713.06,15,4368.3
13102,4393,90,1,80500.33,5,76475.31
13103,4393,96,1,47900.21,20,38320.17
13104,4394,113,2,90181.92,20,144291.07
13105,4394,40,4,118080.35,10,425089.26
13106,4394,119,3,1713.06,10,4625.26
13107,4394,67,2,45955.53,15,78124.4
13108,4394,15,4,72941.96,0,291767.84
13109,4395,15,2,72941.96,15,124001.33
13110,4395,107,3,88188.54,10,238109.06
13111,4395,93,4,93446.13,15,317716.84
13112,4396,6,1,48116.68,10,43305.01
13113,4396,94,4,13417.8,0,53671.2
13114,4396,99,2,102110.04,5,194009.08
13115,4397,110,3,99175.28,10,267773.26
13116,4397,70,2,96084.25,15,163343.23
13117,4397,18,1,702.11,20,561.69
13118,4397,88,1,24323.6,10,21891.24
13119,4397,85,3,119988.99,10,323970.27
13120,4398,14,4,87561.13,10,315220.07
13121,4398,82,3,33751.67,15,86066.76
13122,4399,28,3,81439.49,15,207670.7
13123,4399,101,1,41990.85,5,39891.31
13124,4399,100,2,95649.15,15,162603.55
13125,4399,61,1,18524.26,5,17598.05
13126,4399,4,3,98554.1,0,295662.3
13127,4400,66,2,113554.41,20,181687.06
13128,4400,16,4,46530.85,20,148898.72
13129,4400,100,3,95649.15,0,286947.45
13130,4401,34,3,61585.29,10,166280.28
13131,4401,5,4,27139.36,5,103129.57
13132,4402,100,2,95649.15,5,181733.38
13133,4402,120,2,10730.75,20,17169.2
13134,4402,46,4,96591.13,15,328409.84
13135,4403,72,3,58534.22,10,158042.39
13136,4403,104,2,13111.9,5,24912.61
13137,4403,41,1,54922.23,10,49430.01
13138,4404,85,4,119988.99,15,407962.57
13139,4404,89,2,18709.69,5,35548.41
13140,4404,113,3,90181.92,5,257018.47
13141,4404,88,4,24323.6,0,97294.4
13142,4404,73,4,80430.4,5,305635.52
13143,4405,46,4,96591.13,15,328409.84
13144,4405,113,2,90181.92,5,171345.65
13145,4405,107,3,88188.54,0,264565.62
13146,4406,35,4,79232.66,5,301084.11
13147,4406,102,4,8740.33,10,31465.19
13148,4406,72,4,58534.22,0,234136.88
13149,4406,95,2,69307.71,0,138615.42
13150,4407,17,4,30939.34,20,99005.89
13151,4408,29,4,74054.03,10,266594.51
13152,4408,98,3,12677.21,5,36130.05
13153,4408,9,2,81702.42,20,130723.87
13154,4409,114,1,80348.52,5,76331.09
13155,4409,54,3,53786.68,0,161360.04
13156,4409,8,1,42461.96,10,38215.76
13157,4410,12,3,69880.47,20,167713.13
13158,4410,62,4,84917.09,10,305701.52
13159,4410,76,3,3722.49,0,11167.47
13160,4411,7,4,8795.78,0,35183.12
13161,4411,103,2,2011.93,10,3621.47
13162,4411,89,2,18709.69,10,33677.44
13163,4412,24,3,108055.6,0,324166.8
13164,4412,107,2,88188.54,15,149920.52
13165,4412,113,2,90181.92,0,180363.84
13166,4413,77,2,67944.84,0,135889.68
13167,4413,45,1,93521.24,15,79493.05
13168,4414,114,2,80348.52,10,144627.34
13169,4414,97,3,9581.58,0,28744.74
13170,4415,63,4,49208.12,15,167307.61
13171,4415,110,4,99175.28,0,396701.12
13172,4416,92,4,20550.8,10,73982.88
13173,4417,3,1,110255.0,10,99229.5
13174,4417,106,3,85023.38,0,255070.14
13175,4417,90,4,80500.33,20,257601.06
13176,4418,29,2,74054.03,5,140702.66
13177,4418,13,3,13454.1,15,34307.96
13178,4418,59,1,28521.98,10,25669.78
13179,4419,9,2,81702.42,10,147064.36
13180,4420,112,4,33831.93,10,121794.95
13181,4420,106,2,85023.38,10,153042.08
13182,4421,53,4,51495.52,0,205982.08
13183,4421,101,4,41990.85,20,134370.72
13184,4421,65,3,47042.48,10,127014.7
13185,4421,70,4,96084.25,20,307469.6
13186,4421,42,3,23735.01,15,60524.28
13187,4422,55,2,54283.34,20,86853.34
13188,4422,43,3,59578.07,10,160860.79
13189,4422,73,3,80430.4,20,193032.96
13190,4422,14,2,87561.13,0,175122.26
13191,4422,24,4,108055.6,20,345777.92
13192,4423,95,2,69307.71,5,131684.65
13193,4424,84,2,2816.3,20,4506.08
13194,4425,9,1,81702.42,5,77617.3
13195,4425,5,4,27139.36,20,86845.95
13196,4425,66,1,113554.41,0,113554.41
13197,4425,10,1,40072.41,0,40072.41
13198,4425,101,3,41990.85,15,107076.67
13199,4426,45,4,93521.24,5,355380.71
13200,4426,52,1,73711.95,0,73711.95
13201,4427,93,2,93446.13,15,158858.42
13202,4427,88,3,24323.6,20,58376.64
13203,4427,87,2,90630.87,0,181261.74
13204,4428,109,1,93069.65,0,93069.65
13205,4429,31,4,34786.19,5,132187.52
13206,4429,59,2,28521.98,5,54191.76
13207,4429,115,3,59569.63,10,160838.0
13208,4430,69,1,64817.36,15,55094.76
13209,4430,72,2,58534.22,5,111215.02
13210,4430,10,4,40072.41,15,136246.19
13211,4431,61,1,18524.26,0,18524.26
13212,4431,58,2,53064.77,10,95516.59
13213,4431,32,2,72996.06,15,124093.3
13214,4431,12,3,69880.47,20,167713.13
13215,4432,81,3,40831.32,20,97995.17
13216,4433,18,1,702.11,0,702.11
13217,4433,30,2,65978.5,0,131957.0
13218,4433,76,1,3722.49,15,3164.12
13219,4433,59,4,28521.98,0,114087.92
13220,4434,99,3,102110.04,5,291013.61
13221,4434,6,4,48116.68,15,163596.71
13222,4434,33,4,53293.43,20,170538.98
13223,4434,19,4,64845.01,15,220473.03
13224,4435,116,4,58762.22,0,235048.88
13225,4436,4,1,98554.1,15,83770.99
13226,4436,47,4,56013.71,5,212852.1
13227,4436,59,4,28521.98,15,96974.73
13228,4436,15,2,72941.96,15,124001.33
13229,4436,20,2,88576.0,10,159436.8
13230,4437,95,3,69307.71,15,176734.66
13231,4437,88,1,24323.6,15,20675.06
13232,4437,38,3,80899.08,20,194157.79
13233,4438,25,1,80193.7,10,72174.33
13234,4438,94,3,13417.8,5,38240.73
13235,4439,54,3,53786.68,0,161360.04
13236,4439,33,3,53293.43,10,143892.26
13237,4439,112,4,33831.93,5,128561.33
13238,4440,120,4,10730.75,10,38630.7
13239,4440,28,1,81439.49,15,69223.57
13240,4440,12,1,69880.47,0,69880.47
13241,4440,55,1,54283.34,5,51569.17
13242,4441,17,1,30939.34,15,26298.44
13243,4442,89,3,18709.69,15,47709.71
13244,4443,7,4,8795.78,5,33423.96
13245,4443,65,3,47042.48,5,134071.07
13246,4443,113,1,90181.92,15,76654.63
13247,4443,2,3,56747.46,5,161730.26
13248,4444,100,4,95649.15,5,363466.77
13249,4444,118,3,84291.46,20,202299.5
13250,4444,51,3,114029.73,20,273671.35
13251,4444,120,4,10730.75,0,42923.0
13252,4445,98,1,12677.21,10,11409.49
13253,4445,35,4,79232.66,10,285237.58
13254,4445,74,1,87039.67,15,73983.72
13255,4446,110,4,99175.28,0,396701.12
13256,4446,41,4,54922.23,15,186735.58
13257,4446,19,1,64845.01,20,51876.01
13258,4446,52,4,73711.95,20,235878.24
13259,4446,12,2,69880.47,15,118796.8
13260,4447,60,2,107216.71,5,203711.75
13261,4447,11,3,105306.09,20,252734.62
13262,4447,32,1,72996.06,20,58396.85
13263,4448,108,1,74101.53,10,66691.38
13264,4449,15,2,72941.96,0,145883.92
13265,4449,86,3,78192.22,20,187661.33
13266,4449,43,1,59578.07,20,47662.46
13267,4449,32,4,72996.06,15,248186.6
13268,4449,96,2,47900.21,10,86220.38
13269,4450,56,1,100863.62,20,80690.9
13270,4451,74,4,87039.67,10,313342.81
13271,4451,90,2,80500.33,15,136850.56
13272,4452,72,4,58534.22,20,187309.5
13273,4453,83,1,30646.45,10,27581.81
13274,4453,10,2,40072.41,15,68123.1
13275,4453,23,1,79774.8,20,63819.84
13276,4453,44,1,78898.93,5,74953.98
13277,4454,31,4,34786.19,5,132187.52
13278,4454,102,1,8740.33,0,8740.33
13279,4454,104,4,13111.9,0,52447.6
13280,4454,28,2,81439.49,5,154735.03
13281,4454,70,4,96084.25,20,307469.6
13282,4455,56,3,100863.62,0,302590.86
13283,4455,95,1,69307.71,20,55446.17
13284,4455,96,3,47900.21,10,129330.57
13285,4456,25,4,80193.7,15,272658.58
13286,4457,120,3,10730.75,10,28973.03
13287,4458,104,3,13111.9,0,39335.7
13288,4458,17,3,30939.34,0,92818.02
13289,4458,22,2,110532.12,15,187904.6
13290,4459,31,2,34786.19,5,66093.76
13291,4460,14,1,87561.13,5,83183.07
13292,4460,10,4,40072.41,5,152275.16
13293,4461,28,3,81439.49,5,232102.55
13294,4462,74,2,87039.67,0,174079.34
13295,4463,25,1,80193.7,20,64154.96
13296,4464,72,4,58534.22,20,187309.5
13297,4464,73,1,80430.4,20,64344.32
13298,4465,54,3,53786.68,20,129088.03
13299,4465,23,1,79774.8,10,71797.32
13300,4465,70,4,96084.25,15,326686.45
13301,4465,32,4,72996.06,20,233587.39
13302,4465,114,1,80348.52,15,68296.24
13303,4466,34,2,61585.29,10,110853.52
13304,4466,35,4,79232.66,10,285237.58
13305,4466,21,3,52040.04,0,156120.12
13306,4466,119,2,1713.06,15,2912.2
13307,4467,119,3,1713.06,20,4111.34
13308,4467,115,1,59569.63,0,59569.63
13309,4468,25,1,80193.7,10,72174.33
13310,4468,83,4,30646.45,10,110327.22
13311,4468,87,4,90630.87,15,308144.96
13312,4468,78,1,77308.58,10,69577.72
13313,4469,31,2,34786.19,5,66093.76
13314,4469,54,4,53786.68,5,204389.38
13315,4469,59,2,28521.98,10,51339.56
13316,4470,46,4,96591.13,15,328409.84
13317,4470,107,1,88188.54,10,79369.69
13318,4470,114,3,80348.52,15,204888.73
13319,4470,76,4,3722.49,10,13400.96
13320,4471,61,4,18524.26,0,74097.04
13321,4471,16,4,46530.85,0,186123.4
13322,4471,7,1,8795.78,10,7916.2
13323,4472,54,3,53786.68,10,145224.04
13324,4472,2,2,56747.46,5,107820.17
13325,4472,49,3,16434.02,0,49302.06
13326,4472,118,3,84291.46,10,227586.94
13327,4472,45,2,93521.24,15,158986.11
13328,4473,14,3,87561.13,15,223280.88
13329,4473,64,4,50185.02,20,160592.06
13330,4473,37,2,11659.77,15,19821.61
13331,4473,42,2,23735.01,15,40349.52
13332,4473,57,1,58409.34,0,58409.34
13333,4474,90,4,80500.33,10,289801.19
13334,4474,111,4,39015.4,15,132652.36
13335,4474,98,3,12677.21,5,36130.05
13336,4474,5,2,27139.36,10,48850.85
13337,4474,60,1,107216.71,20,85773.37
13338,4475,89,2,18709.69,5,35548.41
13339,4476,88,3,24323.6,20,58376.64
13340,4476,63,4,49208.12,5,186990.86
13341,4477,115,1,59569.63,0,59569.63
13342,4477,16,3,46530.85,20,111674.04
13343,4477,106,3,85023.38,5,242316.63
13344,4477,87,4,90630.87,5,344397.31
13345,4478,61,3,18524.26,15,47236.86
13346,4478,66,2,113554.41,0,227108.82
13347,4478,89,3,18709.69,10,50516.16
13348,4479,61,4,18524.26,5,70392.19
13349,4479,22,3,110532.12,0,331596.36
13350,4480,93,1,93446.13,20,74756.9
13351,4480,33,2,53293.43,15,90598.83
13352,4480,14,1,87561.13,10,78805.02
13353,4480,71,1,58843.42,5,55901.25
13354,4481,60,2,107216.71,10,192990.08
13355,4481,54,2,53786.68,20,86058.69
13356,4482,52,3,73711.95,10,199022.26
13357,4482,82,4,33751.67,5,128256.35
13358,4482,69,4,64817.36,10,233342.5
13359,4482,98,3,12677.21,15,32326.89
13360,4482,26,1,83816.41,10,75434.77
13361,4483,77,1,67944.84,15,57753.11
13362,4483,119,1,1713.06,5,1627.41
13363,4483,26,2,83816.41,5,159251.18
13364,4483,16,4,46530.85,15,158204.89
13365,4484,107,4,88188.54,5,335116.45
13366,4484,29,4,74054.03,15,251783.7
13367,4485,118,4,84291.46,0,337165.84
13368,4485,70,2,96084.25,15,163343.23
13369,4485,69,3,64817.36,5,184729.48
13370,4486,59,3,28521.98,20,68452.75
13371,4486,58,3,53064.77,0,159194.31
13372,4486,42,1,23735.01,10,21361.51
13373,4486,97,2,9581.58,0,19163.16
13374,4486,44,1,78898.93,20,63119.14
13375,4487,52,4,73711.95,15,250620.63
13376,4487,92,2,20550.8,20,32881.28
13377,4487,54,2,53786.68,15,91437.36
13378,4487,117,2,41170.49,15,69989.83
13379,4487,85,1,119988.99,15,101990.64
13380,4488,77,4,67944.84,20,217423.49
13381,4488,81,2,40831.32,5,77579.51
13382,4488,24,1,108055.6,0,108055.6
13383,4488,105,1,76452.42,5,72629.8
13384,4488,3,4,110255.0,5,418969.0
13385,4489,92,4,20550.8,10,73982.88
13386,4489,91,4,56071.56,15,190643.3
13387,4490,120,3,10730.75,0,32192.25
13388,4490,83,3,30646.45,10,82745.42
13389,4491,65,1,47042.48,10,42338.23
13390,4491,112,3,33831.93,10,91346.21
13391,4491,72,4,58534.22,10,210723.19
13392,4492,29,2,74054.03,15,125891.85
13393,4492,39,1,18108.8,10,16297.92
13394,4493,32,4,72996.06,5,277385.03
13395,4494,52,4,73711.95,5,280105.41
13396,4494,78,3,77308.58,5,220329.45
13397,4494,99,4,102110.04,10,367596.14
13398,4494,54,1,53786.68,5,51097.35
13399,4494,41,2,54922.23,0,109844.46
13400,4495,43,4,59578.07,0,238312.28
13401,4496,83,1,30646.45,5,29114.13
13402,4496,118,2,84291.46,15,143295.48
13403,4497,36,2,79830.53,20,127728.85
13404,4497,19,3,64845.01,10,175081.53
13405,4497,74,3,87039.67,0,261119.01
13406,4497,106,4,85023.38,20,272074.82
13407,4498,35,1,79232.66,5,75271.03
13408,4498,88,1,24323.6,15,20675.06
13409,4498,101,1,41990.85,0,41990.85
13410,4499,25,4,80193.7,10,288697.32
13411,4499,53,1,51495.52,10,46345.97
13412,4499,33,1,53293.43,0,53293.43
13413,4499,1,2,46213.74,5,87806.11
13414,4499,104,2,13111.9,10,23601.42
13415,4500,17,2,30939.34,5,58784.75
13416,4501,119,3,1713.06,20,4111.34
13417,4501,92,1,20550.8,10,18495.72
13418,4502,101,1,41990.85,15,35692.22
13419,4502,120,1,10730.75,0,10730.75
13420,4502,104,1,13111.9,20,10489.52
13421,4503,79,3,22216.62,5,63317.37
13422,4503,62,1,84917.09,10,76425.38
13423,4503,65,2,47042.48,10,84676.46
13424,4504,78,1,77308.58,15,65712.29
13425,4504,101,4,41990.85,5,159565.23
13426,4504,69,1,64817.36,0,64817.36
13427,4504,112,1,33831.93,0,33831.93
13428,4505,7,1,8795.78,0,8795.78
13429,4505,11,3,105306.09,20,252734.62
13430,4505,86,2,78192.22,0,156384.44
13431,4505,38,4,80899.08,10,291236.69
13432,4506,25,2,80193.7,15,136329.29
13433,4506,81,3,40831.32,5,116369.26
13434,4506,23,2,79774.8,20,127639.68
13435,4506,91,4,56071.56,5,213071.93
13436,4506,64,3,50185.02,5,143027.31
13437,4507,80,4,39618.64,15,134703.38
13438,4507,92,1,20550.8,5,19523.26
13439,4507,13,4,13454.1,20,43053.12
13440,4507,113,3,90181.92,10,243491.18
13441,4508,17,2,30939.34,5,58784.75
13442,4508,42,3,23735.01,20,56964.02
13443,4508,103,4,2011.93,0,8047.72
13444,4508,26,4,83816.41,5,318502.36
13445,4509,106,1,85023.38,5,80772.21
13446,4509,15,2,72941.96,20,116707.14
13447,4509,74,3,87039.67,10,235007.11
13448,4509,24,1,108055.6,10,97250.04
13449,4510,41,1,54922.23,10,49430.01
13450,4510,88,4,24323.6,5,92429.68
13451,4510,8,2,42461.96,10,76431.53
13452,4511,2,2,56747.46,15,96470.68
13453,4511,38,1,80899.08,10,72809.17
13454,4511,43,4,59578.07,0,238312.28
13455,4511,107,3,88188.54,15,224880.78
13456,4512,16,1,46530.85,10,41877.76
13457,4512,22,2,110532.12,5,210011.03
13458,4512,52,3,73711.95,10,199022.26
13459,4512,73,2,80430.4,5,152817.76
13460,4512,66,3,113554.41,5,323630.07
13461,4513,27,1,23424.89,5,22253.65
13462,4513,16,1,46530.85,20,37224.68
13463,4514,68,1,36184.21,10,32565.79
13464,4514,2,3,56747.46,15,144706.02
13465,4514,25,3,80193.7,20,192464.88
13466,4514,34,3,61585.29,0,184755.87
13467,4514,33,4,53293.43,10,191856.35
13468,4515,111,2,39015.4,0,78030.8
13469,4515,112,3,33831.93,10,91346.21
13470,4515,91,3,56071.56,10,151393.21
13471,4516,114,3,80348.52,20,192836.45
13472,4516,90,3,80500.33,10,217350.89
13473,4516,74,2,87039.67,5,165375.37
13474,4516,110,2,99175.28,5,188433.03
13475,4517,57,4,58409.34,5,221955.49
13476,4517,117,1,41170.49,10,37053.44
13477,4518,69,3,64817.36,0,194452.08
13478,4518,84,4,2816.3,5,10701.94
13479,4518,87,2,90630.87,20,145009.39
13480,4518,49,1,16434.02,0,16434.02
13481,4519,76,2,3722.49,5,7072.73
13482,4519,94,1,13417.8,0,13417.8
13483,4519,113,4,90181.92,15,306618.53
13484,4519,37,3,11659.77,10,31481.38
13485,4519,49,4,16434.02,5,62449.28
13486,4520,106,2,85023.38,5,161544.42
13487,4520,87,3,90630.87,20,217514.09
13488,4520,105,1,76452.42,0,76452.42
13489,4521,108,4,74101.53,20,237124.9
13490,4521,97,3,9581.58,0,28744.74
13491,4521,43,3,59578.07,15,151924.08
13492,4522,25,4,80193.7,5,304736.06
13493,4522,93,3,93446.13,15,238287.63
13494,4522,87,4,90630.87,10,326271.13
13495,4522,107,1,88188.54,15,74960.26
13496,4522,79,1,22216.62,15,18884.13
13497,4523,40,2,118080.35,15,200736.6
13498,4523,2,3,56747.46,10,153218.14
13499,4523,51,4,114029.73,0,456118.92
13500,4523,28,4,81439.49,0,325757.96
13501,4524,29,4,74054.03,5,281405.31
13502,4524,79,2,22216.62,10,39989.92
13503,4524,114,3,80348.52,5,228993.28
13504,4524,24,4,108055.6,20,345777.92
13505,4524,36,2,79830.53,20,127728.85
13506,4525,64,3,50185.02,15,127971.8
13507,4525,77,4,67944.84,10,244601.42
13508,4526,7,4,8795.78,20,28146.5
13509,4527,5,1,27139.36,15,23068.46
13510,4527,27,3,23424.89,10,63247.2
13511,4527,43,1,59578.07,15,50641.36
13512,4528,1,4,46213.74,15,157126.72
13513,4528,67,3,45955.53,15,117186.6
13514,4528,86,1,78192.22,5,74282.61
13515,4528,48,4,110137.67,5,418523.15
13516,4529,19,1,64845.01,20,51876.01
13517,4529,64,2,50185.02,0,100370.04
13518,4530,30,1,65978.5,15,56081.72
13519,4530,78,2,77308.58,15,131424.59
13520,4530,8,4,42461.96,5,161355.45
13521,4530,49,2,16434.02,15,27937.83
13522,4531,53,4,51495.52,0,205982.08
13523,4531,46,4,96591.13,10,347728.07
13524,4531,89,1,18709.69,5,17774.21
13525,4531,103,2,2011.93,15,3420.28
13526,4532,105,4,76452.42,5,290519.2
13527,4532,119,3,1713.06,10,4625.26
13528,4532,44,1,78898.93,15,67064.09
13529,4533,4,3,98554.1,15,251312.96
13530,4534,2,1,56747.46,10,51072.71
13531,4534,29,4,74054.03,15,251783.7
13532,4534,81,4,40831.32,0,163325.28
13533,4534,31,3,34786.19,5,99140.64
13534,4535,70,4,96084.25,0,384337.0
13535,4535,87,4,90630.87,20,290018.78
13536,4536,54,1,53786.68,0,53786.68
13537,4536,95,1,69307.71,5,65842.32
13538,4536,74,1,87039.67,20,69631.74
13539,4537,120,3,10730.75,0,32192.25
13540,4538,26,1,83816.41,15,71243.95
13541,4539,81,1,40831.32,10,36748.19
13542,4540,115,4,59569.63,10,214450.67
13543,4540,34,3,61585.29,0,184755.87
13544,4540,112,2,33831.93,10,60897.47
13545,4540,88,2,24323.6,20,38917.76
13546,4541,73,3,80430.4,10,217162.08
13547,4541,89,3,18709.69,10,50516.16
13548,4541,30,1,65978.5,10,59380.65
13549,4541,44,4,78898.93,5,299815.93
13550,4542,99,3,102110.04,10,275697.11
13551,4543,94,4,13417.8,5,50987.64
13552,4543,82,4,33751.67,5,128256.35
13553,4543,52,1,73711.95,10,66340.76
13554,4544,56,2,100863.62,5,191640.88
13555,4544,30,2,65978.5,20,105565.6
13556,4544,113,3,90181.92,15,229963.9
13557,4544,12,2,69880.47,15,118796.8
13558,4544,59,3,28521.98,15,72731.05
13559,4545,35,1,79232.66,15,67347.76
13560,4545,27,2,23424.89,20,37479.82
13561,4546,105,3,76452.42,15,194953.67
13562,4546,25,1,80193.7,5,76184.01
13563,4546,31,1,34786.19,10,31307.57
13564,4547,49,2,16434.02,20,26294.43
13565,4548,48,3,110137.67,5,313892.36
13566,4548,52,1,73711.95,0,73711.95
13567,4548,40,4,118080.35,15,401473.19
13568,4549,50,4,118553.15,10,426791.34
13569,4549,6,3,48116.68,5,137132.54
13570,4549,71,3,58843.42,20,141224.21
13571,4549,74,2,87039.67,10,156671.41
13572,4549,56,3,100863.62,15,257202.23
13573,4550,27,4,23424.89,0,93699.56
13574,4550,32,1,72996.06,0,72996.06
13575,4550,50,2,118553.15,5,225250.98
13576,4550,3,2,110255.0,0,220510.0
13577,4551,37,1,11659.77,15,9910.8
13578,4551,57,1,58409.34,5,55488.87
13579,4551,30,3,65978.5,0,197935.5
13580,4551,6,2,48116.68,10,86610.02
13581,4551,70,2,96084.25,0,192168.5
13582,4552,38,3,80899.08,0,242697.24
13583,4552,115,1,59569.63,15,50634.19
13584,4553,102,4,8740.33,15,29717.12
13585,4553,32,3,72996.06,20,175190.54
13586,4553,82,4,33751.67,5,128256.35
13587,4554,120,2,10730.75,20,17169.2
13588,4554,95,2,69307.71,0,138615.42
13589,4554,52,1,73711.95,15,62655.16
13590,4554,68,2,36184.21,15,61513.16
13591,4555,65,3,47042.48,0,141127.44
13592,4555,85,2,119988.99,10,215980.18
13593,4556,33,2,53293.43,10,95928.17
13594,4556,21,4,52040.04,10,187344.14
13595,4556,72,2,58534.22,0,117068.44
13596,4557,108,3,74101.53,20,177843.67
13597,4557,103,2,2011.93,0,4023.86
13598,4557,76,1,3722.49,20,2977.99
13599,4557,84,4,2816.3,0,11265.2
13600,4558,74,3,87039.67,15,221951.16
13601,4558,30,4,65978.5,15,224326.9
13602,4559,66,3,113554.41,10,306596.91
13603,4559,31,3,34786.19,5,99140.64
13604,4559,78,2,77308.58,20,123693.73
13605,4559,53,1,51495.52,10,46345.97
13606,4559,97,2,9581.58,15,16288.69
13607,4560,64,4,50185.02,20,160592.06
13608,4560,65,1,47042.48,10,42338.23
13609,4560,6,3,48116.68,10,129915.04
13610,4560,33,3,53293.43,5,151886.28
13611,4561,37,1,11659.77,20,9327.82
13612,4562,26,3,83816.41,20,201159.38
13613,4562,13,4,13454.1,15,45743.94
13614,4562,100,4,95649.15,20,306077.28
13615,4562,92,3,20550.8,15,52404.54
13616,4562,6,1,48116.68,20,38493.34
13617,4563,14,4,87561.13,10,315220.07
13618,4563,85,1,119988.99,0,119988.99
13619,4563,64,3,50185.02,15,127971.8
13620,4564,120,1,10730.75,5,10194.21
13621,4564,119,3,1713.06,15,4368.3
13622,4565,51,4,114029.73,0,456118.92
13623,4565,59,2,28521.98,5,54191.76
13624,4565,116,1,58762.22,0,58762.22
13625,4565,28,2,81439.49,10,146591.08
13626,4566,74,3,87039.67,0,261119.01
13627,4566,65,3,47042.48,0,141127.44
13628,4566,110,4,99175.28,20,317360.9
13629,4566,114,2,80348.52,5,152662.19
13630,4566,39,4,18108.8,15,61569.92
13631,4567,4,3,98554.1,20,236529.84
13632,4568,36,4,79830.53,5,303356.01
13633,4569,70,1,96084.25,0,96084.25
13634,4569,96,4,47900.21,5,182020.8
13635,4569,92,3,20550.8,20,49321.92
13636,4570,86,4,78192.22,15,265853.55
13637,4570,117,1,41170.49,15,34994.92
13638,4570,57,2,58409.34,0,116818.68
13639,4571,84,4,2816.3,20,9012.16
13640,4571,95,4,69307.71,0,277230.84
13641,4572,99,3,102110.04,0,306330.12
13642,4572,92,2,20550.8,15,34936.36
13643,4572,88,1,24323.6,20,19458.88
13644,4573,60,3,107216.71,0,321650.13
13645,4573,37,3,11659.77,20,27983.45
13646,4573,82,3,33751.67,5,96192.26
13647,4573,28,1,81439.49,10,73295.54
13648,4573,48,3,110137.67,10,297371.71
13649,4574,56,2,100863.62,20,161381.79
13650,4574,58,4,53064.77,15,180420.22
13651,4574,41,1,54922.23,10,49430.01
13652,4575,96,2,47900.21,15,81430.36
13653,4575,114,2,80348.52,5,152662.19
13654,4576,77,3,67944.84,10,183451.07
13655,4577,30,1,65978.5,20,52782.8
13656,4577,46,2,96591.13,0,193182.26
13657,4577,79,3,22216.62,15,56652.38
13658,4577,75,4,110385.22,10,397386.79
13659,4578,102,3,8740.33,5,24909.94
13660,4579,21,3,52040.04,5,148314.11
13661,4579,37,1,11659.77,5,11076.78
13662,4579,55,2,54283.34,10,97710.01
13663,4579,97,4,9581.58,5,36410.0
13664,4580,93,1,93446.13,15,79429.21
13665,4580,118,4,84291.46,10,303449.26
13666,4581,57,4,58409.34,0,233637.36
13667,4581,7,1,8795.78,0,8795.78
13668,4582,93,4,93446.13,20,299027.62
13669,4582,17,3,30939.34,5,88177.12
13670,4582,44,4,78898.93,0,315595.72
13671,4582,100,1,95649.15,15,81301.78
13672,4582,90,1,80500.33,20,64400.26
13673,4583,108,4,74101.53,10,266765.51
13674,4583,106,1,85023.38,10,76521.04
13675,4583,70,1,96084.25,20,76867.4
13676,4583,11,4,105306.09,5,400163.14
13677,4584,9,1,81702.42,10,73532.18
13678,4584,74,4,87039.67,5,330750.75
13679,4584,47,1,56013.71,0,56013.71
13680,4584,62,1,84917.09,0,84917.09
13681,4585,115,3,59569.63,20,142967.11
13682,4585,56,1,100863.62,0,100863.62
13683,4585,67,2,45955.53,15,78124.4
13684,4586,11,4,105306.09,10,379101.92
13685,4586,7,2,8795.78,5,16711.98
13686,4586,19,4,64845.01,20,207504.03
13687,4586,102,2,8740.33,15,14858.56
13688,4586,111,4,39015.4,5,148258.52
13689,4587,51,1,114029.73,10,102626.76
13690,4587,88,4,24323.6,5,92429.68
13691,4588,18,3,702.11,5,2001.01
13692,4588,7,1,8795.78,10,7916.2
13693,4588,13,4,13454.1,15,45743.94
13694,4588,30,2,65978.5,0,131957.0
13695,4589,26,1,83816.41,20,67053.13
13696,4590,119,4,1713.06,5,6509.63
13697,4590,65,4,47042.48,10,169352.93
13698,4590,24,4,108055.6,20,345777.92
13699,4591,67,2,45955.53,5,87315.51
13700,4591,64,1,50185.02,15,42657.27
13701,4591,69,2,64817.36,5,123152.98
13702,4591,15,2,72941.96,20,116707.14
13703,4591,93,2,93446.13,5,177547.65
13704,4592,61,3,18524.26,10,50015.5
13705,4592,7,1,8795.78,10,7916.2
13706,4592,48,3,110137.67,15,280851.06
13707,4592,119,3,1713.06,10,4625.26
13708,4592,41,2,54922.23,5,104352.24
13709,4593,102,2,8740.33,10,15732.59
13710,4594,61,4,18524.26,20,59277.63
13711,4595,36,3,79830.53,10,215542.43
13712,4596,28,4,81439.49,20,260606.37
13713,4596,59,3,28521.98,5,81287.64
13714,4596,27,4,23424.89,5,89014.58
13715,4596,22,3,110532.12,10,298436.72
13716,4597,117,1,41170.49,10,37053.44
13717,4597,76,2,3722.49,15,6328.23
13718,4597,41,2,54922.23,0,109844.46
13719,4597,120,1,10730.75,20,8584.6
13720,4598,18,4,702.11,0,2808.44
13721,4599,61,1,18524.26,0,18524.26
13722,4599,3,2,110255.0,15,187433.5
13723,4599,56,3,100863.62,20,242072.69
13724,4599,85,4,119988.99,15,407962.57
13725,4599,34,2,61585.29,15,104694.99
13726,4600,1,3,46213.74,20,110912.98
13727,4601,100,3,95649.15,0,286947.45
13728,4601,63,3,49208.12,0,147624.36
13729,4601,78,3,77308.58,0,231925.74
13730,4602,120,4,10730.75,5,40776.85
13731,4602,43,4,59578.07,0,238312.28
13732,4603,63,1,49208.12,20,39366.5
13733,4604,62,3,84917.09,15,216538.58
13734,4604,96,4,47900.21,10,172440.76
13735,4604,34,2,61585.29,0,123170.58
13736,4604,1,1,46213.74,10,41592.37
13737,4605,89,2,18709.69,20,29935.5
13738,4605,83,2,30646.45,15,52098.96
13739,4606,71,4,58843.42,10,211836.31
13740,4606,54,4,53786.68,0,215146.72
13741,4606,101,4,41990.85,5,159565.23
13742,4606,18,2,702.11,0,1404.22
13743,4606,99,4,102110.04,10,367596.14
13744,4607,41,1,54922.23,5,52176.12
13745,4607,111,1,39015.4,0,39015.4
13746,4607,71,2,58843.42,5,111802.5
13747,4607,33,2,53293.43,0,106586.86
13748,4608,23,4,79774.8,0,319099.2
13749,4608,79,3,22216.62,0,66649.86
13750,4608,65,1,47042.48,5,44690.36
13751,4608,31,2,34786.19,20,55657.9
13752,4609,107,1,88188.54,5,83779.11
13753,4609,113,1,90181.92,10,81163.73
13754,4610,90,4,80500.33,15,273701.12
13755,4611,54,1,53786.68,5,51097.35
13756,4611,68,2,36184.21,0,72368.42
13757,4612,9,1,81702.42,20,65361.94
13758,4613,106,1,85023.38,5,80772.21
13759,4613,120,2,10730.75,0,21461.5
13760,4613,72,2,58534.22,10,105361.6
13761,4613,85,2,119988.99,15,203981.28
13762,4613,8,3,42461.96,5,121016.59
13763,4614,43,1,59578.07,10,53620.26
13764,4614,23,1,79774.8,0,79774.8
13765,4614,117,1,41170.49,0,41170.49
13766,4615,81,1,40831.32,10,36748.19
13767,4615,16,1,46530.85,10,41877.76
13768,4615,11,1,105306.09,5,100040.79
13769,4616,59,1,28521.98,20,22817.58
13770,4616,100,2,95649.15,15,162603.55
13771,4616,98,4,12677.21,0,50708.84
13772,4616,120,2,10730.75,20,17169.2
13773,4616,43,1,59578.07,20,47662.46
13774,4617,31,1,34786.19,0,34786.19
13775,4617,64,3,50185.02,10,135499.55
13776,4617,117,1,41170.49,10,37053.44
13777,4617,115,1,59569.63,10,53612.67
13778,4617,14,4,87561.13,20,280195.62
13779,4618,72,3,58534.22,20,140482.13
13780,4618,30,2,65978.5,10,118761.3
13781,4618,102,1,8740.33,5,8303.31
13782,4619,80,2,39618.64,5,75275.42
13783,4619,96,3,47900.21,15,122145.54
13784,4619,8,3,42461.96,0,127385.88
13785,4619,46,1,96591.13,15,82102.46
13786,4619,24,2,108055.6,10,194500.08
13787,4620,81,3,40831.32,20,97995.17
13788,4621,11,4,105306.09,10,379101.92
13789,4621,61,4,18524.26,15,62982.48
13790,4621,3,4,110255.0,5,418969.0
13791,4621,57,4,58409.34,0,233637.36
13792,4622,3,2,110255.0,10,198459.0
13793,4622,61,2,18524.26,20,29638.82
13794,4623,3,4,110255.0,0,441020.0
13795,4623,2,4,56747.46,20,181591.87
13796,4623,93,1,93446.13,0,93446.13
13797,4623,60,3,107216.71,5,305567.62
13798,4623,120,3,10730.75,15,27363.41
13799,4624,34,3,61585.29,10,166280.28
13800,4625,52,2,73711.95,20,117939.12
13801,4625,23,3,79774.8,0,239324.4
13802,4625,54,1,53786.68,5,51097.35
13803,4625,99,2,102110.04,5,194009.08
13804,4626,95,4,69307.71,15,235646.21
13805,4626,109,4,93069.65,0,372278.6
13806,4626,80,2,39618.64,10,71313.55
13807,4626,21,4,52040.04,0,208160.16
13808,4626,60,4,107216.71,0,428866.84
13809,4627,65,4,47042.48,20,150535.94
13810,4627,57,4,58409.34,20,186909.89
13811,4627,9,2,81702.42,20,130723.87
13812,4627,103,2,2011.93,0,4023.86
13813,4628,7,1,8795.78,20,7036.62
13814,4628,105,1,76452.42,15,64984.56
13815,4628,102,2,8740.33,10,15732.59
13816,4629,114,1,80348.52,15,68296.24
13817,4629,118,1,84291.46,5,80076.89
13818,4629,111,3,39015.4,10,105341.58
13819,4630,57,1,58409.34,10,52568.41
13820,4631,64,4,50185.02,5,190703.08
13821,4632,116,2,58762.22,0,117524.44
13822,4632,29,1,74054.03,20,59243.22
13823,4632,104,2,13111.9,10,23601.42
13824,4633,95,1,69307.71,5,65842.32
13825,4633,100,2,95649.15,0,191298.3
13826,4633,41,2,54922.23,15,93367.79
13827,4634,7,4,8795.78,0,35183.12
13828,4634,28,3,81439.49,0,244318.47
13829,4634,106,1,85023.38,15,72269.87
13830,4635,11,2,105306.09,0,210612.18
13831,4636,62,4,84917.09,15,288718.11
13832,4637,114,2,80348.52,10,144627.34
13833,4637,77,1,67944.84,0,67944.84
13834,4637,101,4,41990.85,20,134370.72
13835,4637,58,4,53064.77,5,201646.13
13836,4638,110,2,99175.28,0,198350.56
13837,4638,114,3,80348.52,0,241045.56
13838,4639,109,1,93069.65,20,74455.72
13839,4639,59,2,28521.98,15,48487.37
13840,4639,10,4,40072.41,0,160289.64
13841,4640,103,4,2011.93,0,8047.72
13842,4640,60,4,107216.71,0,428866.84
13843,4641,115,4,59569.63,10,214450.67
13844,4642,21,1,52040.04,20,41632.03
13845,4642,108,2,74101.53,10,133382.75
13846,4642,115,3,59569.63,10,160838.0
13847,4642,54,2,53786.68,10,96816.02
13848,4642,35,1,79232.66,5,75271.03
13849,4643,66,4,113554.41,15,386084.99
13850,4644,63,2,49208.12,20,78732.99
13851,4644,75,1,110385.22,20,88308.18
13852,4644,1,4,46213.74,20,147883.97
13853,4645,94,3,13417.8,5,38240.73
13854,4645,88,4,24323.6,0,97294.4
13855,4645,51,1,114029.73,0,114029.73
13856,4645,43,2,59578.07,15,101282.72
13857,4645,114,2,80348.52,20,128557.63
13858,4646,12,2,69880.47,10,125784.85
13859,4646,79,4,22216.62,15,75536.51
13860,4646,100,4,95649.15,0,382596.6
13861,4646,87,1,90630.87,5,86099.33
13862,4647,117,3,41170.49,15,104984.75
13863,4648,89,1,18709.69,15,15903.24
13864,4649,70,3,96084.25,5,273840.11
13865,4649,33,1,53293.43,0,53293.43
13866,4649,5,2,27139.36,15,46136.91
13867,4650,10,2,40072.41,10,72130.34
13868,4650,21,4,52040.04,15,176936.14
13869,4650,106,3,85023.38,0,255070.14
13870,4650,11,3,105306.09,10,284326.44
13871,4651,11,2,105306.09,20,168489.74
13872,4651,32,1,72996.06,5,69346.26
13873,4651,75,2,110385.22,20,176616.35
13874,4651,49,4,16434.02,15,55875.67
13875,4651,68,4,36184.21,5,137500.0
13876,4652,105,2,76452.42,5,145259.6
13877,4653,27,3,23424.89,15,59733.47
13878,4653,55,2,54283.34,5,103138.35
13879,4653,61,3,18524.26,10,50015.5
13880,4653,62,4,84917.09,0,339668.36
13881,4653,36,3,79830.53,10,215542.43
13882,4654,6,2,48116.68,20,76986.69
13883,4654,34,1,61585.29,15,52347.5
13884,4654,9,4,81702.42,0,326809.68
13885,4654,118,4,84291.46,0,337165.84
13886,4655,75,2,110385.22,5,209731.92
13887,4655,49,3,16434.02,15,41906.75
13888,4656,93,4,93446.13,0,373784.52
13889,4656,91,2,56071.56,0,112143.12
13890,4656,35,1,79232.66,15,67347.76
13891,4657,24,4,108055.6,15,367389.04
13892,4657,35,4,79232.66,15,269391.04
13893,4657,19,3,64845.01,5,184808.28
13894,4657,32,2,72996.06,20,116793.7
13895,4657,80,2,39618.64,20,63389.82
13896,4658,65,1,47042.48,20,37633.98
13897,4658,68,3,36184.21,20,86842.1
13898,4658,39,2,18108.8,10,32595.84
13899,4659,52,1,73711.95,15,62655.16
13900,4659,58,1,53064.77,15,45105.05
13901,4659,6,2,48116.68,20,76986.69
13902,4660,32,4,72996.06,5,277385.03
13903,4660,64,1,50185.02,20,40148.02
13904,4660,109,3,93069.65,0,279208.95
13905,4660,1,2,46213.74,5,87806.11
13906,4661,37,1,11659.77,0,11659.77
13907,4661,79,4,22216.62,10,79979.83
13908,4661,65,2,47042.48,10,84676.46
13909,4661,42,1,23735.01,0,23735.01
13910,4662,42,1,23735.01,10,21361.51
13911,4662,58,1,53064.77,5,50411.53
13912,4663,31,4,34786.19,20,111315.81
13913,4663,25,2,80193.7,20,128309.92
13914,4663,113,2,90181.92,20,144291.07
13915,4664,84,4,2816.3,10,10138.68
13916,4665,22,3,110532.12,5,315016.54
13917,4665,69,2,64817.36,5,123152.98
13918,4665,116,4,58762.22,15,199791.55
13919,4665,94,1,13417.8,5,12746.91
13920,4666,105,2,76452.42,5,145259.6
13921,4666,62,4,84917.09,10,305701.52
13922,4666,23,4,79774.8,5,303144.24
13923,4667,6,2,48116.68,5,91421.69
13924,4667,99,2,102110.04,5,194009.08
13925,4667,114,4,80348.52,10,289254.67
13926,4667,119,4,1713.06,0,6852.24
13927,4668,105,4,76452.42,5,290519.2
13928,4669,91,2,56071.56,10,100928.81
13929,4669,120,1,10730.75,5,10194.21
13930,4669,19,4,64845.01,5,246411.04
13931,4669,37,3,11659.77,20,27983.45
13932,4669,94,4,13417.8,10,48304.08
13933,4670,63,1,49208.12,0,49208.12
13934,4670,99,2,102110.04,20,163376.06
13935,4670,34,2,61585.29,15,104694.99
13936,4670,80,4,39618.64,15,134703.38
13937,4670,71,3,58843.42,0,176530.26
13938,4671,19,4,64845.01,5,246411.04
13939,4671,101,4,41990.85,5,159565.23
13940,4671,77,4,67944.84,20,217423.49
13941,4672,87,4,90630.87,5,344397.31
13942,4672,46,4,96591.13,20,309091.62
13943,4672,48,3,110137.67,0,330413.01
13944,4672,89,2,18709.69,20,29935.5
13945,4673,33,4,53293.43,15,181197.66
13946,4673,45,3,93521.24,15,238479.16
13947,4673,49,1,16434.02,10,14790.62
13948,4673,89,4,18709.69,0,74838.76
13949,4674,29,2,74054.03,5,140702.66
13950,4674,117,3,41170.49,15,104984.75
13951,4674,30,2,65978.5,10,118761.3
13952,4674,102,3,8740.33,0,26220.99
13953,4674,116,1,58762.22,5,55824.11
13954,4675,11,2,105306.09,15,179020.35
13955,4675,10,2,40072.41,5,76137.58
13956,4675,115,1,59569.63,5,56591.15
13957,4676,109,4,93069.65,0,372278.6
13958,4676,17,4,30939.34,20,99005.89
13959,4677,80,4,39618.64,10,142627.1
13960,4678,41,2,54922.23,20,87875.57
13961,4678,55,3,54283.34,20,130280.02
13962,4678,72,1,58534.22,0,58534.22
13963,4678,13,1,13454.1,5,12781.4
13964,4679,2,2,56747.46,5,107820.17
13965,4679,105,4,76452.42,10,275228.71
13966,4679,73,2,80430.4,5,152817.76
13967,4680,8,1,42461.96,5,40338.86
13968,4680,90,1,80500.33,15,68425.28
13969,4681,117,1,41170.49,20,32936.39
13970,4681,108,4,74101.53,15,251945.2
13971,4681,78,3,77308.58,0,231925.74
13972,4681,10,1,40072.41,10,36065.17
13973,4682,112,3,33831.93,20,81196.63
13974,4682,19,4,64845.01,20,207504.03
13975,4682,25,2,80193.7,15,136329.29
13976,4682,80,1,39618.64,0,39618.64
13977,4682,54,1,53786.68,0,53786.68
13978,4683,106,3,85023.38,5,242316.63
13979,4684,113,1,90181.92,10,81163.73
13980,4685,112,3,33831.93,5,96421.0
13981,4685,113,2,90181.92,5,171345.65
13982,4685,95,4,69307.71,0,277230.84
13983,4686,80,2,39618.64,0,79237.28
13984,4686,81,2,40831.32,0,81662.64
13985,4686,27,1,23424.89,0,23424.89
13986,4686,92,3,20550.8,0,61652.4
13987,4686,69,1,64817.36,15,55094.76
13988,4687,37,2,11659.77,0,23319.54
13989,4688,14,1,87561.13,20,70048.9
13990,4688,5,3,27139.36,10,73276.27
13991,4689,96,2,47900.21,15,81430.36
13992,4689,104,1,13111.9,10,11800.71
13993,4689,31,4,34786.19,5,132187.52
13994,4690,30,2,65978.5,15,112163.45
13995,4690,105,3,76452.42,0,229357.26
13996,4691,120,3,10730.75,20,25753.8
13997,4691,119,2,1713.06,15,2912.2
13998,4691,100,1,95649.15,0,95649.15
13999,4691,102,4,8740.33,0,34961.32
14000,4692,26,3,83816.41,15,213731.85
14001,4692,60,3,107216.71,20,257320.1
14002,4692,21,3,52040.04,20,124896.1
14003,4692,20,2,88576.0,15,150579.2
14004,4693,79,2,22216.62,20,35546.59
14005,4693,72,3,58534.22,15,149262.26
14006,4693,70,2,96084.25,5,182560.07
14007,4693,14,2,87561.13,5,166366.15
14008,4693,1,3,46213.74,20,110912.98
14009,4694,117,2,41170.49,15,69989.83
14010,4694,98,3,12677.21,0,38031.63
14011,4694,17,1,30939.34,0,30939.34
14012,4695,106,4,85023.38,15,289079.49
14013,4695,50,4,118553.15,0,474212.6
14014,4695,101,4,41990.85,0,167963.4
14015,4695,44,2,78898.93,10,142018.07
14016,4696,40,2,118080.35,20,188928.56
14017,4696,31,1,34786.19,5,33046.88
14018,4696,79,1,22216.62,15,18884.13
14019,4696,69,4,64817.36,10,233342.5
14020,4696,107,4,88188.54,15,299841.04
14021,4697,61,1,18524.26,0,18524.26
14022,4697,38,4,80899.08,15,275056.87
14023,4697,96,4,47900.21,0,191600.84
14024,4697,72,2,58534.22,10,105361.6
14025,4697,45,4,93521.24,15,317972.22
14026,4698,101,2,41990.85,15,71384.44
14027,4698,55,3,54283.34,20,130280.02
14028,4698,73,1,80430.4,5,76408.88
14029,4699,24,3,108055.6,15,275541.78
14030,4699,43,4,59578.07,5,226396.67
14031,4699,92,3,20550.8,10,55487.16
14032,4699,38,4,80899.08,20,258877.06
14033,4699,103,2,2011.93,0,4023.86
14034,4700,94,1,13417.8,5,12746.91
14035,4700,95,4,69307.71,5,263369.3
14036,4701,113,2,90181.92,0,180363.84
14037,4701,41,4,54922.23,0,219688.92
14038,4702,114,1,80348.52,5,76331.09
14039,4702,6,1,48116.68,5,45710.85
14040,4703,73,1,80430.4,0,80430.4
14041,4703,108,2,74101.53,0,148203.06
14042,4703,3,3,110255.0,5,314226.75
14043,4703,93,2,93446.13,5,177547.65
14044,4704,2,4,56747.46,5,215640.35
14045,4704,119,4,1713.06,0,6852.24
14046,4704,103,1,2011.93,0,2011.93
14047,4705,7,4,8795.78,10,31664.81
14048,4705,56,4,100863.62,5,383281.76
14049,4705,50,1,118553.15,15,100770.18
14050,4705,58,3,53064.77,0,159194.31
14051,4705,115,4,59569.63,10,214450.67
14052,4706,5,1,27139.36,10,24425.42
14053,4706,35,1,79232.66,10,71309.39
14054,4706,22,2,110532.12,5,210011.03
14055,4706,101,4,41990.85,15,142768.89
14056,4707,35,1,79232.66,15,67347.76
14057,4707,117,2,41170.49,10,74106.88
14058,4707,45,4,93521.24,15,317972.22
14059,4708,83,2,30646.45,15,52098.96
14060,4708,25,1,80193.7,15,68164.64
14061,4708,84,2,2816.3,0,5632.6
14062,4709,5,2,27139.36,15,46136.91
14063,4709,58,4,53064.77,20,169807.26
14064,4709,32,1,72996.06,5,69346.26
14065,4709,61,1,18524.26,15,15745.62
14066,4710,35,4,79232.66,15,269391.04
14067,4711,75,3,110385.22,20,264924.53
14068,4712,11,2,105306.09,20,168489.74
14069,4712,47,4,56013.71,20,179243.87
14070,4712,80,2,39618.64,15,67351.69
14071,4712,6,2,48116.68,5,91421.69
14072,4713,117,1,41170.49,20,32936.39
14073,4713,34,1,61585.29,15,52347.5
14074,4713,93,4,93446.13,0,373784.52
14075,4713,45,2,93521.24,15,158986.11
14076,4713,82,2,33751.67,10,60753.01
14077,4714,73,2,80430.4,5,152817.76
14078,4714,28,4,81439.49,5,309470.06
14079,4714,16,3,46530.85,10,125633.29
14080,4714,32,2,72996.06,20,116793.7
14081,4715,36,3,79830.53,20,191593.27
14082,4715,35,1,79232.66,15,67347.76
14083,4715,105,3,76452.42,20,183485.81
14084,4716,53,1,51495.52,10,46345.97
14085,4716,71,4,58843.42,15,200067.63
14086,4716,15,3,72941.96,0,218825.88
14087,4716,42,4,23735.01,20,75952.03
14088,4716,120,3,10730.75,20,25753.8
14089,4717,18,3,702.11,15,1790.38
14090,4718,19,4,64845.01,0,259380.04
14091,4718,34,3,61585.29,15,157042.49
14092,4719,101,1,41990.85,0,41990.85
14093,4720,39,1,18108.8,10,16297.92
14094,4720,102,4,8740.33,0,34961.32
14095,4720,83,1,30646.45,15,26049.48
14096,4720,57,3,58409.34,15,148943.82
14097,4721,45,1,93521.24,15,79493.05
14098,4721,9,2,81702.42,20,130723.87
14099,4721,19,1,64845.01,5,61602.76
14100,4721,109,4,93069.65,0,372278.6
14101,4721,48,3,110137.67,5,313892.36
14102,4722,45,1,93521.24,20,74816.99
14103,4722,114,3,80348.52,20,192836.45
14104,4722,16,1,46530.85,10,41877.76
14105,4722,27,3,23424.89,15,59733.47
14106,4722,55,2,54283.34,10,97710.01
14107,4723,79,4,22216.62,0,88866.48
14108,4723,12,3,69880.47,0,209641.41
14109,4724,65,2,47042.48,15,79972.22
14110,4724,120,2,10730.75,15,18242.27
14111,4724,94,2,13417.8,0,26835.6
14112,4724,38,2,80899.08,10,145618.34
14113,4724,9,3,81702.42,15,208341.17
14114,4725,14,2,87561.13,20,140097.81
14115,4725,76,3,3722.49,5,10609.1
14116,4726,11,3,105306.09,15,268530.53
14117,4726,47,4,56013.71,0,224054.84
14118,4727,41,2,54922.23,20,87875.57
14119,4728,108,2,74101.53,20,118562.45
14120,4728,83,2,30646.45,20,49034.32
14121,4728,10,4,40072.41,20,128231.71
14122,4729,115,4,59569.63,10,214450.67
14123,4729,11,2,105306.09,15,179020.35
14124,4729,34,2,61585.29,0,123170.58
14125,4729,68,1,36184.21,20,28947.37
14126,4729,58,2,53064.77,0,106129.54
14127,4730,26,3,83816.41,0,251449.23
14128,4730,19,1,64845.01,0,64845.01
14129,4730,97,4,9581.58,5,36410.0
14130,4730,74,1,87039.67,0,87039.67
14131,4730,105,4,76452.42,20,244647.74
14132,4731,60,1,107216.71,15,91134.2
14133,4731,114,4,80348.52,5,305324.38
14134,4731,47,1,56013.71,20,44810.97
14135,4731,81,1,40831.32,15,34706.62
14136,4731,83,4,30646.45,10,110327.22
14137,4732,115,1,59569.63,5,56591.15
14138,4732,119,4,1713.06,15,5824.4
14139,4732,3,1,110255.0,15,93716.75
14140,4733,110,2,99175.28,0,198350.56
14141,4733,73,4,80430.4,0,321721.6
14142,4733,119,1,1713.06,20,1370.45
14143,4733,43,4,59578.07,20,190649.82
14144,4733,34,1,61585.29,10,55426.76
14145,4734,7,1,8795.78,10,7916.2
14146,4734,120,3,10730.75,20,25753.8
14147,4735,53,4,51495.52,0,205982.08
14148,4736,109,2,93069.65,0,186139.3
14149,4737,42,4,23735.01,0,94940.04
14150,4737,46,3,96591.13,10,260796.05
14151,4737,86,4,78192.22,5,297130.44
14152,4737,116,1,58762.22,5,55824.11
14153,4738,50,2,118553.15,15,201540.35
14154,4738,64,2,50185.02,15,85314.53
14155,4738,87,2,90630.87,10,163135.57
14156,4738,117,1,41170.49,15,34994.92
14157,4739,10,1,40072.41,0,40072.41
14158,4739,85,1,119988.99,5,113989.54
14159,4739,119,2,1713.06,10,3083.51
14160,4740,117,4,41170.49,15,139979.67
14161,4740,67,1,45955.53,0,45955.53
14162,4740,4,1,98554.1,5,93626.4
14163,4741,66,3,113554.41,20,272530.58
14164,4741,61,4,18524.26,5,70392.19
14165,4742,70,4,96084.25,15,326686.45
14166,4742,119,2,1713.06,5,3254.81
14167,4742,15,1,72941.96,0,72941.96
14168,4742,80,2,39618.64,15,67351.69
14169,4743,9,1,81702.42,15,69447.06
14170,4743,43,4,59578.07,20,190649.82
14171,4743,89,2,18709.69,5,35548.41
14172,4743,69,4,64817.36,20,207415.55
14173,4743,107,2,88188.54,15,149920.52
14174,4744,58,2,53064.77,0,106129.54
14175,4744,45,1,93521.24,0,93521.24
14176,4744,115,2,59569.63,15,101268.37
14177,4745,35,1,79232.66,5,75271.03
14178,4746,101,4,41990.85,20,134370.72
14179,4746,78,3,77308.58,10,208733.17
14180,4747,68,2,36184.21,15,61513.16
14181,4747,111,2,39015.4,10,70227.72
14182,4747,110,3,99175.28,10,267773.26
14183,4747,37,2,11659.77,20,18655.63
14184,4748,116,3,58762.22,5,167472.33
14185,4748,93,4,93446.13,0,373784.52
14186,4748,10,3,40072.41,0,120217.23
14187,4748,18,1,702.11,0,702.11
14188,4748,21,2,52040.04,5,98876.08
14189,4749,8,3,42461.96,0,127385.88
14190,4750,23,3,79774.8,20,191459.52
14191,4750,119,3,1713.06,0,5139.18
14192,4750,66,1,113554.41,0,113554.41
14193,4750,26,4,83816.41,15,284975.79
14194,4750,18,1,702.11,5,667.0
14195,4751,102,4,8740.33,20,27969.06
14196,4751,39,4,18108.8,15,61569.92
14197,4752,89,4,18709.69,5,71096.82
14198,4753,78,1,77308.58,15,65712.29
14199,4753,101,3,41990.85,15,107076.67
14200,4753,4,3,98554.1,5,280879.19
14201,4753,92,4,20550.8,5,78093.04
14202,4754,110,1,99175.28,0,99175.28
14203,4754,94,2,13417.8,10,24152.04
14204,4754,59,3,28521.98,20,68452.75
14205,4754,25,2,80193.7,10,144348.66
14206,4754,13,4,13454.1,15,45743.94
14207,4755,21,1,52040.04,10,46836.04
14208,4755,117,4,41170.49,0,164681.96
14209,4756,80,1,39618.64,10,35656.78
14210,4756,91,4,56071.56,0,224286.24
14211,4757,18,1,702.11,0,702.11
14212,4757,37,4,11659.77,20,37311.26
14213,4757,105,4,76452.42,0,305809.68
14214,4757,100,4,95649.15,20,306077.28
14215,4758,63,1,49208.12,0,49208.12
14216,4758,58,3,53064.77,5,151234.59
14217,4759,109,2,93069.65,5,176832.33
14218,4760,50,1,118553.15,20,94842.52
14219,4760,23,4,79774.8,20,255279.36
14220,4761,50,4,118553.15,15,403080.71
14221,4761,12,1,69880.47,20,55904.38
14222,4761,103,4,2011.93,20,6438.18
14223,4761,97,4,9581.58,20,30661.06
14224,4762,97,3,9581.58,0,28744.74
14225,4763,57,2,58409.34,5,110977.75
14226,4764,104,3,13111.9,0,39335.7
14227,4765,59,1,28521.98,15,24243.68
14228,4765,29,4,74054.03,5,281405.31
14229,4766,54,3,53786.68,0,161360.04
14230,4766,95,3,69307.71,10,187130.82
14231,4766,12,3,69880.47,0,209641.41
14232,4766,106,2,85023.38,0,170046.76
14233,4766,58,4,53064.77,0,212259.08
14234,4767,80,4,39618.64,15,134703.38
14235,4767,87,1,90630.87,10,81567.78
14236,4767,109,2,93069.65,15,158218.4
14237,4768,92,1,20550.8,20,16440.64
14238,4768,73,4,80430.4,20,257377.28
14239,4769,117,2,41170.49,15,69989.83
14240,4770,63,3,49208.12,5,140243.14
14241,4770,41,2,54922.23,15,93367.79
14242,4770,49,4,16434.02,15,55875.67
14243,4770,85,2,119988.99,5,227979.08
14244,4771,4,3,98554.1,5,280879.19
14245,4771,12,2,69880.47,10,125784.85
14246,4772,5,1,27139.36,15,23068.46
14247,4772,119,2,1713.06,15,2912.2
14248,4772,59,4,28521.98,15,96974.73
14249,4773,33,1,53293.43,15,45299.42
14250,4773,16,4,46530.85,15,158204.89
14251,4773,30,1,65978.5,5,62679.57
14252,4773,11,4,105306.09,5,400163.14
14253,4774,1,1,46213.74,10,41592.37
14254,4774,77,1,67944.84,15,57753.11
14255,4774,76,1,3722.49,0,3722.49
14256,4774,7,4,8795.78,10,31664.81
14257,4775,108,2,74101.53,15,125972.6
14258,4775,28,2,81439.49,5,154735.03
14259,4775,88,4,24323.6,10,87564.96
14260,4775,101,1,41990.85,10,37791.76
14261,4776,2,3,56747.46,15,144706.02
14262,4776,21,2,52040.04,10,93672.07
14263,4776,62,1,84917.09,15,72179.53
14264,4776,72,2,58534.22,15,99508.17
14265,4777,103,2,2011.93,5,3822.67
14266,4778,40,4,118080.35,15,401473.19
14267,4778,6,3,48116.68,0,144350.04
14268,4778,95,3,69307.71,20,166338.5
14269,4778,3,4,110255.0,15,374867.0
14270,4779,108,3,74101.53,0,222304.59
14271,4779,13,4,13454.1,10,48434.76
14272,4779,41,4,54922.23,15,186735.58
14273,4780,13,1,13454.1,20,10763.28
14274,4780,39,4,18108.8,10,65191.68
14275,4781,11,4,105306.09,0,421224.36
14276,4781,76,1,3722.49,5,3536.37
14277,4781,10,2,40072.41,5,76137.58
14278,4782,21,2,52040.04,10,93672.07
14279,4782,54,1,53786.68,15,45718.68
14280,4782,49,1,16434.02,10,14790.62
14281,4782,18,1,702.11,20,561.69
14282,4782,39,4,18108.8,10,65191.68
14283,4783,89,1,18709.69,20,14967.75
14284,4784,12,2,69880.47,20,111808.75
14285,4784,22,4,110532.12,15,375809.21
14286,4784,117,4,41170.49,0,164681.96
14287,4785,73,2,80430.4,20,128688.64
14288,4785,38,1,80899.08,10,72809.17
14289,4785,85,1,119988.99,20,95991.19
14290,4785,9,1,81702.42,20,65361.94
14291,4786,41,3,54922.23,15,140051.69
14292,4786,94,1,13417.8,10,12076.02
14293,4787,94,2,13417.8,0,26835.6
14294,4788,16,4,46530.85,15,158204.89
14295,4788,22,4,110532.12,5,420022.06
14296,4788,111,1,39015.4,15,33163.09
14297,4789,91,2,56071.56,20,89714.5
14298,4790,82,2,33751.67,0,67503.34
14299,4791,112,2,33831.93,15,57514.28
14300,4791,102,4,8740.33,0,34961.32
14301,4791,33,3,53293.43,0,159880.29
14302,4792,53,1,51495.52,20,41196.42
14303,4792,38,1,80899.08,10,72809.17
14304,4792,94,3,13417.8,5,38240.73
14305,4792,56,4,100863.62,0,403454.48
14306,4793,36,4,79830.53,5,303356.01
14307,4793,13,1,13454.1,0,13454.1
14308,4793,111,2,39015.4,5,74129.26
14309,4793,26,2,83816.41,0,167632.82
14310,4794,78,3,77308.58,10,208733.17
14311,4794,41,3,54922.23,20,131813.35
14312,4795,5,4,27139.36,5,103129.57
14313,4795,106,3,85023.38,10,229563.13
14314,4795,8,2,42461.96,5,80677.72
14315,4795,45,1,93521.24,20,74816.99
14316,4796,23,3,79774.8,15,203425.74
14317,4796,79,1,22216.62,5,21105.79
14318,4796,88,4,24323.6,0,97294.4
14319,4796,32,3,72996.06,0,218988.18
14320,4797,16,2,46530.85,0,93061.7
14321,4797,103,4,2011.93,20,6438.18
14322,4798,109,1,93069.65,10,83762.68
14323,4798,88,3,24323.6,10,65673.72
14324,4798,42,4,23735.01,5,90193.04
14325,4798,58,2,53064.77,20,84903.63
14326,4799,9,4,81702.42,20,261447.74
14327,4799,95,3,69307.71,20,166338.5
14328,4799,37,1,11659.77,20,9327.82
14329,4799,107,3,88188.54,0,264565.62
14330,4799,44,1,78898.93,20,63119.14
14331,4800,50,4,118553.15,5,450501.97
14332,4800,108,3,74101.53,0,222304.59
14333,4801,31,2,34786.19,0,69572.38
14334,4802,96,4,47900.21,0,191600.84
14335,4802,54,4,53786.68,10,193632.05
14336,4802,71,1,58843.42,0,58843.42
14337,4802,84,1,2816.3,20,2253.04
14338,4802,72,1,58534.22,0,58534.22
14339,4803,23,3,79774.8,10,215391.96
14340,4803,37,1,11659.77,10,10493.79
14341,4804,12,1,69880.47,0,69880.47
14342,4804,57,2,58409.34,10,105136.81
14343,4804,104,4,13111.9,0,52447.6
14344,4804,113,3,90181.92,20,216436.61
14345,4804,10,2,40072.41,5,76137.58
14346,4805,63,4,49208.12,5,186990.86
14347,4805,48,4,110137.67,20,352440.54
14348,4805,8,3,42461.96,5,121016.59
14349,4806,84,3,2816.3,0,8448.9
14350,4806,88,1,24323.6,10,21891.24
14351,4806,118,2,84291.46,10,151724.63
14352,4806,119,4,1713.06,10,6167.02
14353,4806,30,1,65978.5,15,56081.72
14354,4807,38,4,80899.08,20,258877.06
14355,4807,8,4,42461.96,10,152863.06
14356,4807,97,1,9581.58,10,8623.42
14357,4808,98,2,12677.21,0,25354.42
14358,4808,108,1,74101.53,20,59281.22
14359,4808,32,2,72996.06,5,138692.51
14360,4808,118,3,84291.46,0,252874.38
14361,4809,63,4,49208.12,10,177149.23
14362,4809,31,2,34786.19,0,69572.38
14363,4809,15,1,72941.96,10,65647.76
14364,4809,91,2,56071.56,0,112143.12
14365,4810,74,4,87039.67,0,348158.68
14366,4811,81,4,40831.32,20,130660.22
14367,4811,109,4,93069.65,5,353664.67
14368,4812,112,4,33831.93,10,121794.95
14369,4812,46,3,96591.13,5,275284.72
14370,4812,49,4,16434.02,15,55875.67
14371,4812,98,1,12677.21,20,10141.77
14372,4813,9,2,81702.42,0,163404.84
14373,4813,56,2,100863.62,0,201727.24
14374,4813,4,1,98554.1,10,88698.69
14375,4814,32,2,72996.06,15,124093.3
14376,4815,47,2,56013.71,5,106426.05
14377,4815,48,4,110137.67,0,440550.68
14378,4816,86,1,78192.22,10,70373.0
14379,4817,66,3,113554.41,10,306596.91
14380,4817,108,2,74101.53,20,118562.45
14381,4817,25,1,80193.7,5,76184.01
14382,4817,17,1,30939.34,15,26298.44
14383,4818,72,4,58534.22,20,187309.5
14384,4818,75,4,110385.22,0,441540.88
14385,4818,117,1,41170.49,15,34994.92
14386,4818,29,2,74054.03,0,148108.06
14387,4818,95,3,69307.71,0,207923.13
14388,4819,41,3,54922.23,5,156528.36
14389,4820,75,2,110385.22,15,187654.87
14390,4820,24,2,108055.6,10,194500.08
14391,4820,29,3,74054.03,10,199945.88
14392,4821,55,3,54283.34,5,154707.52
14393,4821,84,2,2816.3,5,5350.97
14394,4821,36,3,79830.53,5,227517.01
14395,4821,80,4,39618.64,15,134703.38
14396,4822,37,3,11659.77,0,34979.31
14397,4822,71,3,58843.42,10,158877.23
14398,4822,33,3,53293.43,15,135898.25
14399,4822,31,2,34786.19,15,59136.52
14400,4823,70,1,96084.25,20,76867.4
14401,4823,65,1,47042.48,5,44690.36
14402,4823,44,3,78898.93,15,201192.27
14403,4824,28,1,81439.49,0,81439.49
14404,4824,91,1,56071.56,5,53267.98
14405,4824,78,1,77308.58,20,61846.86
14406,4825,13,4,13454.1,15,45743.94
14407,4825,115,2,59569.63,10,107225.33
14408,4825,118,1,84291.46,20,67433.17
14409,4825,116,4,58762.22,5,223296.44
14410,4826,67,1,45955.53,5,43657.75
14411,4826,82,4,33751.67,10,121506.01
14412,4826,105,2,76452.42,20,122323.87
14413,4826,32,1,72996.06,0,72996.06
14414,4826,28,1,81439.49,15,69223.57
14415,4827,5,2,27139.36,20,43422.98
14416,4827,36,1,79830.53,0,79830.53
14417,4827,101,4,41990.85,15,142768.89
14418,4828,19,2,64845.01,5,123205.52
14419,4828,113,2,90181.92,15,153309.26
14420,4829,90,2,80500.33,0,161000.66
14421,4829,120,3,10730.75,10,28973.03
14422,4829,116,3,58762.22,0,176286.66
14423,4830,85,1,119988.99,15,101990.64
14424,4830,83,4,30646.45,5,116456.51
14425,4831,78,4,77308.58,15,262849.17
14426,4832,99,1,102110.04,20,81688.03
14427,4832,5,3,27139.36,0,81418.08
14428,4833,66,2,113554.41,0,227108.82
14429,4833,42,4,23735.01,20,75952.03
14430,4833,76,3,3722.49,20,8933.98
14431,4834,70,4,96084.25,15,326686.45
14432,4834,51,4,114029.73,15,387701.08
14433,4835,106,1,85023.38,5,80772.21
14434,4835,19,4,64845.01,15,220473.03
14435,4835,72,1,58534.22,20,46827.38
14436,4835,107,3,88188.54,15,224880.78
14437,4836,68,3,36184.21,20,86842.1
14438,4836,19,4,64845.01,0,259380.04
14439,4836,23,2,79774.8,10,143594.64
14440,4836,26,1,83816.41,15,71243.95
14441,4837,40,4,118080.35,15,401473.19
14442,4837,10,4,40072.41,10,144260.68
14443,4837,35,3,79232.66,20,190158.38
14444,4838,97,1,9581.58,20,7665.26
14445,4838,93,2,93446.13,5,177547.65
14446,4838,1,1,46213.74,15,39281.68
14447,4838,70,4,96084.25,10,345903.3
14448,4838,75,3,110385.22,20,264924.53
14449,4839,77,2,67944.84,10,122300.71
14450,4839,9,3,81702.42,5,232851.9
14451,4840,119,4,1713.06,0,6852.24
14452,4840,26,2,83816.41,15,142487.9
14453,4840,94,4,13417.8,0,53671.2
14454,4840,61,2,18524.26,5,35196.09
14455,4841,26,2,83816.41,20,134106.26
14456,4842,3,2,110255.0,5,209484.5
14457,4842,38,4,80899.08,5,307416.5
14458,4842,65,1,47042.48,15,39986.11
14459,4842,88,3,24323.6,0,72970.8
14460,4843,103,4,2011.93,20,6438.18
14461,4843,66,3,113554.41,0,340663.23
14462,4843,67,2,45955.53,0,91911.06
14463,4843,2,1,56747.46,10,51072.71
14464,4843,87,2,90630.87,20,145009.39
14465,4844,95,3,69307.71,15,176734.66
14466,4844,27,1,23424.89,0,23424.89
14467,4844,69,4,64817.36,20,207415.55
14468,4844,49,1,16434.02,5,15612.32
14469,4845,66,2,113554.41,5,215753.38
14470,4845,115,1,59569.63,15,50634.19
14471,4845,79,2,22216.62,15,37768.25
14472,4846,109,2,93069.65,20,148911.44
14473,4846,17,2,30939.34,0,61878.68
14474,4846,31,4,34786.19,15,118273.05
14475,4846,116,2,58762.22,20,94019.55
14476,4847,83,1,30646.45,20,24517.16
14477,4847,63,3,49208.12,0,147624.36
14478,4847,112,3,33831.93,0,101495.79
14479,4848,82,1,33751.67,5,32064.09
14480,4849,110,2,99175.28,20,158680.45
14481,4850,7,2,8795.78,15,14952.83
14482,4850,64,1,50185.02,15,42657.27
14483,4851,13,3,13454.1,15,34307.96
14484,4851,19,1,64845.01,5,61602.76
14485,4851,81,2,40831.32,5,77579.51
14486,4851,118,1,84291.46,15,71647.74
14487,4852,52,1,73711.95,0,73711.95
14488,4852,31,3,34786.19,0,104358.57
14489,4852,115,2,59569.63,0,119139.26
14490,4853,59,4,28521.98,0,114087.92
14491,4853,108,4,74101.53,15,251945.2
14492,4854,29,3,74054.03,10,199945.88
14493,4854,36,2,79830.53,5,151678.01
14494,4855,119,4,1713.06,5,6509.63
14495,4856,44,4,78898.93,15,268256.36
14496,4856,57,2,58409.34,0,116818.68
14497,4856,107,3,88188.54,0,264565.62
14498,4856,3,4,110255.0,5,418969.0
14499,4857,117,1,41170.49,15,34994.92
14500,4858,37,2,11659.77,0,23319.54
14501,4858,42,1,23735.01,20,18988.01
14502,4858,44,3,78898.93,0,236696.79
14503,4858,65,2,47042.48,10,84676.46
14504,4859,43,1,59578.07,20,47662.46
14505,4859,32,2,72996.06,5,138692.51
14506,4859,101,4,41990.85,20,134370.72
14507,4859,60,2,107216.71,5,203711.75
14508,4860,108,3,74101.53,5,211189.36
14509,4860,4,3,98554.1,5,280879.19
14510,4860,77,3,67944.84,0,203834.52
14511,4860,71,4,58843.42,0,235373.68
14512,4861,16,3,46530.85,10,125633.29
14513,4861,48,2,110137.67,10,198247.81
14514,4862,98,1,12677.21,15,10775.63
14515,4863,85,2,119988.99,15,203981.28
14516,4864,100,4,95649.15,20,306077.28
14517,4864,117,4,41170.49,15,139979.67
14518,4864,50,1,118553.15,5,112625.49
14519,4864,61,3,18524.26,20,44458.22
14520,4864,35,2,79232.66,0,158465.32
14521,4865,57,1,58409.34,20,46727.47
14522,4865,40,3,118080.35,15,301104.89
14523,4865,74,3,87039.67,15,221951.16
14524,4866,74,2,87039.67,5,165375.37
14525,4866,89,3,18709.69,15,47709.71
14526,4866,49,4,16434.02,5,62449.28
14527,4866,33,1,53293.43,20,42634.74
14528,4866,31,1,34786.19,10,31307.57
14529,4867,50,3,118553.15,5,337876.48
14530,4867,26,1,83816.41,20,67053.13
14531,4868,15,3,72941.96,5,207884.59
14532,4869,105,2,76452.42,5,145259.6
14533,4869,79,3,22216.62,15,56652.38
14534,4869,57,1,58409.34,10,52568.41
14535,4869,31,2,34786.19,10,62615.14
14536,4869,95,4,69307.71,15,235646.21
14537,4870,100,1,95649.15,20,76519.32
14538,4870,23,3,79774.8,20,191459.52
14539,4870,108,3,74101.53,0,222304.59
14540,4870,67,4,45955.53,5,174631.01
14541,4871,46,3,96591.13,15,246307.38
14542,4871,81,4,40831.32,15,138826.49
14543,4871,58,3,53064.77,20,127355.45
14544,4871,90,4,80500.33,0,322001.32
14545,4871,28,1,81439.49,10,73295.54
14546,4872,6,3,48116.68,10,129915.04
14547,4872,80,4,39618.64,15,134703.38
14548,4872,117,2,41170.49,0,82340.98
14549,4872,93,1,93446.13,10,84101.52
14550,4873,71,4,58843.42,10,211836.31
14551,4874,63,1,49208.12,5,46747.71
14552,4874,53,3,51495.52,10,139037.9
14553,4874,58,1,53064.77,0,53064.77
14554,4874,90,3,80500.33,5,229425.94
14555,4875,115,4,59569.63,5,226364.59
14556,4875,50,1,118553.15,15,100770.18
14557,4876,120,4,10730.75,15,36484.55
14558,4876,2,3,56747.46,10,153218.14
14559,4876,106,1,85023.38,15,72269.87
14560,4876,73,1,80430.4,15,68365.84
14561,4877,43,4,59578.07,10,214481.05
14562,4877,89,4,18709.69,15,63612.95
14563,4877,81,1,40831.32,0,40831.32
14564,4878,45,1,93521.24,10,84169.12
14565,4878,120,1,10730.75,15,9121.14
14566,4878,32,3,72996.06,5,208038.77
14567,4879,110,3,99175.28,20,238020.67
14568,4879,2,2,56747.46,5,107820.17
14569,4879,61,3,18524.26,20,44458.22
14570,4879,84,2,2816.3,10,5069.34
14571,4880,89,1,18709.69,0,18709.69
14572,4880,20,4,88576.0,0,354304.0
14573,4881,70,4,96084.25,20,307469.6
14574,4882,99,3,102110.04,10,275697.11
14575,4882,34,4,61585.29,0,246341.16
14576,4882,25,2,80193.7,20,128309.92
14577,4883,113,3,90181.92,20,216436.61
14578,4883,68,1,36184.21,20,28947.37
14579,4883,60,2,107216.71,0,214433.42
14580,4883,101,4,41990.85,5,159565.23
14581,4883,1,2,46213.74,5,87806.11
14582,4884,54,3,53786.68,10,145224.04
14583,4884,18,1,702.11,10,631.9
14584,4884,25,2,80193.7,20,128309.92
14585,4884,108,2,74101.53,5,140792.91
14586,4884,32,2,72996.06,5,138692.51
14587,4885,42,2,23735.01,20,37976.02
14588,4886,2,3,56747.46,10,153218.14
14589,4886,42,4,23735.01,15,80699.03
14590,4886,79,3,22216.62,15,56652.38
14591,4886,43,3,59578.07,5,169797.5
14592,4886,9,2,81702.42,15,138894.11
14593,4887,36,4,79830.53,0,319322.12
14594,4888,78,2,77308.58,20,123693.73
14595,4889,63,2,49208.12,20,78732.99
14596,4889,99,1,102110.04,10,91899.04
14597,4889,78,4,77308.58,0,309234.32
14598,4889,74,1,87039.67,5,82687.69
14599,4890,14,4,87561.13,20,280195.62
14600,4890,76,4,3722.49,0,14889.96
14601,4890,115,3,59569.63,15,151902.56
14602,4890,13,4,13454.1,5,51125.58
14603,4890,95,1,69307.71,0,69307.71
14604,4891,106,2,85023.38,10,153042.08
14605,4891,111,3,39015.4,15,99489.27
14606,4892,10,2,40072.41,20,64115.86
14607,4892,15,4,72941.96,20,233414.27
14608,4893,102,3,8740.33,15,22287.84
14609,4893,40,2,118080.35,10,212544.63
14610,4893,11,1,105306.09,15,89510.18
14611,4893,89,3,18709.69,20,44903.26
14612,4893,97,3,9581.58,10,25870.27
14613,4894,45,2,93521.24,10,168338.23
14614,4895,115,2,59569.63,0,119139.26
14615,4895,106,1,85023.38,0,85023.38
14616,4896,76,1,3722.49,15,3164.12
14617,4896,86,2,78192.22,15,132926.77
14618,4897,94,1,13417.8,15,11405.13
14619,4897,74,1,87039.67,5,82687.69
14620,4897,76,4,3722.49,0,14889.96
14621,4898,94,4,13417.8,5,50987.64
14622,4898,18,4,702.11,0,2808.44
14623,4899,44,1,78898.93,15,67064.09
14624,4899,68,1,36184.21,0,36184.21
14625,4900,83,3,30646.45,5,87342.38
14626,4900,69,1,64817.36,0,64817.36
14627,4900,28,2,81439.49,10,146591.08
14628,4900,47,4,56013.71,20,179243.87
14629,4901,59,4,28521.98,20,91270.34
14630,4901,75,3,110385.22,5,314597.88
14631,4901,73,1,80430.4,10,72387.36
14632,4902,40,1,118080.35,15,100368.3
14633,4902,56,3,100863.62,5,287461.32
14634,4902,45,1,93521.24,5,88845.18
14635,4902,44,1,78898.93,0,78898.93
14636,4903,18,3,702.11,5,2001.01
14637,4903,107,2,88188.54,10,158739.37
14638,4903,3,4,110255.0,0,441020.0
14639,4904,52,2,73711.95,10,132681.51
14640,4904,62,3,84917.09,0,254751.27
14641,4905,115,4,59569.63,10,214450.67
14642,4905,95,2,69307.71,0,138615.42
14643,4905,89,2,18709.69,5,35548.41
14644,4906,17,1,30939.34,5,29392.37
14645,4907,64,4,50185.02,20,160592.06
14646,4907,15,4,72941.96,5,277179.45
14647,4907,83,1,30646.45,20,24517.16
14648,4908,33,2,53293.43,5,101257.52
14649,4908,72,3,58534.22,20,140482.13
14650,4909,58,3,53064.77,0,159194.31
14651,4910,29,1,74054.03,15,62945.93
14652,4911,93,4,93446.13,20,299027.62
14653,4911,2,1,56747.46,0,56747.46
14654,4911,86,2,78192.22,0,156384.44
14655,4912,86,3,78192.22,15,199390.16
14656,4913,72,2,58534.22,15,99508.17
14657,4913,65,2,47042.48,0,94084.96
14658,4913,43,2,59578.07,0,119156.14
14659,4913,114,3,80348.52,0,241045.56
14660,4913,2,1,56747.46,20,45397.97
14661,4914,54,4,53786.68,5,204389.38
14662,4914,21,3,52040.04,5,148314.11
14663,4914,8,2,42461.96,5,80677.72
14664,4915,54,3,53786.68,5,153292.04
14665,4915,109,2,93069.65,20,148911.44
14666,4915,65,1,47042.48,10,42338.23
14667,4915,19,3,64845.01,15,165354.78
14668,4916,46,2,96591.13,10,173864.03
14669,4916,41,1,54922.23,15,46683.9
14670,4916,31,3,34786.19,10,93922.71
14671,4916,101,1,41990.85,5,39891.31
14672,4917,74,2,87039.67,0,174079.34
14673,4917,63,2,49208.12,5,93495.43
14674,4918,85,2,119988.99,5,227979.08
14675,4919,102,4,8740.33,0,34961.32
14676,4919,8,1,42461.96,10,38215.76
14677,4919,87,2,90630.87,0,181261.74
14678,4919,24,4,108055.6,0,432222.4
14679,4920,117,4,41170.49,10,148213.76
14680,4920,85,2,119988.99,5,227979.08
14681,4920,89,2,18709.69,20,29935.5
14682,4920,64,4,50185.02,5,190703.08
14683,4920,61,4,18524.26,15,62982.48
14684,4921,21,1,52040.04,10,46836.04
14685,4921,110,2,99175.28,15,168597.98
14686,4921,22,1,110532.12,15,93952.3
14687,4921,66,3,113554.41,5,323630.07
14688,4922,11,1,105306.09,15,89510.18
14689,4922,67,3,45955.53,10,124079.93
14690,4922,7,3,8795.78,5,25067.97
14691,4922,74,4,87039.67,10,313342.81
14692,4922,113,2,90181.92,15,153309.26
14693,4923,29,4,74054.03,5,281405.31
14694,4923,109,4,93069.65,10,335050.74
14695,4924,32,2,72996.06,0,145992.12
14696,4925,92,4,20550.8,20,65762.56
14697,4925,42,4,23735.01,5,90193.04
14698,4925,58,2,53064.77,0,106129.54
14699,4925,10,1,40072.41,0,40072.41
14700,4926,37,1,11659.77,5,11076.78
14701,4926,67,1,45955.53,15,39062.2
14702,4926,63,1,49208.12,15,41826.9
14703,4927,79,3,22216.62,5,63317.37
14704,4927,24,2,108055.6,15,183694.52
14705,4927,32,2,72996.06,15,124093.3
14706,4927,19,2,64845.01,5,123205.52
14707,4928,90,4,80500.33,5,305901.25
14708,4929,23,1,79774.8,20,63819.84
14709,4929,91,4,56071.56,5,213071.93
14710,4929,84,3,2816.3,5,8026.46
14711,4930,63,2,49208.12,10,88574.62
14712,4930,37,1,11659.77,20,9327.82
14713,4930,24,2,108055.6,10,194500.08
14714,4930,18,2,702.11,15,1193.59
14715,4930,33,2,53293.43,15,90598.83
14716,4931,117,1,41170.49,10,37053.44
14717,4932,63,4,49208.12,15,167307.61
14718,4932,101,3,41990.85,15,107076.67
14719,4932,113,4,90181.92,20,288582.14
14720,4932,22,1,110532.12,15,93952.3
14721,4933,14,4,87561.13,10,315220.07
14722,4933,59,3,28521.98,0,85565.94
14723,4933,66,2,113554.41,15,193042.5
14724,4933,3,3,110255.0,15,281150.25
14725,4934,102,2,8740.33,0,17480.66
14726,4934,20,4,88576.0,15,301158.4
14727,4934,6,3,48116.68,15,122697.53
14728,4935,39,3,18108.8,10,48893.76
14729,4935,30,4,65978.5,15,224326.9
14730,4936,53,4,51495.52,0,205982.08
14731,4936,87,2,90630.87,0,181261.74
14732,4936,32,3,72996.06,10,197089.36
14733,4936,58,4,53064.77,15,180420.22
14734,4937,118,4,84291.46,20,269732.67
14735,4937,104,2,13111.9,10,23601.42
14736,4937,4,1,98554.1,20,78843.28
14737,4938,102,2,8740.33,15,14858.56
14738,4938,103,1,2011.93,5,1911.33
14739,4938,23,4,79774.8,5,303144.24
14740,4939,29,3,74054.03,0,222162.09
14741,4939,116,2,58762.22,15,99895.77
14742,4939,26,4,83816.41,5,318502.36
14743,4939,72,4,58534.22,5,222430.04
14744,4939,31,1,34786.19,10,31307.57
14745,4940,68,3,36184.21,0,108552.63
14746,4940,109,2,93069.65,0,186139.3
14747,4940,41,1,54922.23,0,54922.23
14748,4940,11,1,105306.09,15,89510.18
14749,4941,59,3,28521.98,15,72731.05
14750,4941,120,4,10730.75,0,42923.0
14751,4942,99,3,102110.04,0,306330.12
14752,4942,25,1,80193.7,20,64154.96
14753,4942,65,1,47042.48,0,47042.48
14754,4942,112,1,33831.93,10,30448.74
14755,4943,93,4,93446.13,0,373784.52
14756,4943,53,4,51495.52,15,175084.77
14757,4943,62,3,84917.09,10,229276.14
14758,4943,67,2,45955.53,5,87315.51
14759,4944,57,2,58409.34,0,116818.68
14760,4944,52,1,73711.95,15,62655.16
14761,4944,4,4,98554.1,15,335083.94
14762,4945,35,3,79232.66,0,237697.98
14763,4946,59,2,28521.98,0,57043.96
14764,4946,97,2,9581.58,10,17246.84
14765,4947,107,4,88188.54,15,299841.04
14766,4947,46,1,96591.13,0,96591.13
14767,4947,44,3,78898.93,15,201192.27
14768,4947,40,3,118080.35,20,283392.84
14769,4948,5,1,27139.36,15,23068.46
14770,4948,25,2,80193.7,20,128309.92
14771,4948,36,4,79830.53,0,319322.12
14772,4948,13,1,13454.1,0,13454.1
14773,4949,111,4,39015.4,20,124849.28
14774,4949,101,1,41990.85,0,41990.85
14775,4950,85,4,119988.99,5,455958.16
14776,4950,103,3,2011.93,0,6035.79
14777,4950,37,3,11659.77,10,31481.38
14778,4950,11,4,105306.09,10,379101.92
14779,4950,77,4,67944.84,20,217423.49
14780,4951,99,2,102110.04,20,163376.06
14781,4952,68,2,36184.21,5,68750.0
14782,4952,78,3,77308.58,15,197136.88
14783,4953,52,2,73711.95,15,125310.31
14784,4953,31,4,34786.19,20,111315.81
14785,4953,13,3,13454.1,15,34307.96
14786,4953,70,4,96084.25,20,307469.6
14787,4953,84,4,2816.3,15,9575.42
14788,4954,50,1,118553.15,20,94842.52
14789,4954,69,3,64817.36,20,155561.66
14790,4954,67,4,45955.53,15,156248.8
14791,4955,68,4,36184.21,10,130263.16
14792,4955,61,1,18524.26,0,18524.26
14793,4955,71,1,58843.42,10,52959.08
14794,4956,119,1,1713.06,5,1627.41
14795,4956,39,2,18108.8,0,36217.6
14796,4956,16,3,46530.85,20,111674.04
14797,4956,95,2,69307.71,10,124753.88
14798,4957,45,4,93521.24,5,355380.71
14799,4957,18,4,702.11,5,2668.02
14800,4958,91,4,56071.56,5,213071.93
14801,4958,89,3,18709.69,0,56129.07
14802,4958,59,1,28521.98,15,24243.68
14803,4958,5,2,27139.36,15,46136.91
14804,4959,102,1,8740.33,15,7429.28
14805,4959,42,2,23735.01,5,45096.52
14806,4959,117,2,41170.49,5,78223.93
14807,4959,56,2,100863.62,15,171468.15
14808,4959,90,4,80500.33,5,305901.25
14809,4960,97,4,9581.58,5,36410.0
14810,4961,22,2,110532.12,0,221064.24
14811,4961,23,4,79774.8,10,287189.28
14812,4961,15,1,72941.96,20,58353.57
14813,4961,51,2,114029.73,20,182447.57
14814,4962,92,3,20550.8,10,55487.16
14815,4962,43,4,59578.07,20,190649.82
14816,4962,69,2,64817.36,5,123152.98
14817,4962,51,2,114029.73,15,193850.54
14818,4962,32,4,72996.06,5,277385.03
14819,4963,17,4,30939.34,5,117569.49
14820,4963,85,2,119988.99,20,191982.38
14821,4963,50,1,118553.15,5,112625.49
14822,4964,8,4,42461.96,0,169847.84
14823,4964,81,2,40831.32,0,81662.64
14824,4964,100,3,95649.15,0,286947.45
14825,4964,106,4,85023.38,5,323088.84
14826,4965,71,3,58843.42,10,158877.23
14827,4965,12,3,69880.47,20,167713.13
14828,4966,72,2,58534.22,10,105361.6
14829,4966,74,1,87039.67,15,73983.72
14830,4966,57,4,58409.34,0,233637.36
14831,4967,75,1,110385.22,5,104865.96
14832,4968,2,2,56747.46,5,107820.17
14833,4968,90,3,80500.33,20,193200.79
14834,4968,11,2,105306.09,5,200081.57
14835,4968,43,2,59578.07,15,101282.72
14836,4968,87,3,90630.87,0,271892.61
14837,4969,40,2,118080.35,15,200736.6
14838,4969,84,3,2816.3,10,7604.01
14839,4969,101,1,41990.85,5,39891.31
14840,4969,69,1,64817.36,0,64817.36
14841,4969,79,4,22216.62,15,75536.51
14842,4970,49,1,16434.02,15,13968.92
14843,4971,61,4,18524.26,5,70392.19
14844,4971,18,2,702.11,10,1263.8
14845,4971,53,1,51495.52,15,43771.19
14846,4972,71,4,58843.42,20,188298.94
14847,4972,54,4,53786.68,0,215146.72
14848,4973,79,4,22216.62,20,71093.18
14849,4973,87,2,90630.87,5,172198.65
14850,4973,113,4,90181.92,20,288582.14
14851,4973,27,3,23424.89,5,66760.94
14852,4973,14,3,87561.13,5,249549.22
14853,4974,29,2,74054.03,15,125891.85
14854,4974,117,4,41170.49,10,148213.76
14855,4974,46,4,96591.13,10,347728.07
14856,4974,104,2,13111.9,20,20979.04
14857,4975,51,1,114029.73,0,114029.73
14858,4975,16,3,46530.85,15,118653.67
14859,4976,116,3,58762.22,0,176286.66
14860,4977,58,4,53064.77,15,180420.22
14861,4977,14,3,87561.13,5,249549.22
14862,4978,108,3,74101.53,15,188958.9
14863,4978,34,2,61585.29,5,117012.05
14864,4978,11,4,105306.09,10,379101.92
14865,4979,13,3,13454.1,20,32289.84
14866,4979,80,4,39618.64,10,142627.1
14867,4979,110,4,99175.28,10,357031.01
14868,4979,75,1,110385.22,20,88308.18
14869,4979,91,3,56071.56,15,142982.48
14870,4980,24,3,108055.6,20,259333.44
14871,4980,83,4,30646.45,20,98068.64
14872,4981,18,2,702.11,20,1123.38
14873,4981,67,1,45955.53,20,36764.42
14874,4981,71,2,58843.42,5,111802.5
14875,4982,20,2,88576.0,20,141721.6
14876,4982,6,1,48116.68,10,43305.01
14877,4982,2,2,56747.46,15,96470.68
14878,4983,34,4,61585.29,0,246341.16
14879,4983,49,4,16434.02,20,52588.86
14880,4984,84,2,2816.3,0,5632.6
14881,4985,66,2,113554.41,5,215753.38
14882,4985,61,2,18524.26,5,35196.09
14883,4985,35,3,79232.66,10,213928.18
14884,4985,97,3,9581.58,15,24433.03
14885,4985,114,1,80348.52,0,80348.52
14886,4986,105,1,76452.42,15,64984.56
14887,4986,9,1,81702.42,10,73532.18
14888,4986,88,3,24323.6,10,65673.72
14889,4986,106,1,85023.38,10,76521.04
14890,4987,113,2,90181.92,5,171345.65
14891,4987,97,1,9581.58,20,7665.26
14892,4987,28,1,81439.49,15,69223.57
14893,4987,10,4,40072.41,0,160289.64
14894,4987,118,3,84291.46,20,202299.5
14895,4988,56,4,100863.62,15,342936.31
14896,4988,8,3,42461.96,0,127385.88
14897,4989,71,3,58843.42,10,158877.23
14898,4989,98,3,12677.21,0,38031.63
14899,4989,118,2,84291.46,20,134866.34
14900,4990,80,4,39618.64,15,134703.38
14901,4990,70,3,96084.25,20,230602.2
14902,4990,10,4,40072.41,5,152275.16
14903,4990,15,3,72941.96,20,175060.7
14904,4990,109,2,93069.65,5,176832.33
14905,4991,14,4,87561.13,10,315220.07
14906,4991,97,2,9581.58,5,18205.0
14907,4991,29,3,74054.03,10,199945.88
14908,4991,27,2,23424.89,5,44507.29
14909,4991,118,1,84291.46,20,67433.17
14910,4992,56,2,100863.62,20,161381.79
14911,4992,72,2,58534.22,10,105361.6
14912,4992,114,4,80348.52,15,273184.97
14913,4993,46,2,96591.13,0,193182.26
14914,4993,108,3,74101.53,10,200074.13
14915,4993,81,4,40831.32,5,155159.02
14916,4993,10,4,40072.41,15,136246.19
14917,4994,19,3,64845.01,10,175081.53
14918,4994,79,4,22216.62,5,84423.16
14919,4994,37,4,11659.77,5,44307.13
14920,4994,106,3,85023.38,10,229563.13
14921,4995,41,3,54922.23,20,131813.35
14922,4995,9,2,81702.42,5,155234.6
14923,4995,14,2,87561.13,15,148853.92
14924,4995,80,2,39618.64,20,63389.82
14925,4996,47,4,56013.71,15,190446.61
14926,4997,51,4,114029.73,15,387701.08
14927,4997,11,3,105306.09,0,315918.27
14928,4997,34,3,61585.29,0,184755.87
14929,4997,5,2,27139.36,15,46136.91
14930,4997,113,3,90181.92,0,270545.76
14931,4998,60,4,107216.71,5,407423.5
14932,4998,52,1,73711.95,10,66340.76
14933,4999,17,4,30939.34,0,123757.36
14934,4999,85,4,119988.99,20,383964.77
14935,5000,36,4,79830.53,20,255457.7
14936,5000,45,1,93521.24,20,74816.99
14937,5000,83,1,30646.45,10,27581.81
14938,5000,21,3,52040.04,10,140508.11
14939,5000,22,4,110532.12,0,442128.48
